{"timestamp":"2026-07-05T00:00:12.687Z","level":"INFO","service":"notification-service","message":"Sending order email confirmation notification"}
{"timestamp":"2026-07-05T00:00:49.332Z","level":"INFO","service":"cart-service","message":"Payment authorization token acquired"}
{"timestamp":"2026-07-05T00:01:11.048Z","level":"WARN","service":"user-service","message":"Database connection pool threshold reached (80%)"}
{"timestamp":"2026-07-05T00:01:32.312Z","level":"INFO","service":"cart-service","message":"User login credentials validated"}
{"timestamp":"2026-07-05T00:02:06.346Z","level":"INFO","service":"payment-service","message":"Sending order email confirmation notification"}
{"timestamp":"2026-07-05T00:02:15.114Z","level":"INFO","service":"payment-service","message":"Sending order email confirmation notification"}
{"timestamp":"2026-07-05T00:02:29.957Z","level":"INFO","service":"catalog-service","message":"User login credentials validated"}
{"timestamp":"2026-07-05T00:03:08.629Z","level":"INFO","service":"catalog-service","message":"User added item to shopping cart"}
{"timestamp":"2026-07-05T00:03:41.448Z","level":"INFO","service":"catalog-service","message":"Sending order email confirmation notification"}
{"timestamp":"2026-07-05T00:04:01.680Z","level":"INFO","service":"cart-service","message":"Cart session initialized"}
{"timestamp":"2026-07-05T00:04:37.173Z","level":"INFO","service":"user-service","message":"Sending order email confirmation notification"}
{"timestamp":"2026-07-05T00:05:17.551Z","level":"INFO","service":"catalog-service","message":"Cart session initialized"}
{"timestamp":"2026-07-05T00:05:26.919Z","level":"INFO","service":"catalog-service","message":"Payment authorization token acquired"}
{"timestamp":"2026-07-05T00:05:31.670Z","level":"INFO","service":"notification-service","message":"Fetched product catalog data successfully"}
{"timestamp":"2026-07-05T00:05:40.621Z","level":"INFO","service":"catalog-service","message":"Sending order email confirmation notification"}
{"timestamp":"2026-07-05T00:05:47.261Z","level":"INFO","service":"cart-service","message":"Sending order email confirmation notification"}
{"timestamp":"2026-07-05T00:05:54.395Z","level":"INFO","service":"notification-service","message":"Sending order email confirmation notification"}
{"timestamp":"2026-07-05T00:06:19.736Z","level":"ERROR","service":"notification-service","message":"Failed to retrieve exchange rate from external API provider","stack_trace":"java.io.IOException: connection reset by peer
\tat sun.net.www.http.HttpClient.parseHTTPHeader(HttpClient.java:712)
\tat sun.net.www.protocol.http.HttpURLConnection.getInputStream0(HttpURLConnection.java:1590) [req_ref: 0x1c13137]"}
{"timestamp":"2026-07-05T00:06:38.338Z","level":"INFO","service":"payment-service","message":"User login credentials validated"}
{"timestamp":"2026-07-05T00:06:43.036Z","level":"ERROR","service":"user-service","message":"Failed to retrieve exchange rate from external API provider","stack_trace":"java.io.IOException: connection reset by peer
\tat sun.net.www.http.HttpClient.parseHTTPHeader(HttpClient.java:712)
\tat sun.net.www.protocol.http.HttpURLConnection.getInputStream0(HttpURLConnection.java:1590) [req_ref: 0x1262729]"}
{"timestamp":"2026-07-05T00:07:13.451Z","level":"ERROR","service":"catalog-service","message":"Failed to retrieve exchange rate from external API provider","stack_trace":"java.io.IOException: connection reset by peer
\tat sun.net.www.http.HttpClient.parseHTTPHeader(HttpClient.java:712)
\tat sun.net.www.protocol.http.HttpURLConnection.getInputStream0(HttpURLConnection.java:1590) [req_ref: 0x2e38e72]"}
{"timestamp":"2026-07-05T00:07:22.862Z","level":"INFO","service":"catalog-service","message":"Payment authorization token acquired"}
{"timestamp":"2026-07-05T00:07:38.285Z","level":"INFO","service":"cart-service","message":"User login credentials validated"}
{"timestamp":"2026-07-05T00:08:06.267Z","level":"WARN","service":"cart-service","message":"Database connection pool threshold reached (80%)"}
{"timestamp":"2026-07-05T00:08:14.845Z","level":"INFO","service":"notification-service","message":"Sending order email confirmation notification"}
{"timestamp":"2026-07-05T00:08:53.900Z","level":"INFO","service":"cart-service","message":"User added item to shopping cart"}
{"timestamp":"2026-07-05T00:09:28.617Z","level":"INFO","service":"notification-service","message":"Sending order email confirmation notification"}
{"timestamp":"2026-07-05T00:10:01.721Z","level":"INFO","service":"notification-service","message":"User added item to shopping cart"}
{"timestamp":"2026-07-05T00:10:06.657Z","level":"INFO","service":"cart-service","message":"Sending order email confirmation notification"}
{"timestamp":"2026-07-05T00:10:18.150Z","level":"WARN","service":"notification-service","message":"Slow query detected on order history catalog lookup"}
{"timestamp":"2026-07-05T00:10:55.524Z","level":"ERROR","service":"cart-service","message":"Failed to retrieve exchange rate from external API provider","stack_trace":"java.io.IOException: connection reset by peer
\tat sun.net.www.http.HttpClient.parseHTTPHeader(HttpClient.java:712)
\tat sun.net.www.protocol.http.HttpURLConnection.getInputStream0(HttpURLConnection.java:1590) [req_ref: 0x3af1bde]"}
{"timestamp":"2026-07-05T00:11:27.600Z","level":"ERROR","service":"notification-service","message":"Failed to retrieve exchange rate from external API provider","stack_trace":"java.io.IOException: connection reset by peer
\tat sun.net.www.http.HttpClient.parseHTTPHeader(HttpClient.java:712)
\tat sun.net.www.protocol.http.HttpURLConnection.getInputStream0(HttpURLConnection.java:1590) [req_ref: 0x1d60900]"}
{"timestamp":"2026-07-05T00:11:35.313Z","level":"WARN","service":"cart-service","message":"Slow query detected on order history catalog lookup"}
{"timestamp":"2026-07-05T00:11:48.857Z","level":"INFO","service":"catalog-service","message":"User added item to shopping cart"}
{"timestamp":"2026-07-05T00:12:10.859Z","level":"INFO","service":"catalog-service","message":"Cart session initialized"}
{"timestamp":"2026-07-05T00:12:31.385Z","level":"INFO","service":"payment-service","message":"Fetched product catalog data successfully"}
{"timestamp":"2026-07-05T00:12:41.882Z","level":"ERROR","service":"notification-service","message":"Failed to retrieve exchange rate from external API provider","stack_trace":"java.io.IOException: connection reset by peer
\tat sun.net.www.http.HttpClient.parseHTTPHeader(HttpClient.java:712)
\tat sun.net.www.protocol.http.HttpURLConnection.getInputStream0(HttpURLConnection.java:1590) [req_ref: 0x3a591b4]"}
{"timestamp":"2026-07-05T00:12:57.274Z","level":"INFO","service":"payment-service","message":"Sending order email confirmation notification"}
{"timestamp":"2026-07-05T00:13:37.664Z","level":"WARN","service":"payment-service","message":"Slow query detected on order history catalog lookup"}
{"timestamp":"2026-07-05T00:13:52.533Z","level":"INFO","service":"payment-service","message":"Sending order email confirmation notification"}
{"timestamp":"2026-07-05T00:14:03.154Z","level":"ERROR","service":"user-service","message":"Failed to retrieve exchange rate from external API provider","stack_trace":"java.io.IOException: connection reset by peer
\tat sun.net.www.http.HttpClient.parseHTTPHeader(HttpClient.java:712)
\tat sun.net.www.protocol.http.HttpURLConnection.getInputStream0(HttpURLConnection.java:1590) [req_ref: 0x4988657]"
{"timestamp":"2026-07-05T00:14:18.966Z","level":"INFO","service":"notification-service","message":"Sending order email confirmation notification"}
{"timestamp":"2026-07-05T00:14:34.529Z","level":"INFO","service":"notification-service","message":"Fetched product catalog data successfully"}
{"timestamp":"2026-07-05T00:15:14.946Z","level":"INFO","service":"payment-service","message":"Cart session initialized"}
{"timestamp":"2026-07-05T00:15:28.124Z","level":"INFO","service":"user-service","message":"User added item to shopping cart"}
{"timestamp":"2026-07-05T00:15:33.189Z","level":"INFO","service":"payment-service","message":"Cart session initialized"}
{"timestamp":"2026-07-05T00:15:38.016Z","level":"ERROR","service":"user-service","message":"Failed to retrieve exchange rate from external API provider","stack_trace":"java.io.IOException: connection reset by peer
\tat sun.net.www.http.HttpClient.parseHTTPHeader(HttpClient.java:712)
\tat sun.net.www.protocol.http.HttpURLConnection.getInputStream0(HttpURLConnection.java:1590) [req_ref: 0x3aefe1d]"}
{"timestamp":"2026-07-05T00:16:07.117Z","level":"INFO","service":"user-service","message":"Fetched product catalog data successfully"}
{"timestamp":"2026-07-05T00:16:44.861Z","level":"ERROR","service":"notification-service","message":"Failed to retrieve exchange rate from external API provider","stack_trace":"java.io.IOException: connection reset by peer
\tat sun.net.www.http.HttpClient.parseHTTPHeader(HttpClient.java:712)
\tat sun.net.www.protocol.http.HttpURLConnection.getInputStream0(HttpURLConnection.java:1590) [req_ref: 0x4715c85]"}
{"timestamp":"2026-07-05T00:16:56.011Z","level":"INFO","service":"notification-service","message":"User added item to shopping cart"}
{"timestamp":"2026-07-05T00:17:19.193Z","level":"WARN","service":"cart-service","message":"Database connection pool threshold reached (80%)"}
{"timestamp":"2026-07-05T00:17:29.295Z","level":"INFO","service":"user-service","message":"Sending order email confirmation notification"}
{"timestamp":"2026-07-05T00:18:09.296Z","level":"INFO","service":"cart-service","message":"Sending order email confirmation notification"}
{"timestamp":"2026-07-05T00:18:19.603Z","level":"INFO","service":"notification-service","message":"Fetched product catalog data successfully"}
{"timestamp":"2026-07-05T00:18:54.282Z","level":"ERROR","service":"catalog-service","message":"Failed to retrieve exchange rate from external API provider","stack_trace":"java.io.IOException: connection reset by peer
\tat sun.net.www.http.HttpClient.parseHTTPHeader(HttpClient.java:712)
\tat sun.net.www.protocol.http.HttpURLConnection.getInputStream0(HttpURLConnection.java:1590) [req_ref: 0x5ba68de]"
{"timestamp":"2026-07-05T00:19:19.316Z","level":"INFO","service":"catalog-service","message":"Payment authorization token acquired"}
{"timestamp":"2026-07-05T00:19:30.035Z","level":"INFO","service":"user-service","message":"Sending order email confirmation notification"}
{"timestamp":"2026-07-05T00:19:36.468Z","level":"INFO","service":"catalog-service","message":"Cart session initialized"}
{"timestamp":"2026-07-05T00:19:41.378Z","level":"INFO","service":"cart-service","message":"Payment authorization token acquired"}
{"timestamp":"2026-07-05T00:20:10.448Z","level":"INFO","service":"user-service","message":"Payment authorization token acquired"}
{"timestamp":"2026-07-05T00:20:16.924Z","level":"WARN","service":"user-service","message":"Database connection pool threshold reached (80%)"}
{"timestamp":"2026-07-05T00:20:48.995Z","level":"WARN","service":"catalog-service","message":"Database connection pool threshold reached (80%)"}
{"timestamp":"2026-07-05T00:21:10.094Z","level":"INFO","service":"user-service","message":"Fetched product catalog data successfully"}
{"timestamp":"2026-07-05T00:21:40.938Z","level":"INFO","service":"cart-service","message":"User login credentials validated"}
{"timestamp":"2026-07-05T00:21:50.725Z","level":"INFO","service":"user-service","message":"Sending order email confirmation notification"}
{"timestamp":"2026-07-05T00:22:13.001Z","level":"ERROR","service":"catalog-service","message":"Failed to retrieve exchange rate from external API provider","stack_trace":"java.io.IOException: connection reset by peer
\tat sun.net.www.http.HttpClient.parseHTTPHeader(HttpClient.java:712)
\tat sun.net.www.protocol.http.HttpURLConnection.getInputStream0(HttpURLConnection.java:1590) [req_ref: 0x32fffa4]"
{"timestamp":"2026-07-05T00:22:35.790Z","level":"WARN","service":"notification-service","message":"Slow query detected on order history catalog lookup"}
{"timestamp":"2026-07-05T00:22:42.535Z","level":"INFO","service":"notification-service","message":"Fetched product catalog data successfully"}
{"timestamp":"2026-07-05T00:23:10.791Z","level":"INFO","service":"notification-service","message":"Sending order email confirmation notification"}
{"timestamp":"2026-07-05T00:23:42.429Z","level":"INFO","service":"notification-service","message":"Sending order email confirmation notification"}
{"timestamp":"2026-07-05T00:24:05.567Z","level":"WARN","service":"payment-service","message":"Database connection pool threshold reached (80%)"}
{"timestamp":"2026-07-05T00:24:44.743Z","level":"WARN","service":"notification-service","message":"Database connection pool threshold reached (80%)"}
{"timestamp":"2026-07-05T00:24:59.397Z","level":"WARN","service":"notification-service","message":"Slow query detected on order history catalog lookup"}
{"timestamp":"2026-07-05T00:25:04.540Z","level":"ERROR","service":"payment-service","message":"Failed to retrieve exchange rate from external API provider","stack_trace":"java.io.IOException: connection reset by peer
\tat sun.net.www.http.HttpClient.parseHTTPHeader(HttpClient.java:712)
\tat sun.net.www.protocol.http.HttpURLConnection.getInputStream0(HttpURLConnection.java:1590) [req_ref: 0x4104aa0]"}
{"timestamp":"2026-07-05T00:25:42.919Z","level":"INFO","service":"notification-service","message":"User added item to shopping cart"}
{"timestamp":"2026-07-05T00:26:17.541Z","level":"INFO","service":"catalog-service","message":"User added item to shopping cart"}
{"timestamp":"2026-07-05T00:26:45.031Z","level":"WARN","service":"cart-service","message":"Database connection pool threshold reached (80%)"}
{"timestamp":"2026-07-05T00:27:01.371Z","level":"INFO","service":"catalog-service","message":"User added item to shopping cart"}
{"timestamp":"2026-07-05T00:27:35.918Z","level":"INFO","service":"catalog-service","message":"Fetched product catalog data successfully"}
{"timestamp":"2026-07-05T00:27:55.129Z","level":"INFO","service":"user-service","message":"User added item to shopping cart"}
{"timestamp":"2026-07-05T00:28:08.441Z","level":"WARN","service":"cart-service","message":"Slow query detected on order history catalog lookup"}
{"timestamp":"2026-07-05T00:28:46.591Z","level":"INFO","service":"notification-service","message":"Cart session initialized"}
{"timestamp":"2026-07-05T00:29:15.015Z","level":"INFO","service":"cart-service","message":"User added item to shopping cart"}
{"timestamp":"2026-07-05T00:29:55.875Z","level":"INFO","service":"user-service","message":"Payment authorization token acquired"}
{"timestamp":"2026-07-05T00:30:08.963Z","level":"WARN","service":"user-service","message":"Slow query detected on order history catalog lookup"}
{"timestamp":"2026-07-05T00:30:36.343Z","level":"INFO","service":"notification-service","message":"Payment authorization token acquired"}
{"timestamp":"2026-07-05T00:30:48.471Z","level":"WARN","service":"catalog-service","message":"Slow query detected on order history catalog lookup"}
{"timestamp":"2026-07-05T00:31:11.723Z","level":"INFO","service":"user-service","message":"Cart session initialized"}
{"timestamp":"2026-07-05T00:31:47.303Z","level":"INFO","service":"catalog-service","message":"Cart session initialized"}
{"timestamp":"2026-07-05T00:31:56.098Z","level":"ERROR","service":"notification-service","message":"Failed to retrieve exchange rate from external API provider","stack_trace":"java.io.IOException: connection reset by peer
\tat sun.net.www.http.HttpClient.parseHTTPHeader(HttpClient.java:712)
\tat sun.net.www.protocol.http.HttpURLConnection.getInputStream0(HttpURLConnection.java:1590) [req_ref: 0x1c0d68e]"}
{"timestamp":"2026-07-05T00:32:26.962Z","level":"WARN","service":"payment-service","message":"Database connection pool threshold reached (80%)"}
{"timestamp":"2026-07-05T00:32:48.181Z","level":"INFO","service":"payment-service","message":"Cart session initialized"}
{"timestamp":"2026-07-05T00:33:23.342Z","level":"INFO","service":"notification-service","message":"User added item to shopping cart"}
{"timestamp":"2026-07-05T00:33:56.054Z","level":"INFO","service":"cart-service","message":"Payment authorization token acquired"}
{"timestamp":"2026-07-05T00:34:18.938Z","level":"INFO","service":"payment-service","message":"User added item to shopping cart"}
{"timestamp":"2026-07-05T00:34:58.354Z","level":"INFO","service":"cart-service","message":"Payment authorization token acquired"}
{"timestamp":"2026-07-05T00:35:34.853Z","level":"INFO","service":"user-service","message":"Payment authorization token acquired"}
{"timestamp":"2026-07-05T00:36:06.798Z","level":"INFO","service":"notification-service","message":"Cart session initialized"}
{"timestamp":"2026-07-05T00:36:11.865Z","level":"INFO","service":"notification-service","message":"Cart session initialized"}
{"timestamp":"2026-07-05T00:36:24.864Z","level":"WARN","service":"cart-service","message":"Slow query detected on order history catalog lookup"}
{"timestamp":"2026-07-05T00:36:29.727Z","level":"INFO","service":"notification-service","message":"Fetched product catalog data successfully"}
{"timestamp":"2026-07-05T00:36:37.064Z","level":"INFO","service":"catalog-service","message":"Sending order email confirmation notification"}
{"timestamp":"2026-07-05T00:37:03.419Z","level":"INFO","service":"cart-service","message":"Fetched product catalog data successfully"}
{"timestamp":"2026-07-05T00:37:37.175Z","level":"INFO","service":"payment-service","message":"Cart session initialized"}
{"timestamp":"2026-07-05T00:37:59.867Z","level":"INFO","service":"catalog-service","message":"Cart session initialized"}
{"timestamp":"2026-07-05T00:38:36.166Z","level":"INFO","service":"notification-service","message":"Payment authorization token acquired"}
{"timestamp":"2026-07-05T00:38:58.005Z","level":"INFO","service":"user-service","message":"User added item to shopping cart"}
{"timestamp":"2026-07-05T00:39:34.532Z","level":"INFO","service":"notification-service","message":"Cart session initialized"}
{"timestamp":"2026-07-05T00:39:49.705Z","level":"WARN","service":"cart-service","message":"Slow query detected on order history catalog lookup"}
{"timestamp":"2026-07-05T00:40:09.092Z","level":"WARN","service":"payment-service","message":"Database connection pool threshold reached (80%)"}
{"timestamp":"2026-07-05T00:40:18.398Z","level":"INFO","service":"notification-service","message":"Payment authorization token acquired"}
{"timestamp":"2026-07-05T00:40:23.493Z","level":"INFO","service":"user-service","message":"Fetched product catalog data successfully"}
{"timestamp":"2026-07-05T00:40:50.965Z","level":"INFO","service":"notification-service","message":"Fetched product catalog data successfully"}
{"timestamp":"2026-07-05T00:41:00.118Z","level":"INFO","service":"notification-service","message":"Payment authorization token acquired"}
{"timestamp":"2026-07-05T00:41:05.625Z","level":"WARN","service":"payment-service","message":"Slow query detected on order history catalog lookup"}
{"timestamp":"2026-07-05T00:41:16.835Z","level":"INFO","service":"user-service","message":"Payment authorization token acquired"}
{"timestamp":"2026-07-05T00:41:32.437Z","level":"INFO","service":"user-service","message":"Fetched product catalog data successfully"}
{"timestamp":"2026-07-05T00:42:00.232Z","level":"INFO","service":"catalog-service","message":"Fetched product catalog data successfully"}
{"timestamp":"2026-07-05T00:42:13.204Z","level":"INFO","service":"user-service","message":"Fetched product catalog data successfully"}
{"timestamp":"2026-07-05T00:42:47.072Z","level":"INFO","service":"catalog-service","message":"Payment authorization token acquired"}
{"timestamp":"2026-07-05T00:42:52.004Z","level":"INFO","service":"catalog-service","message":"User login credentials validated"}
{"timestamp":"2026-07-05T00:43:02.898Z","level":"INFO","service":"notification-service","message":"User login credentials validated"}
{"timestamp":"2026-07-05T00:43:42.728Z","level":"INFO","service":"cart-service","message":"User login credentials validated"}
{"timestamp":"2026-07-05T00:44:01.830Z","level":"ERROR","service":"payment-service","message":"Failed to retrieve exchange rate from external API provider","stack_trace":"java.io.IOException: connection reset by peer
\tat sun.net.www.http.HttpClient.parseHTTPHeader(HttpClient.java:712)
\tat sun.net.www.protocol.http.HttpURLConnection.getInputStream0(HttpURLConnection.java:1590) [req_ref: 0x457b7ca]"}
{"timestamp":"2026-07-05T00:44:41.586Z","level":"WARN","service":"payment-service","message":"Database connection pool threshold reached (80%)"}
{"timestamp":"2026-07-05T00:45:08.134Z","level":"INFO","service":"notification-service","message":"User login credentials validated"}
{"timestamp":"2026-07-05T00:45:30.979Z","level":"INFO","service":"catalog-service","message":"User added item to shopping cart"}
{"timestamp":"2026-07-05T00:46:01.856Z","level":"ERROR","service":"user-service","message":"Failed to retrieve exchange rate from external API provider","stack_trace":"java.io.IOException: connection reset by peer
\tat sun.net.www.http.HttpClient.parseHTTPHeader(HttpClient.java:712)
\tat sun.net.www.protocol.http.HttpURLConnection.getInputStream0(HttpURLConnection.java:1590) [req_ref: 0x1b9de88]"}
{"timestamp":"2026-07-05T00:46:18.824Z","level":"ERROR","service":"cart-service","message":"Failed to retrieve exchange rate from external API provider","stack_trace":"java.io.IOException: connection reset by peer
\tat sun.net.www.http.HttpClient.parseHTTPHeader(HttpClient.java:712)
\tat sun.net.www.protocol.http.HttpURLConnection.getInputStream0(HttpURLConnection.java:1590) [req_ref: 0x141d6f3]"}
{"timestamp":"2026-07-05T00:46:27.036Z","level":"INFO","service":"cart-service","message":"Payment authorization token acquired"}
{"timestamp":"2026-07-05T00:46:34.157Z","level":"ERROR","service":"cart-service","message":"Failed to retrieve exchange rate from external API provider","stack_trace":"java.io.IOException: connection reset by peer
\tat sun.net.www.http.HttpClient.parseHTTPHeader(HttpClient.java:712)
\tat sun.net.www.protocol.http.HttpURLConnection.getInputStream0(HttpURLConnection.java:1590) [req_ref: 0x5e86f5a]"}
{"timestamp":"2026-07-05T00:46:53.701Z","level":"INFO","service":"payment-service","message":"User added item to shopping cart"}
{"timestamp":"2026-07-05T00:47:27.913Z","level":"INFO","service":"cart-service","message":"Sending order email confirmation notification"}
{"timestamp":"2026-07-05T00:47:55.448Z","level":"ERROR","service":"cart-service","message":"Failed to retrieve exchange rate from external API provider","stack_trace":"java.io.IOException: connection reset by peer
\tat sun.net.www.http.HttpClient.parseHTTPHeader(HttpClient.java:712)
\tat sun.net.www.protocol.http.HttpURLConnection.getInputStream0(HttpURLConnection.java:1590) [req_ref: 0x2881d6e]"}
{"timestamp":"2026-07-05T00:48:09.430Z","level":"INFO","service":"notification-service","message":"Fetched product catalog data successfully"}
{"timestamp":"2026-07-05T00:48:39.882Z","level":"ERROR","service":"cart-service","message":"Failed to retrieve exchange rate from external API provider","stack_trace":"java.io.IOException: connection reset by peer
\tat sun.net.www.http.HttpClient.parseHTTPHeader(HttpClient.java:712)
\tat sun.net.www.protocol.http.HttpURLConnection.getInputStream0(HttpURLConnection.java:1590) [req_ref: 0x41454e2]"
{"timestamp":"2026-07-05T00:49:11.458Z","level":"ERROR","service":"payment-service","message":"Failed to retrieve exchange rate from external API provider","stack_trace":"java.io.IOException: connection reset by peer
\tat sun.net.www.http.HttpClient.parseHTTPHeader(HttpClient.java:712)
\tat sun.net.www.protocol.http.HttpURLConnection.getInputStream0(HttpURLConnection.java:1590) [req_ref: 0x25928fb]"}
{"timestamp":"2026-07-05T00:49:32.912Z","level":"ERROR","service":"cart-service","message":"Failed to retrieve exchange rate from external API provider","stack_trace":"java.io.IOException: connection reset by peer
\tat sun.net.www.http.HttpClient.parseHTTPHeader(HttpClient.java:712)
\tat sun.net.www.protocol.http.HttpURLConnection.getInputStream0(HttpURLConnection.java:1590) [req_ref: 0x49f8280]"
{"timestamp":"2026-07-05T00:49:56.990Z","level":"INFO","service":"payment-service","message":"Payment authorization token acquired"}
{"timestamp":"2026-07-05T00:50:15.391Z","level":"WARN","service":"cart-service","message":"Database connection pool threshold reached (80%)"}
{"timestamp":"2026-07-05T00:50:28.553Z","level":"INFO","service":"user-service","message":"Payment authorization token acquired"}
{"timestamp":"2026-07-05T00:50:54.054Z","level":"WARN","service":"catalog-service","message":"Slow query detected on order history catalog lookup"}
{"timestamp":"2026-07-05T00:51:16.721Z","level":"WARN","service":"user-service","message":"Database connection pool threshold reached (80%)"}
{"timestamp":"2026-07-05T00:51:44.459Z","level":"INFO","service":"notification-service","message":"Payment authorization token acquired"}
{"timestamp":"2026-07-05T00:52:11.081Z","level":"WARN","service":"cart-service","message":"Database connection pool threshold reached (80%)"}
{"timestamp":"2026-07-05T00:52:26.210Z","level":"INFO","service":"notification-service","message":"Cart session initialized"}
{"timestamp":"2026-07-05T00:52:31.608Z","level":"ERROR","service":"user-service","message":"Failed to retrieve exchange rate from external API provider","stack_trace":"java.io.IOException: connection reset by peer
\tat sun.net.www.http.HttpClient.parseHTTPHeader(HttpClient.java:712)
\tat sun.net.www.protocol.http.HttpURLConnection.getInputStream0(HttpURLConnection.java:1590) [req_ref: 0x3433318]"}
{"timestamp":"2026-07-05T00:52:56.109Z","level":"WARN","service":"user-service","message":"Slow query detected on order history catalog lookup"}
{"timestamp":"2026-07-05T00:53:20.748Z","level":"INFO","service":"user-service","message":"User added item to shopping cart"}
{"timestamp":"2026-07-05T00:53:39.102Z","level":"INFO","service":"user-service","message":"User added item to shopping cart"}
{"timestamp":"2026-07-05T00:54:13.797Z","level":"WARN","service":"notification-service","message":"Database connection pool threshold reached (80%)"}
{"timestamp":"2026-07-05T00:54:24.615Z","level":"INFO","service":"user-service","message":"Cart session initialized"}
{"timestamp":"2026-07-05T00:54:50.824Z","level":"WARN","service":"cart-service","message":"Slow query detected on order history catalog lookup"}
{"timestamp":"2026-07-05T00:55:19.055Z","level":"INFO","service":"payment-service","message":"Cart session initialized"}
{"timestamp":"2026-07-05T00:55:25.415Z","level":"INFO","service":"notification-service","message":"Payment authorization token acquired"}
{"timestamp":"2026-07-05T00:55:44.322Z","level":"INFO","service":"cart-service","message":"User added item to shopping cart"}
{"timestamp":"2026-07-05T00:56:00.000Z","level":"INFO","service":"user-service","message":"Cart session initialized"}
{"timestamp":"2026-07-05T00:56:16.448Z","level":"INFO","service":"cart-service","message":"Payment authorization token acquired"}
{"timestamp":"2026-07-05T00:56:24.010Z","level":"WARN","service":"payment-service","message":"Database connection pool threshold reached (80%)"}
{"timestamp":"2026-07-05T00:56:32.080Z","level":"INFO","service":"cart-service","message":"User added item to shopping cart"}
{"timestamp":"2026-07-05T00:56:58.219Z","level":"INFO","service":"payment-service","message":"Payment authorization token acquired"}
{"timestamp":"2026-07-05T00:57:19.450Z","level":"INFO","service":"notification-service","message":"Payment authorization token acquired"}
{"timestamp":"2026-07-05T00:57:26.448Z","level":"INFO","service":"cart-service","message":"Fetched product catalog data successfully"}
{"timestamp":"2026-07-05T00:58:02.102Z","level":"INFO","service":"catalog-service","message":"Sending order email confirmation notification"}
{"timestamp":"2026-07-05T00:58:15.474Z","level":"ERROR","service":"notification-service","message":"Failed to retrieve exchange rate from external API provider","stack_trace":"java.io.IOException: connection reset by peer
\tat sun.net.www.http.HttpClient.parseHTTPHeader(HttpClient.java:712)
\tat sun.net.www.protocol.http.HttpURLConnection.getInputStream0(HttpURLConnection.java:1590) [req_ref: 0xfdffeb]"}
{"timestamp":"2026-07-05T00:58:43.659Z","level":"INFO","service":"user-service","message":"Sending order email confirmation notification"}
{"timestamp":"2026-07-05T00:58:52.049Z","level":"WARN","service":"user-service","message":"Database connection pool threshold reached (80%)"}
{"timestamp":"2026-07-05T00:59:15.980Z","level":"INFO","service":"notification-service","message":"Sending order email confirmation notification"}
{"timestamp":"2026-07-05T00:59:39.791Z","level":"INFO","service":"user-service","message":"Sending order email confirmation notification"}
{"timestamp":"2026-07-05T00:59:51.003Z","level":"INFO","service":"cart-service","message":"Payment authorization token acquired"}
{"timestamp":"2026-07-05T01:00:04.960Z","level":"INFO","service":"user-service","message":"Sending order email confirmation notification"}
{"timestamp":"2026-07-05T01:00:36.046Z","level":"INFO","service":"notification-service","message":"User login credentials validated"}
{"timestamp":"2026-07-05T01:00:45.073Z","level":"INFO","service":"notification-service","message":"User login credentials validated"}
{"timestamp":"2026-07-05T01:00:56.978Z","level":"INFO","service":"payment-service","message":"Payment authorization token acquired"}
{"timestamp":"2026-07-05T01:01:12.982Z","level":"INFO","service":"notification-service","message":"Payment authorization token acquired"}
{"timestamp":"2026-07-05T01:01:39.778Z","level":"INFO","service":"payment-service","message":"Payment authorization token acquired"}
{"timestamp":"2026-07-05T01:02:05.150Z","level":"INFO","service":"user-service","message":"Payment authorization token acquired"}
{"timestamp":"2026-07-05T01:02:34.072Z","level":"INFO","service":"user-service","message":"Fetched product catalog data successfully"}
{"timestamp":"2026-07-05T01:03:05.986Z","level":"INFO","service":"catalog-service","message":"Fetched product catalog data successfully"}
{"timestamp":"2026-07-05T01:03:11.407Z","level":"WARN","service":"notification-service","message":"Database connection pool threshold reached (80%)"}
{"timestamp":"2026-07-05T01:03:51.060Z","level":"ERROR","service":"user-service","message":"Failed to retrieve exchange rate from external API provider","stack_trace":"java.io.IOException: connection reset by peer
\tat sun.net.www.http.HttpClient.parseHTTPHeader(HttpClient.java:712)
\tat sun.net.www.protocol.http.HttpURLConnection.getInputStream0(HttpURLConnection.java:1590) [req_ref: 0x3b0df2f]"}
{"timestamp":"2026-07-05T01:04:26.269Z","level":"INFO","service":"user-service","message":"Sending order email confirmation notification"}
{"timestamp":"2026-07-05T01:05:01.512Z","level":"INFO","service":"cart-service","message":"Cart session initialized"}
{"timestamp":"2026-07-05T01:05:19.678Z","level":"INFO","service":"payment-service","message":"User login credentials validated"}
{"timestamp":"2026-07-05T01:05:43.594Z","level":"INFO","service":"cart-service","message":"Sending order email confirmation notification"}
{"timestamp":"2026-07-05T01:05:49.002Z","level":"WARN","service":"catalog-service","message":"Slow query detected on order history catalog lookup"}
{"timestamp":"2026-07-05T01:06:23.386Z","level":"INFO","service":"payment-service","message":"Payment authorization token acquired"}
{"timestamp":"2026-07-05T01:06:48.008Z","level":"INFO","service":"payment-service","message":"Cart session initialized"}
{"timestamp":"2026-07-05T01:07:15.848Z","level":"INFO","service":"user-service","message":"User added item to shopping cart"}
{"timestamp":"2026-07-05T01:07:51.217Z","level":"INFO","service":"catalog-service","message":"Payment authorization token acquired"}
{"timestamp":"2026-07-05T01:08:12.133Z","level":"INFO","service":"catalog-service","message":"Cart session initialized"}
{"timestamp":"2026-07-05T01:08:35.108Z","level":"ERROR","service":"catalog-service","message":"Failed to retrieve exchange rate from external API provider","stack_trace":"java.io.IOException: connection reset by peer
\tat sun.net.www.http.HttpClient.parseHTTPHeader(HttpClient.java:712)
\tat sun.net.www.protocol.http.HttpURLConnection.getInputStream0(HttpURLConnection.java:1590) [req_ref: 0x2a25bf7]"
{"timestamp":"2026-07-05T01:08:43.642Z","level":"INFO","service":"payment-service","message":"Cart session initialized"}
{"timestamp":"2026-07-05T01:09:02.808Z","level":"INFO","service":"payment-service","message":"User login credentials validated"}
{"timestamp":"2026-07-05T01:09:28.876Z","level":"INFO","service":"user-service","message":"User added item to shopping cart"}
{"timestamp":"2026-07-05T01:09:33.754Z","level":"INFO","service":"user-service","message":"Fetched product catalog data successfully"}
{"timestamp":"2026-07-05T01:10:04.859Z","level":"INFO","service":"user-service","message":"Payment authorization token acquired"}
{"timestamp":"2026-07-05T01:10:24.005Z","level":"ERROR","service":"notification-service","message":"Failed to retrieve exchange rate from external API provider","stack_trace":"java.io.IOException: connection reset by peer
\tat sun.net.www.http.HttpClient.parseHTTPHeader(HttpClient.java:712)
\tat sun.net.www.protocol.http.HttpURLConnection.getInputStream0(HttpURLConnection.java:1590) [req_ref: 0x3e8781c]"}
{"timestamp":"2026-07-05T01:10:44.014Z","level":"INFO","service":"payment-service","message":"User added item to shopping cart"}
{"timestamp":"2026-07-05T01:10:54.393Z","level":"WARN","service":"catalog-service","message":"Slow query detected on order history catalog lookup"}
{"timestamp":"2026-07-05T01:11:13.813Z","level":"INFO","service":"payment-service","message":"Fetched product catalog data successfully"}
{"timestamp":"2026-07-05T01:11:36.917Z","level":"WARN","service":"cart-service","message":"Slow query detected on order history catalog lookup"}
{"timestamp":"2026-07-05T01:12:02.772Z","level":"ERROR","service":"notification-service","message":"Failed to retrieve exchange rate from external API provider","stack_trace":"java.io.IOException: connection reset by peer
\tat sun.net.www.http.HttpClient.parseHTTPHeader(HttpClient.java:712)
\tat sun.net.www.protocol.http.HttpURLConnection.getInputStream0(HttpURLConnection.java:1590) [req_ref: 0x4f0b6cf]"}
{"timestamp":"2026-07-05T01:12:18.089Z","level":"WARN","service":"payment-service","message":"Database connection pool threshold reached (80%)"}
{"timestamp":"2026-07-05T01:12:42.171Z","level":"INFO","service":"catalog-service","message":"Fetched product catalog data successfully"}
{"timestamp":"2026-07-05T01:13:01.976Z","level":"WARN","service":"payment-service","message":"Database connection pool threshold reached (80%)"}
{"timestamp":"2026-07-05T01:13:17.816Z","level":"INFO","service":"user-service","message":"Cart session initialized"}
{"timestamp":"2026-07-05T01:13:51.378Z","level":"ERROR","service":"cart-service","message":"Failed to retrieve exchange rate from external API provider","stack_trace":"java.io.IOException: connection reset by peer
\tat sun.net.www.http.HttpClient.parseHTTPHeader(HttpClient.java:712)
\tat sun.net.www.protocol.http.HttpURLConnection.getInputStream0(HttpURLConnection.java:1590) [req_ref: 0x2169e74]"
{"timestamp":"2026-07-05T01:14:25.474Z","level":"INFO","service":"user-service","message":"Cart session initialized"}
{"timestamp":"2026-07-05T01:14:30.929Z","level":"INFO","service":"catalog-service","message":"User added item to shopping cart"}
{"timestamp":"2026-07-05T01:14:40.820Z","level":"INFO","service":"cart-service","message":"Cart session initialized"}
{"timestamp":"2026-07-05T01:14:59.730Z","level":"INFO","service":"notification-service","message":"Fetched product catalog data successfully"}
{"timestamp":"2026-07-05T01:15:15.193Z","level":"INFO","service":"catalog-service","message":"Cart session initialized"}
{"timestamp":"2026-07-05T01:15:26.662Z","level":"INFO","service":"notification-service","message":"Cart session initialized"}
{"timestamp":"2026-07-05T01:15:35.361Z","level":"INFO","service":"notification-service","message":"User added item to shopping cart"}
{"timestamp":"2026-07-05T01:16:13.586Z","level":"INFO","service":"catalog-service","message":"Fetched product catalog data successfully"}
{"timestamp":"2026-07-05T01:16:41.579Z","level":"WARN","service":"user-service","message":"Database connection pool threshold reached (80%)"}
{"timestamp":"2026-07-05T01:16:52.791Z","level":"ERROR","service":"user-service","message":"Failed to retrieve exchange rate from external API provider","stack_trace":"java.io.IOException: connection reset by peer
\tat sun.net.www.http.HttpClient.parseHTTPHeader(HttpClient.java:712)
\tat sun.net.www.protocol.http.HttpURLConnection.getInputStream0(HttpURLConnection.java:1590) [req_ref: 0x4169a30]"}
{"timestamp":"2026-07-05T01:17:20.340Z","level":"ERROR","service":"notification-service","message":"Failed to retrieve exchange rate from external API provider","stack_trace":"java.io.IOException: connection reset by peer
\tat sun.net.www.http.HttpClient.parseHTTPHeader(HttpClient.java:712)
\tat sun.net.www.protocol.http.HttpURLConnection.getInputStream0(HttpURLConnection.java:1590) [req_ref: 0x13f9bc6]"}
{"timestamp":"2026-07-05T01:17:45.582Z","level":"WARN","service":"catalog-service","message":"Slow query detected on order history catalog lookup"}
{"timestamp":"2026-07-05T01:18:00.720Z","level":"WARN","service":"user-service","message":"Database connection pool threshold reached (80%)"}
{"timestamp":"2026-07-05T01:18:40.529Z","level":"INFO","service":"user-service","message":"Fetched product catalog data successfully"}
{"timestamp":"2026-07-05T01:19:06.939Z","level":"WARN","service":"payment-service","message":"Slow query detected on order history catalog lookup"}
{"timestamp":"2026-07-05T01:19:45.783Z","level":"INFO","service":"notification-service","message":"Sending order email confirmation notification"}
{"timestamp":"2026-07-05T01:19:54.560Z","level":"INFO","service":"catalog-service","message":"Cart session initialized"}
{"timestamp":"2026-07-05T01:20:31.930Z","level":"WARN","service":"notification-service","message":"Slow query detected on order history catalog lookup"}
{"timestamp":"2026-07-05T01:20:47.822Z","level":"INFO","service":"notification-service","message":"User login credentials validated"}
{"timestamp":"2026-07-05T01:21:13.984Z","level":"INFO","service":"cart-service","message":"Fetched product catalog data successfully"}
{"timestamp":"2026-07-05T01:21:24.526Z","level":"INFO","service":"payment-service","message":"Cart session initialized"}
{"timestamp":"2026-07-05T01:21:59.166Z","level":"INFO","service":"user-service","message":"Fetched product catalog data successfully"}
{"timestamp":"2026-07-05T01:22:15.564Z","level":"INFO","service":"payment-service","message":"User login credentials validated"}
{"timestamp":"2026-07-05T01:22:54.130Z","level":"INFO","service":"payment-service","message":"Cart session initialized"}
{"timestamp":"2026-07-05T01:23:08.060Z","level":"INFO","service":"cart-service","message":"User added item to shopping cart"}
{"timestamp":"2026-07-05T01:23:30.285Z","level":"INFO","service":"catalog-service","message":"User login credentials validated"}
{"timestamp":"2026-07-05T01:23:48.748Z","level":"ERROR","service":"payment-service","message":"Failed to retrieve exchange rate from external API provider","stack_trace":"java.io.IOException: connection reset by peer
\tat sun.net.www.http.HttpClient.parseHTTPHeader(HttpClient.java:712)
\tat sun.net.www.protocol.http.HttpURLConnection.getInputStream0(HttpURLConnection.java:1590) [req_ref: 0x179442a]"
{"timestamp":"2026-07-05T01:24:16.591Z","level":"INFO","service":"notification-service","message":"Sending order email confirmation notification"}
{"timestamp":"2026-07-05T01:24:21.689Z","level":"INFO","service":"payment-service","message":"Fetched product catalog data successfully"}
{"timestamp":"2026-07-05T01:24:34.036Z","level":"INFO","service":"payment-service","message":"Fetched product catalog data successfully"}
{"timestamp":"2026-07-05T01:24:56.959Z","level":"INFO","service":"payment-service","message":"Sending order email confirmation notification"}
{"timestamp":"2026-07-05T01:25:09.133Z","level":"WARN","service":"catalog-service","message":"Slow query detected on order history catalog lookup"}
{"timestamp":"2026-07-05T01:25:36.870Z","level":"INFO","service":"payment-service","message":"User added item to shopping cart"}
{"timestamp":"2026-07-05T01:25:56.381Z","level":"INFO","service":"payment-service","message":"Fetched product catalog data successfully"}
{"timestamp":"2026-07-05T01:26:09.515Z","level":"WARN","service":"user-service","message":"Database connection pool threshold reached (80%)"}
{"timestamp":"2026-07-05T01:26:35.907Z","level":"WARN","service":"user-service","message":"Database connection pool threshold reached (80%)"}
{"timestamp":"2026-07-05T01:26:56.405Z","level":"INFO","service":"payment-service","message":"Fetched product catalog data successfully"}
{"timestamp":"2026-07-05T01:27:04.352Z","level":"INFO","service":"notification-service","message":"Sending order email confirmation notification"}
{"timestamp":"2026-07-05T01:27:37.467Z","level":"INFO","service":"catalog-service","message":"Payment authorization token acquired"}
{"timestamp":"2026-07-05T01:28:07.924Z","level":"INFO","service":"notification-service","message":"User added item to shopping cart"}
{"timestamp":"2026-07-05T01:28:46.229Z","level":"INFO","service":"payment-service","message":"User added item to shopping cart"}
{"timestamp":"2026-07-05T01:28:52.667Z","level":"INFO","service":"payment-service","message":"User added item to shopping cart"}
{"timestamp":"2026-07-05T01:29:23.699Z","level":"WARN","service":"user-service","message":"Slow query detected on order history catalog lookup"}
{"timestamp":"2026-07-05T01:29:47.387Z","level":"INFO","service":"notification-service","message":"Fetched product catalog data successfully"}
{"timestamp":"2026-07-05T01:30:02.596Z","level":"INFO","service":"notification-service","message":"Sending order email confirmation notification"}
{"timestamp":"2026-07-05T01:30:14.966Z","level":"INFO","service":"user-service","message":"User login credentials validated"}
{"timestamp":"2026-07-05T01:30:34.862Z","level":"INFO","service":"notification-service","message":"User login credentials validated"}
{"timestamp":"2026-07-05T01:30:43.634Z","level":"WARN","service":"catalog-service","message":"Database connection pool threshold reached (80%)"}
{"timestamp":"2026-07-05T01:30:58.154Z","level":"INFO","service":"notification-service","message":"User added item to shopping cart"}
{"timestamp":"2026-07-05T01:31:15.961Z","level":"WARN","service":"user-service","message":"Database connection pool threshold reached (80%)"}
{"timestamp":"2026-07-05T01:31:51.014Z","level":"INFO","service":"notification-service","message":"Fetched product catalog data successfully"}
{"timestamp":"2026-07-05T01:32:19.415Z","level":"INFO","service":"notification-service","message":"Payment authorization token acquired"}
{"timestamp":"2026-07-05T01:32:50.861Z","level":"WARN","service":"catalog-service","message":"Slow query detected on order history catalog lookup"}
{"timestamp":"2026-07-05T01:32:57.392Z","level":"WARN","service":"payment-service","message":"Database connection pool threshold reached (80%)"}
{"timestamp":"2026-07-05T01:33:11.086Z","level":"ERROR","service":"notification-service","message":"Failed to retrieve exchange rate from external API provider","stack_trace":"java.io.IOException: connection reset by peer
\tat sun.net.www.http.HttpClient.parseHTTPHeader(HttpClient.java:712)
\tat sun.net.www.protocol.http.HttpURLConnection.getInputStream0(HttpURLConnection.java:1590) [req_ref: 0x3beeb47]"}
{"timestamp":"2026-07-05T01:33:19.310Z","level":"INFO","service":"notification-service","message":"User login credentials validated"}
{"timestamp":"2026-07-05T01:33:40.307Z","level":"WARN","service":"user-service","message":"Slow query detected on order history catalog lookup"}
{"timestamp":"2026-07-05T01:34:12.400Z","level":"INFO","service":"payment-service","message":"User login credentials validated"}
{"timestamp":"2026-07-05T01:34:29.734Z","level":"WARN","service":"payment-service","message":"Database connection pool threshold reached (80%)"}
{"timestamp":"2026-07-05T01:34:56.008Z","level":"WARN","service":"cart-service","message":"Database connection pool threshold reached (80%)"}
{"timestamp":"2026-07-05T01:35:11.464Z","level":"INFO","service":"payment-service","message":"Cart session initialized"}
{"timestamp":"2026-07-05T01:35:26.394Z","level":"WARN","service":"payment-service","message":"Database connection pool threshold reached (80%)"}
{"timestamp":"2026-07-05T01:35:38.090Z","level":"INFO","service":"cart-service","message":"Cart session initialized"}
{"timestamp":"2026-07-05T01:35:59.221Z","level":"INFO","service":"catalog-service","message":"Cart session initialized"}
{"timestamp":"2026-07-05T01:36:25.963Z","level":"INFO","service":"notification-service","message":"Payment authorization token acquired"}
{"timestamp":"2026-07-05T01:36:47.689Z","level":"INFO","service":"payment-service","message":"User added item to shopping cart"}
{"timestamp":"2026-07-05T01:37:24.870Z","level":"INFO","service":"notification-service","message":"Fetched product catalog data successfully"}
{"timestamp":"2026-07-05T01:38:03.752Z","level":"INFO","service":"catalog-service","message":"User added item to shopping cart"}
{"timestamp":"2026-07-05T01:38:34.151Z","level":"INFO","service":"payment-service","message":"User login credentials validated"}
{"timestamp":"2026-07-05T01:38:44.673Z","level":"WARN","service":"notification-service","message":"Database connection pool threshold reached (80%)"}
{"timestamp":"2026-07-05T01:39:05.225Z","level":"ERROR","service":"payment-service","message":"Failed to retrieve exchange rate from external API provider","stack_trace":"java.io.IOException: connection reset by peer
\tat sun.net.www.http.HttpClient.parseHTTPHeader(HttpClient.java:712)
\tat sun.net.www.protocol.http.HttpURLConnection.getInputStream0(HttpURLConnection.java:1590) [req_ref: 0x34e85df]"}
{"timestamp":"2026-07-05T01:39:18.737Z","level":"WARN","service":"cart-service","message":"Slow query detected on order history catalog lookup"}
{"timestamp":"2026-07-05T01:39:34.910Z","level":"INFO","service":"cart-service","message":"Fetched product catalog data successfully"}
{"timestamp":"2026-07-05T01:40:02.544Z","level":"INFO","service":"payment-service","message":"Sending order email confirmation notification"}
{"timestamp":"2026-07-05T01:40:22.266Z","level":"INFO","service":"payment-service","message":"Fetched product catalog data successfully"}
{"timestamp":"2026-07-05T01:40:42.079Z","level":"INFO","service":"user-service","message":"Payment authorization token acquired"}
{"timestamp":"2026-07-05T01:41:20.511Z","level":"INFO","service":"catalog-service","message":"Fetched product catalog data successfully"}
{"timestamp":"2026-07-05T01:41:48.736Z","level":"INFO","service":"cart-service","message":"Payment authorization token acquired"}
{"timestamp":"2026-07-05T01:42:22.797Z","level":"INFO","service":"catalog-service","message":"User login credentials validated"}
{"timestamp":"2026-07-05T01:42:58.338Z","level":"WARN","service":"catalog-service","message":"Database connection pool threshold reached (80%)"}
{"timestamp":"2026-07-05T01:43:20.739Z","level":"INFO","service":"cart-service","message":"Sending order email confirmation notification"}
{"timestamp":"2026-07-05T01:43:48.990Z","level":"WARN","service":"payment-service","message":"Database connection pool threshold reached (80%)"}
{"timestamp":"2026-07-05T01:44:16.577Z","level":"INFO","service":"catalog-service","message":"User login credentials validated"}
{"timestamp":"2026-07-05T01:44:46.395Z","level":"ERROR","service":"notification-service","message":"Failed to retrieve exchange rate from external API provider","stack_trace":"java.io.IOException: connection reset by peer
\tat sun.net.www.http.HttpClient.parseHTTPHeader(HttpClient.java:712)
\tat sun.net.www.protocol.http.HttpURLConnection.getInputStream0(HttpURLConnection.java:1590) [req_ref: 0x3a78ddf]"}
{"timestamp":"2026-07-05T01:44:55.441Z","level":"INFO","service":"payment-service","message":"User login credentials validated"}
{"timestamp":"2026-07-05T01:45:08.080Z","level":"INFO","service":"payment-service","message":"Payment authorization token acquired"}
{"timestamp":"2026-07-05T01:45:31.378Z","level":"ERROR","service":"user-service","message":"Failed to retrieve exchange rate from external API provider","stack_trace":"java.io.IOException: connection reset by peer
\tat sun.net.www.http.HttpClient.parseHTTPHeader(HttpClient.java:712)
\tat sun.net.www.protocol.http.HttpURLConnection.getInputStream0(HttpURLConnection.java:1590) [req_ref: 0xa8ce83]"}
{"timestamp":"2026-07-05T01:45:55.520Z","level":"INFO","service":"user-service","message":"Payment authorization token acquired"}
{"timestamp":"2026-07-05T01:46:11.778Z","level":"INFO","service":"catalog-service","message":"Cart session initialized"}
{"timestamp":"2026-07-05T01:46:36.805Z","level":"WARN","service":"cart-service","message":"Database connection pool threshold reached (80%)"}
{"timestamp":"2026-07-05T01:47:06.309Z","level":"INFO","service":"catalog-service","message":"Cart session initialized"}
{"timestamp":"2026-07-05T01:47:18.873Z","level":"INFO","service":"payment-service","message":"Fetched product catalog data successfully"}
{"timestamp":"2026-07-05T01:47:52.890Z","level":"INFO","service":"cart-service","message":"Cart session initialized"}
{"timestamp":"2026-07-05T01:48:12.376Z","level":"INFO","service":"notification-service","message":"User added item to shopping cart"}
{"timestamp":"2026-07-05T01:48:34.185Z","level":"INFO","service":"catalog-service","message":"User added item to shopping cart"}
{"timestamp":"2026-07-05T01:48:57.053Z","level":"ERROR","service":"cart-service","message":"Failed to retrieve exchange rate from external API provider","stack_trace":"java.io.IOException: connection reset by peer
\tat sun.net.www.http.HttpClient.parseHTTPHeader(HttpClient.java:712)
\tat sun.net.www.protocol.http.HttpURLConnection.getInputStream0(HttpURLConnection.java:1590) [req_ref: 0x543a3ab]"
{"timestamp":"2026-07-05T01:49:12.963Z","level":"INFO","service":"catalog-service","message":"User added item to shopping cart"}
{"timestamp":"2026-07-05T01:49:36.795Z","level":"INFO","service":"cart-service","message":"User login credentials validated"}
{"timestamp":"2026-07-05T01:49:54.735Z","level":"WARN","service":"user-service","message":"Slow query detected on order history catalog lookup"}
{"timestamp":"2026-07-05T01:50:25.225Z","level":"INFO","service":"catalog-service","message":"Sending order email confirmation notification"}
{"timestamp":"2026-07-05T01:50:36.984Z","level":"INFO","service":"user-service","message":"Fetched product catalog data successfully"}
{"timestamp":"2026-07-05T01:51:15.661Z","level":"WARN","service":"user-service","message":"Slow query detected on order history catalog lookup"}
{"timestamp":"2026-07-05T01:51:53.841Z","level":"INFO","service":"cart-service","message":"Cart session initialized"}
{"timestamp":"2026-07-05T01:52:07.954Z","level":"INFO","service":"user-service","message":"User added item to shopping cart"}
{"timestamp":"2026-07-05T01:52:35.747Z","level":"WARN","service":"notification-service","message":"Slow query detected on order history catalog lookup"}
{"timestamp":"2026-07-05T01:52:45.938Z","level":"INFO","service":"notification-service","message":"User login credentials validated"}
{"timestamp":"2026-07-05T01:53:10.160Z","level":"INFO","service":"payment-service","message":"Payment authorization token acquired"}
{"timestamp":"2026-07-05T01:53:32.756Z","level":"WARN","service":"payment-service","message":"Database connection pool threshold reached (80%)"}
{"timestamp":"2026-07-05T01:54:09.816Z","level":"INFO","service":"catalog-service","message":"User login credentials validated"}
{"timestamp":"2026-07-05T01:54:31.864Z","level":"INFO","service":"catalog-service","message":"Fetched product catalog data successfully"}
{"timestamp":"2026-07-05T01:54:43.509Z","level":"INFO","service":"payment-service","message":"Cart session initialized"}
{"timestamp":"2026-07-05T01:54:49.708Z","level":"WARN","service":"notification-service","message":"Database connection pool threshold reached (80%)"}
{"timestamp":"2026-07-05T01:55:15.896Z","level":"INFO","service":"payment-service","message":"Sending order email confirmation notification"}
{"timestamp":"2026-07-05T01:55:48.473Z","level":"INFO","service":"catalog-service","message":"Cart session initialized"}
{"timestamp":"2026-07-05T01:56:20.409Z","level":"WARN","service":"cart-service","message":"Database connection pool threshold reached (80%)"}
{"timestamp":"2026-07-05T01:56:37.199Z","level":"INFO","service":"catalog-service","message":"Fetched product catalog data successfully"}
{"timestamp":"2026-07-05T01:56:49.285Z","level":"INFO","service":"user-service","message":"Fetched product catalog data successfully"}
{"timestamp":"2026-07-05T01:57:16.834Z","level":"WARN","service":"payment-service","message":"Slow query detected on order history catalog lookup"}
{"timestamp":"2026-07-05T01:57:55.064Z","level":"INFO","service":"user-service","message":"Payment authorization token acquired"}
{"timestamp":"2026-07-05T01:58:20.664Z","level":"INFO","service":"notification-service","message":"Fetched product catalog data successfully"}
{"timestamp":"2026-07-05T01:58:27.025Z","level":"WARN","service":"payment-service","message":"Slow query detected on order history catalog lookup"}
{"timestamp":"2026-07-05T01:58:43.746Z","level":"INFO","service":"payment-service","message":"User added item to shopping cart"}
{"timestamp":"2026-07-05T01:59:07.190Z","level":"WARN","service":"cart-service","message":"Slow query detected on order history catalog lookup"}
{"timestamp":"2026-07-05T01:59:24.122Z","level":"INFO","service":"catalog-service","message":"Fetched product catalog data successfully"}
{"timestamp":"2026-07-05T01:59:48.232Z","level":"INFO","service":"notification-service","message":"User added item to shopping cart"}
{"timestamp":"2026-07-05T02:00:06.781Z","level":"ERROR","service":"catalog-service","message":"Failed to retrieve exchange rate from external API provider","stack_trace":"java.io.IOException: connection reset by peer
\tat sun.net.www.http.HttpClient.parseHTTPHeader(HttpClient.java:712)
\tat sun.net.www.protocol.http.HttpURLConnection.getInputStream0(HttpURLConnection.java:1590) [req_ref: 0x59dcd9c]"}
{"timestamp":"2026-07-05T02:00:42.168Z","level":"INFO","service":"user-service","message":"Sending order email confirmation notification"}
{"timestamp":"2026-07-05T02:00:54.202Z","level":"INFO","service":"catalog-service","message":"Payment authorization token acquired"}
{"timestamp":"2026-07-05T02:01:21.726Z","level":"ERROR","service":"payment-service","message":"Failed to retrieve exchange rate from external API provider","stack_trace":"java.io.IOException: connection reset by peer
\tat sun.net.www.http.HttpClient.parseHTTPHeader(HttpClient.java:712)
\tat sun.net.www.protocol.http.HttpURLConnection.getInputStream0(HttpURLConnection.java:1590) [req_ref: 0x3b8e01f]"
{"timestamp":"2026-07-05T02:01:27.615Z","level":"WARN","service":"payment-service","message":"Slow query detected on order history catalog lookup"}
{"timestamp":"2026-07-05T02:01:47.352Z","level":"INFO","service":"payment-service","message":"Payment authorization token acquired"}
{"timestamp":"2026-07-05T02:02:14.847Z","level":"INFO","service":"payment-service","message":"Sending order email confirmation notification"}
{"timestamp":"2026-07-05T02:02:28.173Z","level":"WARN","service":"payment-service","message":"Slow query detected on order history catalog lookup"}
{"timestamp":"2026-07-05T02:02:47.716Z","level":"INFO","service":"notification-service","message":"Sending order email confirmation notification"}
{"timestamp":"2026-07-05T02:03:25.617Z","level":"INFO","service":"notification-service","message":"Cart session initialized"}
{"timestamp":"2026-07-05T02:03:30.294Z","level":"WARN","service":"cart-service","message":"Slow query detected on order history catalog lookup"}
{"timestamp":"2026-07-05T02:03:49.800Z","level":"INFO","service":"cart-service","message":"Sending order email confirmation notification"}
{"timestamp":"2026-07-05T02:04:02.232Z","level":"WARN","service":"catalog-service","message":"Database connection pool threshold reached (80%)"}
{"timestamp":"2026-07-05T02:04:12.519Z","level":"INFO","service":"cart-service","message":"Fetched product catalog data successfully"}
{"timestamp":"2026-07-05T02:04:47.406Z","level":"INFO","service":"user-service","message":"Fetched product catalog data successfully"}
{"timestamp":"2026-07-05T02:05:27.999Z","level":"INFO","service":"catalog-service","message":"Fetched product catalog data successfully"}
{"timestamp":"2026-07-05T02:06:04.191Z","level":"WARN","service":"catalog-service","message":"Slow query detected on order history catalog lookup"}
{"timestamp":"2026-07-05T02:06:16.782Z","level":"INFO","service":"notification-service","message":"Cart session initialized"}
{"timestamp":"2026-07-05T02:06:33.390Z","level":"INFO","service":"user-service","message":"User added item to shopping cart"}
{"timestamp":"2026-07-05T02:06:38.503Z","level":"INFO","service":"user-service","message":"Cart session initialized"}
{"timestamp":"2026-07-05T02:07:08.102Z","level":"ERROR","service":"cart-service","message":"Failed to retrieve exchange rate from external API provider","stack_trace":"java.io.IOException: connection reset by peer
\tat sun.net.www.http.HttpClient.parseHTTPHeader(HttpClient.java:712)
\tat sun.net.www.protocol.http.HttpURLConnection.getInputStream0(HttpURLConnection.java:1590) [req_ref: 0x25fc778]"}
{"timestamp":"2026-07-05T02:07:48.694Z","level":"INFO","service":"notification-service","message":"Cart session initialized"}
{"timestamp":"2026-07-05T02:07:58.986Z","level":"WARN","service":"catalog-service","message":"Database connection pool threshold reached (80%)"}
{"timestamp":"2026-07-05T02:08:19.546Z","level":"WARN","service":"cart-service","message":"Database connection pool threshold reached (80%)"}
{"timestamp":"2026-07-05T02:08:54.205Z","level":"WARN","service":"cart-service","message":"Slow query detected on order history catalog lookup"}
{"timestamp":"2026-07-05T02:09:15.134Z","level":"INFO","service":"payment-service","message":"Sending order email confirmation notification"}
{"timestamp":"2026-07-05T02:09:33.707Z","level":"INFO","service":"payment-service","message":"Cart session initialized"}
{"timestamp":"2026-07-05T02:09:48.941Z","level":"INFO","service":"notification-service","message":"Fetched product catalog data successfully"}
{"timestamp":"2026-07-05T02:09:59.772Z","level":"INFO","service":"notification-service","message":"User login credentials validated"}
{"timestamp":"2026-07-05T02:10:20.157Z","level":"ERROR","service":"cart-service","message":"Failed to retrieve exchange rate from external API provider","stack_trace":"java.io.IOException: connection reset by peer
\tat sun.net.www.http.HttpClient.parseHTTPHeader(HttpClient.java:712)
\tat sun.net.www.protocol.http.HttpURLConnection.getInputStream0(HttpURLConnection.java:1590) [req_ref: 0x5f57882]"}
{"timestamp":"2026-07-05T02:10:34.734Z","level":"INFO","service":"payment-service","message":"Cart session initialized"}
{"timestamp":"2026-07-05T02:11:01.414Z","level":"WARN","service":"user-service","message":"Database connection pool threshold reached (80%)"}
{"timestamp":"2026-07-05T02:11:17.840Z","level":"INFO","service":"notification-service","message":"Payment authorization token acquired"}
{"timestamp":"2026-07-05T02:11:35.380Z","level":"WARN","service":"user-service","message":"Database connection pool threshold reached (80%)"}
{"timestamp":"2026-07-05T02:11:55.853Z","level":"INFO","service":"catalog-service","message":"Sending order email confirmation notification"}
{"timestamp":"2026-07-05T02:12:04.875Z","level":"ERROR","service":"user-service","message":"Failed to retrieve exchange rate from external API provider","stack_trace":"java.io.IOException: connection reset by peer
\tat sun.net.www.http.HttpClient.parseHTTPHeader(HttpClient.java:712)
\tat sun.net.www.protocol.http.HttpURLConnection.getInputStream0(HttpURLConnection.java:1590) [req_ref: 0x10a1785]"}
{"timestamp":"2026-07-05T02:12:40.282Z","level":"INFO","service":"user-service","message":"Sending order email confirmation notification"}
{"timestamp":"2026-07-05T02:12:45.497Z","level":"INFO","service":"cart-service","message":"Sending order email confirmation notification"}
{"timestamp":"2026-07-05T02:13:25.972Z","level":"INFO","service":"cart-service","message":"User added item to shopping cart"}
{"timestamp":"2026-07-05T02:14:05.331Z","level":"INFO","service":"payment-service","message":"Fetched product catalog data successfully"}
{"timestamp":"2026-07-05T02:14:14.225Z","level":"INFO","service":"catalog-service","message":"Cart session initialized"}
{"timestamp":"2026-07-05T02:14:44.676Z","level":"ERROR","service":"user-service","message":"Failed to retrieve exchange rate from external API provider","stack_trace":"java.io.IOException: connection reset by peer
\tat sun.net.www.http.HttpClient.parseHTTPHeader(HttpClient.java:712)
\tat sun.net.www.protocol.http.HttpURLConnection.getInputStream0(HttpURLConnection.java:1590) [req_ref: 0x2e400c4]"}
{"timestamp":"2026-07-05T02:15:03.584Z","level":"INFO","service":"catalog-service","message":"Payment authorization token acquired"}
{"timestamp":"2026-07-05T02:15:32.064Z","level":"INFO","service":"cart-service","message":"User login credentials validated"}
{"timestamp":"2026-07-05T02:16:07.046Z","level":"INFO","service":"cart-service","message":"Payment authorization token acquired"}
{"timestamp":"2026-07-05T02:16:28.582Z","level":"INFO","service":"user-service","message":"Cart session initialized"}
{"timestamp":"2026-07-05T02:16:37.377Z","level":"WARN","service":"user-service","message":"Database connection pool threshold reached (80%)"}
{"timestamp":"2026-07-05T02:16:59.073Z","level":"INFO","service":"user-service","message":"Payment authorization token acquired"}
{"timestamp":"2026-07-05T02:17:25.438Z","level":"INFO","service":"cart-service","message":"Fetched product catalog data successfully"}
{"timestamp":"2026-07-05T02:17:35.590Z","level":"INFO","service":"catalog-service","message":"Sending order email confirmation notification"}
{"timestamp":"2026-07-05T02:18:00.461Z","level":"WARN","service":"notification-service","message":"Slow query detected on order history catalog lookup"}
{"timestamp":"2026-07-05T02:18:27.824Z","level":"INFO","service":"payment-service","message":"Fetched product catalog data successfully"}
{"timestamp":"2026-07-05T02:19:02.822Z","level":"INFO","service":"user-service","message":"Cart session initialized"}
{"timestamp":"2026-07-05T02:19:08.259Z","level":"WARN","service":"payment-service","message":"Database connection pool threshold reached (80%)"}
{"timestamp":"2026-07-05T02:19:23.682Z","level":"INFO","service":"user-service","message":"User added item to shopping cart"}
{"timestamp":"2026-07-05T02:19:59.098Z","level":"INFO","service":"payment-service","message":"User added item to shopping cart"}
{"timestamp":"2026-07-05T02:20:13.314Z","level":"INFO","service":"user-service","message":"Sending order email confirmation notification"}
{"timestamp":"2026-07-05T02:20:33.769Z","level":"WARN","service":"catalog-service","message":"Database connection pool threshold reached (80%)"}
{"timestamp":"2026-07-05T02:21:07.544Z","level":"WARN","service":"notification-service","message":"Slow query detected on order history catalog lookup"}
{"timestamp":"2026-07-05T02:21:37.037Z","level":"ERROR","service":"notification-service","message":"Failed to retrieve exchange rate from external API provider","stack_trace":"java.io.IOException: connection reset by peer
\tat sun.net.www.http.HttpClient.parseHTTPHeader(HttpClient.java:712)
\tat sun.net.www.protocol.http.HttpURLConnection.getInputStream0(HttpURLConnection.java:1590) [req_ref: 0x4648001]"}
{"timestamp":"2026-07-05T02:21:52.436Z","level":"WARN","service":"catalog-service","message":"Slow query detected on order history catalog lookup"}
{"timestamp":"2026-07-05T02:22:11.081Z","level":"INFO","service":"notification-service","message":"Cart session initialized"}
{"timestamp":"2026-07-05T02:22:24.448Z","level":"INFO","service":"catalog-service","message":"Fetched product catalog data successfully"}
{"timestamp":"2026-07-05T02:22:58.982Z","level":"ERROR","service":"cart-service","message":"Failed to retrieve exchange rate from external API provider","stack_trace":"java.io.IOException: connection reset by peer
\tat sun.net.www.http.HttpClient.parseHTTPHeader(HttpClient.java:712)
\tat sun.net.www.protocol.http.HttpURLConnection.getInputStream0(HttpURLConnection.java:1590) [req_ref: 0x4dfc974]"}
{"timestamp":"2026-07-05T02:23:37.430Z","level":"INFO","service":"cart-service","message":"Sending order email confirmation notification"}
{"timestamp":"2026-07-05T02:23:55.963Z","level":"INFO","service":"notification-service","message":"User login credentials validated"}
{"timestamp":"2026-07-05T02:24:12.118Z","level":"INFO","service":"notification-service","message":"User added item to shopping cart"}
{"timestamp":"2026-07-05T02:24:41.336Z","level":"INFO","service":"cart-service","message":"Sending order email confirmation notification"}
{"timestamp":"2026-07-05T02:24:47.976Z","level":"INFO","service":"notification-service","message":"Payment authorization token acquired"}
{"timestamp":"2026-07-05T02:25:03.238Z","level":"INFO","service":"user-service","message":"Cart session initialized"}
{"timestamp":"2026-07-05T02:25:10.162Z","level":"INFO","service":"user-service","message":"User added item to shopping cart"}
{"timestamp":"2026-07-05T02:25:37.862Z","level":"INFO","service":"user-service","message":"Payment authorization token acquired"}
{"timestamp":"2026-07-05T02:26:13.826Z","level":"INFO","service":"catalog-service","message":"User login credentials validated"}
{"timestamp":"2026-07-05T02:26:36.576Z","level":"INFO","service":"catalog-service","message":"User login credentials validated"}
{"timestamp":"2026-07-05T02:27:11.007Z","level":"INFO","service":"user-service","message":"Fetched product catalog data successfully"}
{"timestamp":"2026-07-05T02:27:24.430Z","level":"WARN","service":"notification-service","message":"Slow query detected on order history catalog lookup"}
{"timestamp":"2026-07-05T02:27:54.313Z","level":"ERROR","service":"cart-service","message":"Failed to retrieve exchange rate from external API provider","stack_trace":"java.io.IOException: connection reset by peer
\tat sun.net.www.http.HttpClient.parseHTTPHeader(HttpClient.java:712)
\tat sun.net.www.protocol.http.HttpURLConnection.getInputStream0(HttpURLConnection.java:1590) [req_ref: 0x5eb49eb]"}
{"timestamp":"2026-07-05T02:28:30.410Z","level":"WARN","service":"cart-service","message":"Slow query detected on order history catalog lookup"}
{"timestamp":"2026-07-05T02:29:03.945Z","level":"INFO","service":"cart-service","message":"User added item to shopping cart"}
{"timestamp":"2026-07-05T02:29:34.835Z","level":"WARN","service":"payment-service","message":"Database connection pool threshold reached (80%)"}
{"timestamp":"2026-07-05T02:30:01.436Z","level":"INFO","service":"user-service","message":"User login credentials validated"}
{"timestamp":"2026-07-05T02:30:27.033Z","level":"WARN","service":"user-service","message":"Database connection pool threshold reached (80%)"}
{"timestamp":"2026-07-05T02:30:47.361Z","level":"INFO","service":"cart-service","message":"Sending order email confirmation notification"}
{"timestamp":"2026-07-05T02:31:22.203Z","level":"WARN","service":"user-service","message":"Database connection pool threshold reached (80%)"}
{"timestamp":"2026-07-05T02:31:44.578Z","level":"INFO","service":"catalog-service","message":"Cart session initialized"}
{"timestamp":"2026-07-05T02:32:18.451Z","level":"INFO","service":"user-service","message":"User added item to shopping cart"}
{"timestamp":"2026-07-05T02:32:45.140Z","level":"WARN","service":"notification-service","message":"Database connection pool threshold reached (80%)"}
{"timestamp":"2026-07-05T02:33:04.328Z","level":"INFO","service":"payment-service","message":"Fetched product catalog data successfully"}
{"timestamp":"2026-07-05T02:33:32.607Z","level":"INFO","service":"catalog-service","message":"Fetched product catalog data successfully"}
{"timestamp":"2026-07-05T02:33:48.376Z","level":"INFO","service":"cart-service","message":"User added item to shopping cart"}
{"timestamp":"2026-07-05T02:34:03.541Z","level":"WARN","service":"payment-service","message":"Slow query detected on order history catalog lookup"}
{"timestamp":"2026-07-05T02:34:34.690Z","level":"WARN","service":"payment-service","message":"Database connection pool threshold reached (80%)"}
{"timestamp":"2026-07-05T02:34:58.240Z","level":"INFO","service":"user-service","message":"Payment authorization token acquired"}
{"timestamp":"2026-07-05T02:35:21.938Z","level":"ERROR","service":"notification-service","message":"Failed to retrieve exchange rate from external API provider","stack_trace":"java.io.IOException: connection reset by peer
\tat sun.net.www.http.HttpClient.parseHTTPHeader(HttpClient.java:712)
\tat sun.net.www.protocol.http.HttpURLConnection.getInputStream0(HttpURLConnection.java:1590) [req_ref: 0x527c706]"}
{"timestamp":"2026-07-05T02:35:51.357Z","level":"WARN","service":"cart-service","message":"Database connection pool threshold reached (80%)"}
{"timestamp":"2026-07-05T02:36:23.253Z","level":"INFO","service":"cart-service","message":"Payment authorization token acquired"}
{"timestamp":"2026-07-05T02:36:44.895Z","level":"INFO","service":"cart-service","message":"Sending order email confirmation notification"}
{"timestamp":"2026-07-05T02:37:08.726Z","level":"INFO","service":"cart-service","message":"User added item to shopping cart"}
{"timestamp":"2026-07-05T02:37:32.626Z","level":"WARN","service":"user-service","message":"Database connection pool threshold reached (80%)"}
{"timestamp":"2026-07-05T02:37:52.771Z","level":"INFO","service":"notification-service","message":"Sending order email confirmation notification"}
{"timestamp":"2026-07-05T02:38:13.282Z","level":"WARN","service":"notification-service","message":"Slow query detected on order history catalog lookup"}
{"timestamp":"2026-07-05T02:38:36.231Z","level":"INFO","service":"notification-service","message":"User login credentials validated"}
{"timestamp":"2026-07-05T02:39:07.270Z","level":"ERROR","service":"user-service","message":"Failed to retrieve exchange rate from external API provider","stack_trace":"java.io.IOException: connection reset by peer
\tat sun.net.www.http.HttpClient.parseHTTPHeader(HttpClient.java:712)
\tat sun.net.www.protocol.http.HttpURLConnection.getInputStream0(HttpURLConnection.java:1590) [req_ref: 0x5dae857]"}
{"timestamp":"2026-07-05T02:39:22.149Z","level":"INFO","service":"payment-service","message":"Fetched product catalog data successfully"}
{"timestamp":"2026-07-05T02:39:48.512Z","level":"INFO","service":"catalog-service","message":"Cart session initialized"}
{"timestamp":"2026-07-05T02:40:23.740Z","level":"ERROR","service":"payment-service","message":"Failed to retrieve exchange rate from external API provider","stack_trace":"java.io.IOException: connection reset by peer
\tat sun.net.www.http.HttpClient.parseHTTPHeader(HttpClient.java:712)
\tat sun.net.www.protocol.http.HttpURLConnection.getInputStream0(HttpURLConnection.java:1590) [req_ref: 0x5bc8542]"}
{"timestamp":"2026-07-05T02:41:01.596Z","level":"INFO","service":"cart-service","message":"User added item to shopping cart"}
{"timestamp":"2026-07-05T02:41:21.161Z","level":"INFO","service":"user-service","message":"Fetched product catalog data successfully"}
{"timestamp":"2026-07-05T02:41:54.132Z","level":"INFO","service":"user-service","message":"Cart session initialized"}
{"timestamp":"2026-07-05T02:42:06.881Z","level":"INFO","service":"catalog-service","message":"Fetched product catalog data successfully"}
{"timestamp":"2026-07-05T02:42:41.334Z","level":"ERROR","service":"cart-service","message":"Failed to retrieve exchange rate from external API provider","stack_trace":"java.io.IOException: connection reset by peer
\tat sun.net.www.http.HttpClient.parseHTTPHeader(HttpClient.java:712)
\tat sun.net.www.protocol.http.HttpURLConnection.getInputStream0(HttpURLConnection.java:1590) [req_ref: 0x360c66c]"
{"timestamp":"2026-07-05T02:43:12.379Z","level":"WARN","service":"cart-service","message":"Slow query detected on order history catalog lookup"}
{"timestamp":"2026-07-05T02:43:25.879Z","level":"INFO","service":"payment-service","message":"Fetched product catalog data successfully"}
{"timestamp":"2026-07-05T02:43:45.010Z","level":"INFO","service":"user-service","message":"User login credentials validated"}
{"timestamp":"2026-07-05T02:44:07.580Z","level":"INFO","service":"catalog-service","message":"User login credentials validated"}
{"timestamp":"2026-07-05T02:44:36.951Z","level":"INFO","service":"user-service","message":"Cart session initialized"}
{"timestamp":"2026-07-05T02:44:55.580Z","level":"INFO","service":"user-service","message":"Fetched product catalog data successfully"}
{"timestamp":"2026-07-05T02:45:09.918Z","level":"INFO","service":"cart-service","message":"User added item to shopping cart"}
{"timestamp":"2026-07-05T02:45:22.797Z","level":"INFO","service":"user-service","message":"Sending order email confirmation notification"}
{"timestamp":"2026-07-05T02:45:56.341Z","level":"INFO","service":"catalog-service","message":"Payment authorization token acquired"}
{"timestamp":"2026-07-05T02:46:34.723Z","level":"WARN","service":"notification-service","message":"Database connection pool threshold reached (80%)"}
{"timestamp":"2026-07-05T02:46:51.338Z","level":"INFO","service":"notification-service","message":"Payment authorization token acquired"}
{"timestamp":"2026-07-05T02:47:26.986Z","level":"ERROR","service":"user-service","message":"Failed to retrieve exchange rate from external API provider","stack_trace":"java.io.IOException: connection reset by peer
\tat sun.net.www.http.HttpClient.parseHTTPHeader(HttpClient.java:712)
\tat sun.net.www.protocol.http.HttpURLConnection.getInputStream0(HttpURLConnection.java:1590) [req_ref: 0x409ba53]"}
{"timestamp":"2026-07-05T02:47:36.944Z","level":"INFO","service":"notification-service","message":"Sending order email confirmation notification"}
{"timestamp":"2026-07-05T02:47:45.267Z","level":"ERROR","service":"cart-service","message":"Failed to retrieve exchange rate from external API provider","stack_trace":"java.io.IOException: connection reset by peer
\tat sun.net.www.http.HttpClient.parseHTTPHeader(HttpClient.java:712)
\tat sun.net.www.protocol.http.HttpURLConnection.getInputStream0(HttpURLConnection.java:1590) [req_ref: 0x2fb9903]"
{"timestamp":"2026-07-05T02:48:10.406Z","level":"INFO","service":"catalog-service","message":"Sending order email confirmation notification"}
{"timestamp":"2026-07-05T02:48:20.074Z","level":"ERROR","service":"payment-service","message":"Failed to retrieve exchange rate from external API provider","stack_trace":"java.io.IOException: connection reset by peer
\tat sun.net.www.http.HttpClient.parseHTTPHeader(HttpClient.java:712)
\tat sun.net.www.protocol.http.HttpURLConnection.getInputStream0(HttpURLConnection.java:1590) [req_ref: 0x5007baa]"}
{"timestamp":"2026-07-05T02:48:38.303Z","level":"INFO","service":"payment-service","message":"Sending order email confirmation notification"}
{"timestamp":"2026-07-05T02:49:09.161Z","level":"INFO","service":"payment-service","message":"Fetched product catalog data successfully"}
{"timestamp":"2026-07-05T02:49:29.199Z","level":"WARN","service":"cart-service","message":"Slow query detected on order history catalog lookup"}
{"timestamp":"2026-07-05T02:49:52.187Z","level":"WARN","service":"cart-service","message":"Database connection pool threshold reached (80%)"}
{"timestamp":"2026-07-05T02:50:10.671Z","level":"INFO","service":"user-service","message":"Fetched product catalog data successfully"}
{"timestamp":"2026-07-05T02:50:34.237Z","level":"WARN","service":"catalog-service","message":"Database connection pool threshold reached (80%)"}
{"timestamp":"2026-07-05T02:51:11.759Z","level":"ERROR","service":"catalog-service","message":"Failed to retrieve exchange rate from external API provider","stack_trace":"java.io.IOException: connection reset by peer
\tat sun.net.www.http.HttpClient.parseHTTPHeader(HttpClient.java:712)
\tat sun.net.www.protocol.http.HttpURLConnection.getInputStream0(HttpURLConnection.java:1590) [req_ref: 0xd1f943]"
{"timestamp":"2026-07-05T02:51:36.727Z","level":"INFO","service":"payment-service","message":"User login credentials validated"}
{"timestamp":"2026-07-05T02:52:05.771Z","level":"INFO","service":"notification-service","message":"Fetched product catalog data successfully"}
{"timestamp":"2026-07-05T02:52:19.907Z","level":"WARN","service":"user-service","message":"Slow query detected on order history catalog lookup"}
{"timestamp":"2026-07-05T02:52:52.910Z","level":"INFO","service":"cart-service","message":"User added item to shopping cart"}
{"timestamp":"2026-07-05T02:53:26.269Z","level":"INFO","service":"payment-service","message":"Fetched product catalog data successfully"}
{"timestamp":"2026-07-05T02:53:50.212Z","level":"INFO","service":"cart-service","message":"Fetched product catalog data successfully"}
{"timestamp":"2026-07-05T02:54:04.233Z","level":"INFO","service":"notification-service","message":"Payment authorization token acquired"}
{"timestamp":"2026-07-05T02:54:12.167Z","level":"ERROR","service":"payment-service","message":"Failed to retrieve exchange rate from external API provider","stack_trace":"java.io.IOException: connection reset by peer
\tat sun.net.www.http.HttpClient.parseHTTPHeader(HttpClient.java:712)
\tat sun.net.www.protocol.http.HttpURLConnection.getInputStream0(HttpURLConnection.java:1590) [req_ref: 0x578d90e]"}
{"timestamp":"2026-07-05T02:54:44.400Z","level":"INFO","service":"cart-service","message":"Cart session initialized"}
{"timestamp":"2026-07-05T02:55:17.769Z","level":"INFO","service":"cart-service","message":"Cart session initialized"}
{"timestamp":"2026-07-05T02:55:34.205Z","level":"ERROR","service":"payment-service","message":"Failed to retrieve exchange rate from external API provider","stack_trace":"java.io.IOException: connection reset by peer
\tat sun.net.www.http.HttpClient.parseHTTPHeader(HttpClient.java:712)
\tat sun.net.www.protocol.http.HttpURLConnection.getInputStream0(HttpURLConnection.java:1590) [req_ref: 0x1d2954a]"}
{"timestamp":"2026-07-05T02:55:53.009Z","level":"INFO","service":"payment-service","message":"Fetched product catalog data successfully"}
{"timestamp":"2026-07-05T02:56:06.338Z","level":"INFO","service":"catalog-service","message":"User added item to shopping cart"}
{"timestamp":"2026-07-05T02:56:24.209Z","level":"INFO","service":"user-service","message":"Sending order email confirmation notification"}
{"timestamp":"2026-07-05T02:56:30.224Z","level":"INFO","service":"payment-service","message":"User login credentials validated"}
{"timestamp":"2026-07-05T02:57:01.479Z","level":"INFO","service":"catalog-service","message":"User added item to shopping cart"}
{"timestamp":"2026-07-05T02:57:13.686Z","level":"WARN","service":"catalog-service","message":"Slow query detected on order history catalog lookup"}
{"timestamp":"2026-07-05T02:57:41.955Z","level":"WARN","service":"user-service","message":"Slow query detected on order history catalog lookup"}
{"timestamp":"2026-07-05T02:58:13.145Z","level":"INFO","service":"catalog-service","message":"Payment authorization token acquired"}
{"timestamp":"2026-07-05T02:58:38.255Z","level":"INFO","service":"user-service","message":"Cart session initialized"}
{"timestamp":"2026-07-05T02:59:00.657Z","level":"INFO","service":"cart-service","message":"Sending order email confirmation notification"}
{"timestamp":"2026-07-05T02:59:08.080Z","level":"INFO","service":"payment-service","message":"Sending order email confirmation notification"}
{"timestamp":"2026-07-05T02:59:48.788Z","level":"WARN","service":"cart-service","message":"Slow query detected on order history catalog lookup"}
{"timestamp":"2026-07-05T03:00:03.240Z","level":"INFO","service":"user-service","message":"Sending order email confirmation notification"}
{"timestamp":"2026-07-05T03:00:25.733Z","level":"INFO","service":"payment-service","message":"Fetched product catalog data successfully"}
{"timestamp":"2026-07-05T03:00:38.553Z","level":"WARN","service":"cart-service","message":"Slow query detected on order history catalog lookup"}
{"timestamp":"2026-07-05T03:00:47.969Z","level":"INFO","service":"notification-service","message":"Fetched product catalog data successfully"}
{"timestamp":"2026-07-05T03:00:57.465Z","level":"INFO","service":"payment-service","message":"Cart session initialized"}
{"timestamp":"2026-07-05T03:01:10.299Z","level":"INFO","service":"user-service","message":"Payment authorization token acquired"}
{"timestamp":"2026-07-05T03:01:18.449Z","level":"INFO","service":"catalog-service","message":"User login credentials validated"}
{"timestamp":"2026-07-05T03:01:57.473Z","level":"WARN","service":"user-service","message":"Slow query detected on order history catalog lookup"}
{"timestamp":"2026-07-05T03:02:33.328Z","level":"WARN","service":"cart-service","message":"Database connection pool threshold reached (80%)"}
{"timestamp":"2026-07-05T03:02:44.637Z","level":"INFO","service":"notification-service","message":"Cart session initialized"}
{"timestamp":"2026-07-05T03:03:05.051Z","level":"INFO","service":"catalog-service","message":"Payment authorization token acquired"}
{"timestamp":"2026-07-05T03:03:44.232Z","level":"WARN","service":"notification-service","message":"Slow query detected on order history catalog lookup"}
{"timestamp":"2026-07-05T03:03:58.807Z","level":"INFO","service":"catalog-service","message":"Cart session initialized"}
{"timestamp":"2026-07-05T03:04:24.517Z","level":"INFO","service":"user-service","message":"Cart session initialized"}
{"timestamp":"2026-07-05T03:04:38.324Z","level":"INFO","service":"notification-service","message":"Fetched product catalog data successfully"}
{"timestamp":"2026-07-05T03:05:04.394Z","level":"ERROR","service":"catalog-service","message":"Failed to retrieve exchange rate from external API provider","stack_trace":"java.io.IOException: connection reset by peer
\tat sun.net.www.http.HttpClient.parseHTTPHeader(HttpClient.java:712)
\tat sun.net.www.protocol.http.HttpURLConnection.getInputStream0(HttpURLConnection.java:1590) [req_ref: 0x2d99b4a]"}
{"timestamp":"2026-07-05T03:05:41.742Z","level":"INFO","service":"payment-service","message":"Sending order email confirmation notification"}
{"timestamp":"2026-07-05T03:06:17.255Z","level":"WARN","service":"payment-service","message":"Slow query detected on order history catalog lookup"}
{"timestamp":"2026-07-05T03:06:26.813Z","level":"INFO","service":"payment-service","message":"User added item to shopping cart"}
{"timestamp":"2026-07-05T03:06:39.086Z","level":"INFO","service":"user-service","message":"Fetched product catalog data successfully"}
{"timestamp":"2026-07-05T03:06:51.543Z","level":"ERROR","service":"catalog-service","message":"Failed to retrieve exchange rate from external API provider","stack_trace":"java.io.IOException: connection reset by peer
\tat sun.net.www.http.HttpClient.parseHTTPHeader(HttpClient.java:712)
\tat sun.net.www.protocol.http.HttpURLConnection.getInputStream0(HttpURLConnection.java:1590) [req_ref: 0xee8787]"}
{"timestamp":"2026-07-05T03:07:18.704Z","level":"WARN","service":"notification-service","message":"Database connection pool threshold reached (80%)"}
{"timestamp":"2026-07-05T03:07:26.685Z","level":"WARN","service":"user-service","message":"Slow query detected on order history catalog lookup"}
{"timestamp":"2026-07-05T03:07:34.883Z","level":"INFO","service":"catalog-service","message":"User login credentials validated"}
{"timestamp":"2026-07-05T03:07:41.817Z","level":"INFO","service":"payment-service","message":"Cart session initialized"}
{"timestamp":"2026-07-05T03:08:08.106Z","level":"INFO","service":"notification-service","message":"User login credentials validated"}
{"timestamp":"2026-07-05T03:08:35.182Z","level":"INFO","service":"notification-service","message":"Payment authorization token acquired"}
{"timestamp":"2026-07-05T03:08:47.505Z","level":"INFO","service":"user-service","message":"Cart session initialized"}
{"timestamp":"2026-07-05T03:09:03.145Z","level":"WARN","service":"catalog-service","message":"Database connection pool threshold reached (80%)"}
{"timestamp":"2026-07-05T03:09:24.255Z","level":"ERROR","service":"payment-service","message":"Failed to retrieve exchange rate from external API provider","stack_trace":"java.io.IOException: connection reset by peer
\tat sun.net.www.http.HttpClient.parseHTTPHeader(HttpClient.java:712)
\tat sun.net.www.protocol.http.HttpURLConnection.getInputStream0(HttpURLConnection.java:1590) [req_ref: 0x43b34ce]"
{"timestamp":"2026-07-05T03:09:30.369Z","level":"INFO","service":"cart-service","message":"Cart session initialized"}
{"timestamp":"2026-07-05T03:09:44.115Z","level":"INFO","service":"catalog-service","message":"Cart session initialized"}
{"timestamp":"2026-07-05T03:10:13.695Z","level":"INFO","service":"cart-service","message":"User login credentials validated"}
{"timestamp":"2026-07-05T03:10:42.870Z","level":"INFO","service":"payment-service","message":"Sending order email confirmation notification"}
{"timestamp":"2026-07-05T03:10:47.708Z","level":"INFO","service":"notification-service","message":"Sending order email confirmation notification"}
{"timestamp":"2026-07-05T03:11:04.999Z","level":"INFO","service":"cart-service","message":"User login credentials validated"}
{"timestamp":"2026-07-05T03:11:28.453Z","level":"INFO","service":"user-service","message":"User login credentials validated"}
{"timestamp":"2026-07-05T03:12:05.860Z","level":"WARN","service":"notification-service","message":"Slow query detected on order history catalog lookup"}
{"timestamp":"2026-07-05T03:12:42.613Z","level":"INFO","service":"notification-service","message":"Payment authorization token acquired"}
{"timestamp":"2026-07-05T03:12:47.277Z","level":"INFO","service":"catalog-service","message":"Fetched product catalog data successfully"}
{"timestamp":"2026-07-05T03:13:02.010Z","level":"WARN","service":"cart-service","message":"Database connection pool threshold reached (80%)"}
{"timestamp":"2026-07-05T03:13:39.700Z","level":"INFO","service":"cart-service","message":"User added item to shopping cart"}
{"timestamp":"2026-07-05T03:14:04.194Z","level":"WARN","service":"catalog-service","message":"Slow query detected on order history catalog lookup"}
{"timestamp":"2026-07-05T03:14:25.638Z","level":"WARN","service":"payment-service","message":"Database connection pool threshold reached (80%)"}
{"timestamp":"2026-07-05T03:14:57.649Z","level":"INFO","service":"payment-service","message":"Cart session initialized"}
{"timestamp":"2026-07-05T03:15:22.424Z","level":"INFO","service":"payment-service","message":"User login credentials validated"}
{"timestamp":"2026-07-05T03:15:38.463Z","level":"WARN","service":"catalog-service","message":"Slow query detected on order history catalog lookup"}
{"timestamp":"2026-07-05T03:16:03.813Z","level":"INFO","service":"payment-service","message":"Cart session initialized"}
{"timestamp":"2026-07-05T03:16:30.580Z","level":"INFO","service":"payment-service","message":"Fetched product catalog data successfully"}
{"timestamp":"2026-07-05T03:17:01.082Z","level":"INFO","service":"catalog-service","message":"Payment authorization token acquired"}
{"timestamp":"2026-07-05T03:17:40.085Z","level":"INFO","service":"payment-service","message":"Cart session initialized"}
{"timestamp":"2026-07-05T03:17:46.669Z","level":"INFO","service":"cart-service","message":"Cart session initialized"}
{"timestamp":"2026-07-05T03:18:00.606Z","level":"INFO","service":"cart-service","message":"User added item to shopping cart"}
{"timestamp":"2026-07-05T03:18:09.330Z","level":"INFO","service":"catalog-service","message":"Sending order email confirmation notification"}
{"timestamp":"2026-07-05T03:18:16.155Z","level":"INFO","service":"notification-service","message":"Payment authorization token acquired"}
{"timestamp":"2026-07-05T03:18:41.775Z","level":"WARN","service":"notification-service","message":"Database connection pool threshold reached (80%)"}
{"timestamp":"2026-07-05T03:19:00.446Z","level":"WARN","service":"payment-service","message":"Slow query detected on order history catalog lookup"}
{"timestamp":"2026-07-05T03:19:14.661Z","level":"INFO","service":"catalog-service","message":"Cart session initialized"}
{"timestamp":"2026-07-05T03:19:37.680Z","level":"INFO","service":"payment-service","message":"Fetched product catalog data successfully"}
{"timestamp":"2026-07-05T03:20:09.386Z","level":"INFO","service":"user-service","message":"Payment authorization token acquired"}
{"timestamp":"2026-07-05T03:20:30.638Z","level":"INFO","service":"notification-service","message":"Fetched product catalog data successfully"}
{"timestamp":"2026-07-05T03:21:10.347Z","level":"INFO","service":"user-service","message":"Sending order email confirmation notification"}
{"timestamp":"2026-07-05T03:21:28.741Z","level":"INFO","service":"user-service","message":"Sending order email confirmation notification"}
{"timestamp":"2026-07-05T03:22:07.778Z","level":"INFO","service":"user-service","message":"Fetched product catalog data successfully"}
{"timestamp":"2026-07-05T03:22:29.587Z","level":"INFO","service":"notification-service","message":"Sending order email confirmation notification"}
{"timestamp":"2026-07-05T03:22:44.065Z","level":"INFO","service":"user-service","message":"Cart session initialized"}
{"timestamp":"2026-07-05T03:22:58.096Z","level":"INFO","service":"payment-service","message":"User added item to shopping cart"}
{"timestamp":"2026-07-05T03:23:26.767Z","level":"ERROR","service":"cart-service","message":"Failed to retrieve exchange rate from external API provider","stack_trace":"java.io.IOException: connection reset by peer
\tat sun.net.www.http.HttpClient.parseHTTPHeader(HttpClient.java:712)
\tat sun.net.www.protocol.http.HttpURLConnection.getInputStream0(HttpURLConnection.java:1590) [req_ref: 0x5e5e46b]"}
{"timestamp":"2026-07-05T03:23:38.728Z","level":"ERROR","service":"cart-service","message":"Failed to retrieve exchange rate from external API provider","stack_trace":"java.io.IOException: connection reset by peer
\tat sun.net.www.http.HttpClient.parseHTTPHeader(HttpClient.java:712)
\tat sun.net.www.protocol.http.HttpURLConnection.getInputStream0(HttpURLConnection.java:1590) [req_ref: 0x1d3454a]"}
{"timestamp":"2026-07-05T03:24:17.427Z","level":"WARN","service":"notification-service","message":"Slow query detected on order history catalog lookup"}
{"timestamp":"2026-07-05T03:24:47.305Z","level":"INFO","service":"user-service","message":"User added item to shopping cart"}
{"timestamp":"2026-07-05T03:24:59.543Z","level":"INFO","service":"cart-service","message":"User login credentials validated"}
{"timestamp":"2026-07-05T03:25:39.550Z","level":"WARN","service":"user-service","message":"Database connection pool threshold reached (80%)"}
{"timestamp":"2026-07-05T03:26:03.312Z","level":"INFO","service":"payment-service","message":"Fetched product catalog data successfully"}
{"timestamp":"2026-07-05T03:26:10.813Z","level":"INFO","service":"catalog-service","message":"Cart session initialized"}
{"timestamp":"2026-07-05T03:26:47.937Z","level":"WARN","service":"catalog-service","message":"Slow query detected on order history catalog lookup"}
{"timestamp":"2026-07-05T03:27:25.491Z","level":"INFO","service":"payment-service","message":"Payment authorization token acquired"}
{"timestamp":"2026-07-05T03:28:03.335Z","level":"WARN","service":"catalog-service","message":"Database connection pool threshold reached (80%)"}
{"timestamp":"2026-07-05T03:28:26.968Z","level":"INFO","service":"catalog-service","message":"User login credentials validated"}
{"timestamp":"2026-07-05T03:28:38.610Z","level":"INFO","service":"catalog-service","message":"Cart session initialized"}
{"timestamp":"2026-07-05T03:28:56.303Z","level":"INFO","service":"payment-service","message":"User added item to shopping cart"}
{"timestamp":"2026-07-05T03:29:10.732Z","level":"INFO","service":"catalog-service","message":"Cart session initialized"}
{"timestamp":"2026-07-05T03:29:26.076Z","level":"INFO","service":"payment-service","message":"Cart session initialized"}
{"timestamp":"2026-07-05T03:29:32.312Z","level":"INFO","service":"user-service","message":"Fetched product catalog data successfully"}
{"timestamp":"2026-07-05T03:29:55.167Z","level":"INFO","service":"notification-service","message":"User login credentials validated"}
{"timestamp":"2026-07-05T03:30:34.222Z","level":"INFO","service":"user-service","message":"User login credentials validated"}
{"timestamp":"2026-07-05T03:31:10.960Z","level":"INFO","service":"notification-service","message":"User added item to shopping cart"}
{"timestamp":"2026-07-05T03:31:20.482Z","level":"WARN","service":"notification-service","message":"Slow query detected on order history catalog lookup"}
{"timestamp":"2026-07-05T03:31:34.845Z","level":"INFO","service":"catalog-service","message":"User login credentials validated"}
{"timestamp":"2026-07-05T03:32:12.098Z","level":"ERROR","service":"payment-service","message":"Failed to retrieve exchange rate from external API provider","stack_trace":"java.io.IOException: connection reset by peer
\tat sun.net.www.http.HttpClient.parseHTTPHeader(HttpClient.java:712)
\tat sun.net.www.protocol.http.HttpURLConnection.getInputStream0(HttpURLConnection.java:1590) [req_ref: 0x2307900]"
{"timestamp":"2026-07-05T03:32:52.020Z","level":"INFO","service":"user-service","message":"Sending order email confirmation notification"}
{"timestamp":"2026-07-05T03:33:24.432Z","level":"INFO","service":"catalog-service","message":"Fetched product catalog data successfully"}
{"timestamp":"2026-07-05T03:33:39.723Z","level":"INFO","service":"user-service","message":"Fetched product catalog data successfully"}
{"timestamp":"2026-07-05T03:33:44.356Z","level":"INFO","service":"payment-service","message":"Cart session initialized"}
{"timestamp":"2026-07-05T03:34:23.344Z","level":"ERROR","service":"payment-service","message":"Failed to retrieve exchange rate from external API provider","stack_trace":"java.io.IOException: connection reset by peer
\tat sun.net.www.http.HttpClient.parseHTTPHeader(HttpClient.java:712)
\tat sun.net.www.protocol.http.HttpURLConnection.getInputStream0(HttpURLConnection.java:1590) [req_ref: 0x3c3a81a]"
{"timestamp":"2026-07-05T03:34:34.003Z","level":"INFO","service":"cart-service","message":"Fetched product catalog data successfully"}
{"timestamp":"2026-07-05T03:34:59.829Z","level":"INFO","service":"payment-service","message":"User login credentials validated"}
{"timestamp":"2026-07-05T03:35:19.907Z","level":"INFO","service":"notification-service","message":"Sending order email confirmation notification"}
{"timestamp":"2026-07-05T03:35:59.726Z","level":"INFO","service":"user-service","message":"Payment authorization token acquired"}
{"timestamp":"2026-07-05T03:36:39.705Z","level":"WARN","service":"payment-service","message":"Database connection pool threshold reached (80%)"}
{"timestamp":"2026-07-05T03:36:54.675Z","level":"INFO","service":"notification-service","message":"Fetched product catalog data successfully"}
{"timestamp":"2026-07-05T03:37:02.461Z","level":"ERROR","service":"catalog-service","message":"Failed to retrieve exchange rate from external API provider","stack_trace":"java.io.IOException: connection reset by peer
\tat sun.net.www.http.HttpClient.parseHTTPHeader(HttpClient.java:712)
\tat sun.net.www.protocol.http.HttpURLConnection.getInputStream0(HttpURLConnection.java:1590) [req_ref: 0x40db970]"
{"timestamp":"2026-07-05T03:37:36.774Z","level":"INFO","service":"catalog-service","message":"Sending order email confirmation notification"}
{"timestamp":"2026-07-05T03:37:55.181Z","level":"INFO","service":"notification-service","message":"Sending order email confirmation notification"}
{"timestamp":"2026-07-05T03:38:32.624Z","level":"INFO","service":"catalog-service","message":"Sending order email confirmation notification"}
{"timestamp":"2026-07-05T03:38:50.834Z","level":"WARN","service":"catalog-service","message":"Database connection pool threshold reached (80%)"}
{"timestamp":"2026-07-05T03:39:00.517Z","level":"INFO","service":"cart-service","message":"User added item to shopping cart"}
{"timestamp":"2026-07-05T03:39:39.934Z","level":"INFO","service":"catalog-service","message":"Cart session initialized"}
{"timestamp":"2026-07-05T03:40:09.465Z","level":"INFO","service":"user-service","message":"Sending order email confirmation notification"}
{"timestamp":"2026-07-05T03:40:41.565Z","level":"INFO","service":"cart-service","message":"User added item to shopping cart"}
{"timestamp":"2026-07-05T03:40:46.996Z","level":"INFO","service":"user-service","message":"Sending order email confirmation notification"}
{"timestamp":"2026-07-05T03:41:00.679Z","level":"INFO","service":"notification-service","message":"Cart session initialized"}
{"timestamp":"2026-07-05T03:41:17.921Z","level":"INFO","service":"payment-service","message":"Cart session initialized"}
{"timestamp":"2026-07-05T03:41:28.689Z","level":"ERROR","service":"notification-service","message":"Failed to retrieve exchange rate from external API provider","stack_trace":"java.io.IOException: connection reset by peer
\tat sun.net.www.http.HttpClient.parseHTTPHeader(HttpClient.java:712)
\tat sun.net.www.protocol.http.HttpURLConnection.getInputStream0(HttpURLConnection.java:1590) [req_ref: 0x262f12b]"}
{"timestamp":"2026-07-05T03:41:44.472Z","level":"INFO","service":"notification-service","message":"User added item to shopping cart"}
{"timestamp":"2026-07-05T03:42:22.488Z","level":"INFO","service":"cart-service","message":"Fetched product catalog data successfully"}
{"timestamp":"2026-07-05T03:42:52.975Z","level":"WARN","service":"catalog-service","message":"Slow query detected on order history catalog lookup"}
{"timestamp":"2026-07-05T03:43:21.097Z","level":"WARN","service":"user-service","message":"Database connection pool threshold reached (80%)"}
{"timestamp":"2026-07-05T03:43:49.845Z","level":"INFO","service":"notification-service","message":"Cart session initialized"}
{"timestamp":"2026-07-05T03:43:54.650Z","level":"ERROR","service":"notification-service","message":"Failed to retrieve exchange rate from external API provider","stack_trace":"java.io.IOException: connection reset by peer
\tat sun.net.www.http.HttpClient.parseHTTPHeader(HttpClient.java:712)
\tat sun.net.www.protocol.http.HttpURLConnection.getInputStream0(HttpURLConnection.java:1590) [req_ref: 0x1664fd5]"}
{"timestamp":"2026-07-05T03:44:16.253Z","level":"INFO","service":"user-service","message":"Cart session initialized"}
{"timestamp":"2026-07-05T03:44:50.621Z","level":"WARN","service":"catalog-service","message":"Database connection pool threshold reached (80%)"}
{"timestamp":"2026-07-05T03:45:02.471Z","level":"INFO","service":"notification-service","message":"User added item to shopping cart"}
{"timestamp":"2026-07-05T03:45:29.993Z","level":"WARN","service":"notification-service","message":"Database connection pool threshold reached (80%)"}
{"timestamp":"2026-07-05T03:46:08.658Z","level":"ERROR","service":"payment-service","message":"Failed to retrieve exchange rate from external API provider","stack_trace":"java.io.IOException: connection reset by peer
\tat sun.net.www.http.HttpClient.parseHTTPHeader(HttpClient.java:712)
\tat sun.net.www.protocol.http.HttpURLConnection.getInputStream0(HttpURLConnection.java:1590) [req_ref: 0x2fcc0ae]"}
{"timestamp":"2026-07-05T03:46:44.182Z","level":"INFO","service":"user-service","message":"Cart session initialized"}
{"timestamp":"2026-07-05T03:47:14.385Z","level":"WARN","service":"cart-service","message":"Database connection pool threshold reached (80%)"}
{"timestamp":"2026-07-05T03:47:53.393Z","level":"INFO","service":"payment-service","message":"Payment authorization token acquired"}
{"timestamp":"2026-07-05T03:48:04.141Z","level":"WARN","service":"cart-service","message":"Slow query detected on order history catalog lookup"}
{"timestamp":"2026-07-05T03:48:22.315Z","level":"ERROR","service":"notification-service","message":"Failed to retrieve exchange rate from external API provider","stack_trace":"java.io.IOException: connection reset by peer
\tat sun.net.www.http.HttpClient.parseHTTPHeader(HttpClient.java:712)
\tat sun.net.www.protocol.http.HttpURLConnection.getInputStream0(HttpURLConnection.java:1590) [req_ref: 0x55769e1]"}
{"timestamp":"2026-07-05T03:48:37.351Z","level":"INFO","service":"cart-service","message":"Sending order email confirmation notification"}
{"timestamp":"2026-07-05T03:48:59.687Z","level":"INFO","service":"catalog-service","message":"Fetched product catalog data successfully"}
{"timestamp":"2026-07-05T03:49:32.755Z","level":"INFO","service":"cart-service","message":"Cart session initialized"}
{"timestamp":"2026-07-05T03:49:38.455Z","level":"WARN","service":"cart-service","message":"Slow query detected on order history catalog lookup"}
{"timestamp":"2026-07-05T03:49:52.783Z","level":"WARN","service":"notification-service","message":"Database connection pool threshold reached (80%)"}
{"timestamp":"2026-07-05T03:50:24.604Z","level":"INFO","service":"cart-service","message":"User added item to shopping cart"}
{"timestamp":"2026-07-05T03:50:57.587Z","level":"WARN","service":"notification-service","message":"Database connection pool threshold reached (80%)"}
{"timestamp":"2026-07-05T03:51:33.022Z","level":"INFO","service":"notification-service","message":"Fetched product catalog data successfully"}
{"timestamp":"2026-07-05T03:52:13.800Z","level":"WARN","service":"notification-service","message":"Slow query detected on order history catalog lookup"}
{"timestamp":"2026-07-05T03:52:37.702Z","level":"INFO","service":"catalog-service","message":"User login credentials validated"}
{"timestamp":"2026-07-05T03:53:17.360Z","level":"INFO","service":"notification-service","message":"User login credentials validated"}
{"timestamp":"2026-07-05T03:53:47.282Z","level":"ERROR","service":"user-service","message":"Failed to retrieve exchange rate from external API provider","stack_trace":"java.io.IOException: connection reset by peer
\tat sun.net.www.http.HttpClient.parseHTTPHeader(HttpClient.java:712)
\tat sun.net.www.protocol.http.HttpURLConnection.getInputStream0(HttpURLConnection.java:1590) [req_ref: 0x224f5da]"}
{"timestamp":"2026-07-05T03:54:24.867Z","level":"INFO","service":"cart-service","message":"User added item to shopping cart"}
{"timestamp":"2026-07-05T03:54:55.473Z","level":"INFO","service":"payment-service","message":"User login credentials validated"}
{"timestamp":"2026-07-05T03:55:29.531Z","level":"INFO","service":"cart-service","message":"Sending order email confirmation notification"}
{"timestamp":"2026-07-05T03:55:59.750Z","level":"ERROR","service":"notification-service","message":"Failed to retrieve exchange rate from external API provider","stack_trace":"java.io.IOException: connection reset by peer
\tat sun.net.www.http.HttpClient.parseHTTPHeader(HttpClient.java:712)
\tat sun.net.www.protocol.http.HttpURLConnection.getInputStream0(HttpURLConnection.java:1590) [req_ref: 0x4dc9e48]"
{"timestamp":"2026-07-05T03:56:28.299Z","level":"ERROR","service":"notification-service","message":"Failed to retrieve exchange rate from external API provider","stack_trace":"java.io.IOException: connection reset by peer
\tat sun.net.www.http.HttpClient.parseHTTPHeader(HttpClient.java:712)
\tat sun.net.www.protocol.http.HttpURLConnection.getInputStream0(HttpURLConnection.java:1590) [req_ref: 0xd1d6a5]"}
{"timestamp":"2026-07-05T03:56:53.010Z","level":"INFO","service":"notification-service","message":"Cart session initialized"}
{"timestamp":"2026-07-05T03:57:30.825Z","level":"INFO","service":"catalog-service","message":"Fetched product catalog data successfully"}
{"timestamp":"2026-07-05T03:57:55.988Z","level":"INFO","service":"payment-service","message":"User added item to shopping cart"}
{"timestamp":"2026-07-05T03:58:02.167Z","level":"INFO","service":"catalog-service","message":"Cart session initialized"}
{"timestamp":"2026-07-05T03:58:36.040Z","level":"WARN","service":"catalog-service","message":"Database connection pool threshold reached (80%)"}
{"timestamp":"2026-07-05T03:58:59.566Z","level":"INFO","service":"notification-service","message":"Fetched product catalog data successfully"}
{"timestamp":"2026-07-05T03:59:05.860Z","level":"INFO","service":"notification-service","message":"Cart session initialized"}
{"timestamp":"2026-07-05T03:59:27.547Z","level":"INFO","service":"cart-service","message":"Payment authorization token acquired"}
{"timestamp":"2026-07-05T04:00:05.106Z","level":"INFO","service":"payment-service","message":"Fetched product catalog data successfully"}
{"timestamp":"2026-07-05T04:00:45.898Z","level":"ERROR","service":"notification-service","message":"Failed to retrieve exchange rate from external API provider","stack_trace":"java.io.IOException: connection reset by peer
\tat sun.net.www.http.HttpClient.parseHTTPHeader(HttpClient.java:712)
\tat sun.net.www.protocol.http.HttpURLConnection.getInputStream0(HttpURLConnection.java:1590) [req_ref: 0x21d9d0b]"}
{"timestamp":"2026-07-05T04:00:52.337Z","level":"INFO","service":"catalog-service","message":"User login credentials validated"}
{"timestamp":"2026-07-05T04:01:31.564Z","level":"WARN","service":"payment-service","message":"Slow query detected on order history catalog lookup"}
{"timestamp":"2026-07-05T04:01:52.853Z","level":"ERROR","service":"user-service","message":"Failed to retrieve exchange rate from external API provider","stack_trace":"java.io.IOException: connection reset by peer
\tat sun.net.www.http.HttpClient.parseHTTPHeader(HttpClient.java:712)
\tat sun.net.www.protocol.http.HttpURLConnection.getInputStream0(HttpURLConnection.java:1590) [req_ref: 0x3608a4d]"}
{"timestamp":"2026-07-05T04:02:12.014Z","level":"WARN","service":"payment-service","message":"Slow query detected on order history catalog lookup"}
{"timestamp":"2026-07-05T04:02:40.937Z","level":"INFO","service":"user-service","message":"Fetched product catalog data successfully"}
{"timestamp":"2026-07-05T04:02:45.217Z","level":"INFO","service":"user-service","message":"Payment authorization token acquired"}
{"timestamp":"2026-07-05T04:03:14.778Z","level":"INFO","service":"catalog-service","message":"User added item to shopping cart"}
{"timestamp":"2026-07-05T04:03:41.660Z","level":"INFO","service":"payment-service","message":"Fetched product catalog data successfully"}
{"timestamp":"2026-07-05T04:04:08.396Z","level":"INFO","service":"cart-service","message":"User added item to shopping cart"}
{"timestamp":"2026-07-05T04:04:48.267Z","level":"INFO","service":"notification-service","message":"Sending order email confirmation notification"}
{"timestamp":"2026-07-05T04:05:21.554Z","level":"WARN","service":"cart-service","message":"Database connection pool threshold reached (80%)"}
{"timestamp":"2026-07-05T04:05:54.583Z","level":"ERROR","service":"user-service","message":"Failed to retrieve exchange rate from external API provider","stack_trace":"java.io.IOException: connection reset by peer
\tat sun.net.www.http.HttpClient.parseHTTPHeader(HttpClient.java:712)
\tat sun.net.www.protocol.http.HttpURLConnection.getInputStream0(HttpURLConnection.java:1590) [req_ref: 0x46f5356]"}
{"timestamp":"2026-07-05T04:06:00.669Z","level":"ERROR","service":"user-service","message":"Failed to retrieve exchange rate from external API provider","stack_trace":"java.io.IOException: connection reset by peer
\tat sun.net.www.http.HttpClient.parseHTTPHeader(HttpClient.java:712)
\tat sun.net.www.protocol.http.HttpURLConnection.getInputStream0(HttpURLConnection.java:1590) [req_ref: 0x45f7502]"
{"timestamp":"2026-07-05T04:06:07.031Z","level":"INFO","service":"user-service","message":"Sending order email confirmation notification"}
{"timestamp":"2026-07-05T04:06:39.381Z","level":"INFO","service":"user-service","message":"Fetched product catalog data successfully"}
{"timestamp":"2026-07-05T04:06:58.277Z","level":"INFO","service":"cart-service","message":"User login credentials validated"}
{"timestamp":"2026-07-05T04:07:19.134Z","level":"INFO","service":"notification-service","message":"Fetched product catalog data successfully"}
{"timestamp":"2026-07-05T04:07:49.495Z","level":"INFO","service":"cart-service","message":"Payment authorization token acquired"}
{"timestamp":"2026-07-05T04:08:21.572Z","level":"INFO","service":"catalog-service","message":"Payment authorization token acquired"}
{"timestamp":"2026-07-05T04:08:36.308Z","level":"WARN","service":"user-service","message":"Database connection pool threshold reached (80%)"}
{"timestamp":"2026-07-05T04:08:50.806Z","level":"INFO","service":"payment-service","message":"User added item to shopping cart"}
{"timestamp":"2026-07-05T04:09:15.932Z","level":"WARN","service":"cart-service","message":"Database connection pool threshold reached (80%)"}
{"timestamp":"2026-07-05T04:09:50.140Z","level":"WARN","service":"cart-service","message":"Database connection pool threshold reached (80%)"}
{"timestamp":"2026-07-05T04:10:06.188Z","level":"INFO","service":"payment-service","message":"User added item to shopping cart"}
{"timestamp":"2026-07-05T04:10:11.339Z","level":"INFO","service":"payment-service","message":"Sending order email confirmation notification"}
{"timestamp":"2026-07-05T04:10:34.450Z","level":"INFO","service":"user-service","message":"User login credentials validated"}
{"timestamp":"2026-07-05T04:11:10.314Z","level":"WARN","service":"catalog-service","message":"Database connection pool threshold reached (80%)"}
{"timestamp":"2026-07-05T04:11:34.554Z","level":"INFO","service":"cart-service","message":"Payment authorization token acquired"}
{"timestamp":"2026-07-05T04:12:02.611Z","level":"WARN","service":"payment-service","message":"Database connection pool threshold reached (80%)"}
{"timestamp":"2026-07-05T04:12:10.300Z","level":"ERROR","service":"data-processor","message":"Failed to process streaming packet buffer","stack_trace":"java.lang.ArrayIndexOutOfBoundsException: Index 12 out of bounds for length 8
\tat com.data.Processor.processBuffer(Processor.java:214)
\tat com.data.Processor.run(Processor.java:98) [buffer_addr: 0x7ffd5102a4bf]"}
{"timestamp":"2026-07-05T04:12:27.174Z","level":"INFO","service":"user-service","message":"Sending order email confirmation notification"}
{"timestamp":"2026-07-05T04:13:06.230Z","level":"INFO","service":"cart-service","message":"Fetched product catalog data successfully"}
{"timestamp":"2026-07-05T04:13:42.850Z","level":"INFO","service":"user-service","message":"Cart session initialized"}
{"timestamp":"2026-07-05T04:14:05.341Z","level":"INFO","service":"cart-service","message":"Sending order email confirmation notification"}
{"timestamp":"2026-07-05T04:14:16.170Z","level":"INFO","service":"notification-service","message":"Fetched product catalog data successfully"}
{"timestamp":"2026-07-05T04:14:21.758Z","level":"WARN","service":"payment-service","message":"Database connection pool threshold reached (80%)"}
{"timestamp":"2026-07-05T04:14:34.674Z","level":"INFO","service":"payment-service","message":"User added item to shopping cart"}
{"timestamp":"2026-07-05T04:14:43.951Z","level":"INFO","service":"catalog-service","message":"Sending order email confirmation notification"}
{"timestamp":"2026-07-05T04:14:57.648Z","level":"WARN","service":"catalog-service","message":"Slow query detected on order history catalog lookup"}
{"timestamp":"2026-07-05T04:15:12.435Z","level":"ERROR","service":"cart-service","message":"Failed to retrieve exchange rate from external API provider","stack_trace":"java.io.IOException: connection reset by peer
\tat sun.net.www.http.HttpClient.parseHTTPHeader(HttpClient.java:712)
\tat sun.net.www.protocol.http.HttpURLConnection.getInputStream0(HttpURLConnection.java:1590) [req_ref: 0x5bc817d]"}
{"timestamp":"2026-07-05T04:15:32.632Z","level":"ERROR","service":"cart-service","message":"Failed to retrieve exchange rate from external API provider","stack_trace":"java.io.IOException: connection reset by peer
\tat sun.net.www.http.HttpClient.parseHTTPHeader(HttpClient.java:712)
\tat sun.net.www.protocol.http.HttpURLConnection.getInputStream0(HttpURLConnection.java:1590) [req_ref: 0x329f717]"}
{"timestamp":"2026-07-05T04:15:57.567Z","level":"INFO","service":"cart-service","message":"Cart session initialized"}
{"timestamp":"2026-07-05T04:16:13.598Z","level":"INFO","service":"cart-service","message":"Cart session initialized"}
{"timestamp":"2026-07-05T04:16:40.143Z","level":"INFO","service":"cart-service","message":"User added item to shopping cart"}
{"timestamp":"2026-07-05T04:17:10.118Z","level":"INFO","service":"notification-service","message":"Payment authorization token acquired"}
{"timestamp":"2026-07-05T04:17:46.377Z","level":"INFO","service":"notification-service","message":"User added item to shopping cart"}
{"timestamp":"2026-07-05T04:18:19.068Z","level":"INFO","service":"user-service","message":"Payment authorization token acquired"}
{"timestamp":"2026-07-05T04:18:27.541Z","level":"INFO","service":"user-service","message":"Payment authorization token acquired"}
{"timestamp":"2026-07-05T04:18:51.613Z","level":"INFO","service":"user-service","message":"User login credentials validated"}
{"timestamp":"2026-07-05T04:19:24.465Z","level":"INFO","service":"cart-service","message":"User login credentials validated"}
{"timestamp":"2026-07-05T04:19:59.235Z","level":"INFO","service":"cart-service","message":"Sending order email confirmation notification"}
{"timestamp":"2026-07-05T04:20:26.790Z","level":"INFO","service":"payment-service","message":"User login credentials validated"}
{"timestamp":"2026-07-05T04:20:59.894Z","level":"INFO","service":"notification-service","message":"User login credentials validated"}
{"timestamp":"2026-07-05T04:21:11.853Z","level":"INFO","service":"catalog-service","message":"User added item to shopping cart"}
{"timestamp":"2026-07-05T04:21:38.594Z","level":"WARN","service":"cart-service","message":"Slow query detected on order history catalog lookup"}
{"timestamp":"2026-07-05T04:21:55.266Z","level":"INFO","service":"cart-service","message":"Sending order email confirmation notification"}
{"timestamp":"2026-07-05T04:22:02.341Z","level":"WARN","service":"payment-service","message":"Slow query detected on order history catalog lookup"}
{"timestamp":"2026-07-05T04:22:39.547Z","level":"INFO","service":"user-service","message":"Sending order email confirmation notification"}
{"timestamp":"2026-07-05T04:22:56.127Z","level":"INFO","service":"notification-service","message":"Sending order email confirmation notification"}
{"timestamp":"2026-07-05T04:23:27.085Z","level":"INFO","service":"user-service","message":"Sending order email confirmation notification"}
{"timestamp":"2026-07-05T04:23:47.845Z","level":"INFO","service":"notification-service","message":"Cart session initialized"}
{"timestamp":"2026-07-05T04:24:19.958Z","level":"ERROR","service":"user-service","message":"Failed to retrieve exchange rate from external API provider","stack_trace":"java.io.IOException: connection reset by peer
\tat sun.net.www.http.HttpClient.parseHTTPHeader(HttpClient.java:712)
\tat sun.net.www.protocol.http.HttpURLConnection.getInputStream0(HttpURLConnection.java:1590) [req_ref: 0x4643ab1]"}
{"timestamp":"2026-07-05T04:24:35.831Z","level":"INFO","service":"notification-service","message":"User added item to shopping cart"}
{"timestamp":"2026-07-05T04:25:02.813Z","level":"WARN","service":"payment-service","message":"Slow query detected on order history catalog lookup"}
{"timestamp":"2026-07-05T04:25:41.486Z","level":"INFO","service":"payment-service","message":"Fetched product catalog data successfully"}
{"timestamp":"2026-07-05T04:26:04.847Z","level":"WARN","service":"notification-service","message":"Database connection pool threshold reached (80%)"}
{"timestamp":"2026-07-05T04:26:20.323Z","level":"INFO","service":"user-service","message":"Payment authorization token acquired"}
{"timestamp":"2026-07-05T04:26:36.125Z","level":"INFO","service":"catalog-service","message":"User login credentials validated"}
{"timestamp":"2026-07-05T04:27:07.334Z","level":"INFO","service":"payment-service","message":"Payment authorization token acquired"}
{"timestamp":"2026-07-05T04:27:26.494Z","level":"INFO","service":"notification-service","message":"Fetched product catalog data successfully"}
{"timestamp":"2026-07-05T04:27:37.524Z","level":"INFO","service":"notification-service","message":"User added item to shopping cart"}
{"timestamp":"2026-07-05T04:28:04.435Z","level":"INFO","service":"catalog-service","message":"Sending order email confirmation notification"}
{"timestamp":"2026-07-05T04:28:27.285Z","level":"WARN","service":"catalog-service","message":"Slow query detected on order history catalog lookup"}
{"timestamp":"2026-07-05T04:28:37.752Z","level":"WARN","service":"catalog-service","message":"Slow query detected on order history catalog lookup"}
{"timestamp":"2026-07-05T04:29:06.955Z","level":"WARN","service":"payment-service","message":"Database connection pool threshold reached (80%)"}
{"timestamp":"2026-07-05T04:29:15.317Z","level":"INFO","service":"payment-service","message":"Sending order email confirmation notification"}
{"timestamp":"2026-07-05T04:29:45.139Z","level":"INFO","service":"notification-service","message":"User login credentials validated"}
{"timestamp":"2026-07-05T04:30:14.644Z","level":"INFO","service":"catalog-service","message":"User login credentials validated"}
{"timestamp":"2026-07-05T04:30:40.053Z","level":"INFO","service":"notification-service","message":"Fetched product catalog data successfully"}
{"timestamp":"2026-07-05T04:30:47.114Z","level":"ERROR","service":"user-service","message":"Failed to retrieve exchange rate from external API provider","stack_trace":"java.io.IOException: connection reset by peer
\tat sun.net.www.http.HttpClient.parseHTTPHeader(HttpClient.java:712)
\tat sun.net.www.protocol.http.HttpURLConnection.getInputStream0(HttpURLConnection.java:1590) [req_ref: 0x55c5492]"}
{"timestamp":"2026-07-05T04:31:22.233Z","level":"INFO","service":"notification-service","message":"Fetched product catalog data successfully"}
{"timestamp":"2026-07-05T04:32:01.927Z","level":"INFO","service":"payment-service","message":"Payment authorization token acquired"}
{"timestamp":"2026-07-05T04:32:16.097Z","level":"ERROR","service":"user-service","message":"Failed to retrieve exchange rate from external API provider","stack_trace":"java.io.IOException: connection reset by peer
\tat sun.net.www.http.HttpClient.parseHTTPHeader(HttpClient.java:712)
\tat sun.net.www.protocol.http.HttpURLConnection.getInputStream0(HttpURLConnection.java:1590) [req_ref: 0x55a0603]"}
{"timestamp":"2026-07-05T04:32:54.297Z","level":"INFO","service":"cart-service","message":"Cart session initialized"}
{"timestamp":"2026-07-05T04:33:17.399Z","level":"ERROR","service":"cart-service","message":"Failed to retrieve exchange rate from external API provider","stack_trace":"java.io.IOException: connection reset by peer
\tat sun.net.www.http.HttpClient.parseHTTPHeader(HttpClient.java:712)
\tat sun.net.www.protocol.http.HttpURLConnection.getInputStream0(HttpURLConnection.java:1590) [req_ref: 0x4bacb94]"}
{"timestamp":"2026-07-05T04:33:51.596Z","level":"WARN","service":"cart-service","message":"Slow query detected on order history catalog lookup"}
{"timestamp":"2026-07-05T04:34:06.574Z","level":"WARN","service":"cart-service","message":"Slow query detected on order history catalog lookup"}
{"timestamp":"2026-07-05T04:34:32.650Z","level":"INFO","service":"notification-service","message":"Payment authorization token acquired"}
{"timestamp":"2026-07-05T04:35:10.129Z","level":"INFO","service":"notification-service","message":"User added item to shopping cart"}
{"timestamp":"2026-07-05T04:35:18.183Z","level":"INFO","service":"payment-service","message":"User added item to shopping cart"}
{"timestamp":"2026-07-05T04:35:51.763Z","level":"WARN","service":"notification-service","message":"Slow query detected on order history catalog lookup"}
{"timestamp":"2026-07-05T04:36:30.623Z","level":"INFO","service":"user-service","message":"Cart session initialized"}
{"timestamp":"2026-07-05T04:36:54.541Z","level":"INFO","service":"notification-service","message":"Sending order email confirmation notification"}
{"timestamp":"2026-07-05T04:37:27.920Z","level":"WARN","service":"user-service","message":"Slow query detected on order history catalog lookup"}
{"timestamp":"2026-07-05T04:37:32.948Z","level":"ERROR","service":"cart-service","message":"Failed to retrieve exchange rate from external API provider","stack_trace":"java.io.IOException: connection reset by peer
\tat sun.net.www.http.HttpClient.parseHTTPHeader(HttpClient.java:712)
\tat sun.net.www.protocol.http.HttpURLConnection.getInputStream0(HttpURLConnection.java:1590) [req_ref: 0x2fd7300]"}
{"timestamp":"2026-07-05T04:37:53.947Z","level":"INFO","service":"cart-service","message":"User added item to shopping cart"}
{"timestamp":"2026-07-05T04:38:15.813Z","level":"WARN","service":"payment-service","message":"Database connection pool threshold reached (80%)"}
{"timestamp":"2026-07-05T04:38:51.778Z","level":"ERROR","service":"payment-service","message":"Failed to retrieve exchange rate from external API provider","stack_trace":"java.io.IOException: connection reset by peer
\tat sun.net.www.http.HttpClient.parseHTTPHeader(HttpClient.java:712)
\tat sun.net.www.protocol.http.HttpURLConnection.getInputStream0(HttpURLConnection.java:1590) [req_ref: 0x3b9cdb8]"}
{"timestamp":"2026-07-05T04:39:02.084Z","level":"INFO","service":"payment-service","message":"Sending order email confirmation notification"}
{"timestamp":"2026-07-05T04:39:08.214Z","level":"ERROR","service":"notification-service","message":"Failed to retrieve exchange rate from external API provider","stack_trace":"java.io.IOException: connection reset by peer
\tat sun.net.www.http.HttpClient.parseHTTPHeader(HttpClient.java:712)
\tat sun.net.www.protocol.http.HttpURLConnection.getInputStream0(HttpURLConnection.java:1590) [req_ref: 0x3546dad]"}
{"timestamp":"2026-07-05T04:39:47.116Z","level":"INFO","service":"user-service","message":"Sending order email confirmation notification"}
{"timestamp":"2026-07-05T04:40:23.854Z","level":"INFO","service":"notification-service","message":"User added item to shopping cart"}
{"timestamp":"2026-07-05T04:40:45.967Z","level":"INFO","service":"cart-service","message":"Fetched product catalog data successfully"}
{"timestamp":"2026-07-05T04:40:51.755Z","level":"INFO","service":"notification-service","message":"Cart session initialized"}
{"timestamp":"2026-07-05T04:41:02.455Z","level":"INFO","service":"catalog-service","message":"Fetched product catalog data successfully"}
{"timestamp":"2026-07-05T04:41:30.323Z","level":"ERROR","service":"payment-service","message":"Failed to retrieve exchange rate from external API provider","stack_trace":"java.io.IOException: connection reset by peer
\tat sun.net.www.http.HttpClient.parseHTTPHeader(HttpClient.java:712)
\tat sun.net.www.protocol.http.HttpURLConnection.getInputStream0(HttpURLConnection.java:1590) [req_ref: 0x3ff7318]"}
{"timestamp":"2026-07-05T04:41:48.226Z","level":"INFO","service":"cart-service","message":"User added item to shopping cart"}
{"timestamp":"2026-07-05T04:42:13.762Z","level":"ERROR","service":"notification-service","message":"Failed to retrieve exchange rate from external API provider","stack_trace":"java.io.IOException: connection reset by peer
\tat sun.net.www.http.HttpClient.parseHTTPHeader(HttpClient.java:712)
\tat sun.net.www.protocol.http.HttpURLConnection.getInputStream0(HttpURLConnection.java:1590) [req_ref: 0xc2ea3c]"}
{"timestamp":"2026-07-05T04:42:47.984Z","level":"INFO","service":"user-service","message":"Payment authorization token acquired"}
{"timestamp":"2026-07-05T04:43:04.129Z","level":"INFO","service":"catalog-service","message":"Fetched product catalog data successfully"}
{"timestamp":"2026-07-05T04:43:16.124Z","level":"INFO","service":"notification-service","message":"Sending order email confirmation notification"}
{"timestamp":"2026-07-05T04:43:26.010Z","level":"ERROR","service":"payment-service","message":"Failed to retrieve exchange rate from external API provider","stack_trace":"java.io.IOException: connection reset by peer
\tat sun.net.www.http.HttpClient.parseHTTPHeader(HttpClient.java:712)
\tat sun.net.www.protocol.http.HttpURLConnection.getInputStream0(HttpURLConnection.java:1590) [req_ref: 0x199eb67]"}
{"timestamp":"2026-07-05T04:44:01.314Z","level":"INFO","service":"payment-service","message":"Payment authorization token acquired"}
{"timestamp":"2026-07-05T04:44:28.124Z","level":"WARN","service":"payment-service","message":"Database connection pool threshold reached (80%)"}
{"timestamp":"2026-07-05T04:44:35.587Z","level":"ERROR","service":"user-service","message":"Failed to retrieve exchange rate from external API provider","stack_trace":"java.io.IOException: connection reset by peer
\tat sun.net.www.http.HttpClient.parseHTTPHeader(HttpClient.java:712)
\tat sun.net.www.protocol.http.HttpURLConnection.getInputStream0(HttpURLConnection.java:1590) [req_ref: 0x3388433]"}
{"timestamp":"2026-07-05T04:44:46.876Z","level":"INFO","service":"notification-service","message":"User added item to shopping cart"}
{"timestamp":"2026-07-05T04:44:53.290Z","level":"INFO","service":"cart-service","message":"Fetched product catalog data successfully"}
{"timestamp":"2026-07-05T04:45:06.306Z","level":"WARN","service":"payment-service","message":"Slow query detected on order history catalog lookup"}
{"timestamp":"2026-07-05T04:45:24.410Z","level":"INFO","service":"user-service","message":"Payment authorization token acquired"}
{"timestamp":"2026-07-05T04:46:02.508Z","level":"WARN","service":"payment-service","message":"Database connection pool threshold reached (80%)"}
{"timestamp":"2026-07-05T04:46:32.143Z","level":"INFO","service":"catalog-service","message":"User added item to shopping cart"}
{"timestamp":"2026-07-05T04:46:50.706Z","level":"ERROR","service":"cart-service","message":"Failed to retrieve exchange rate from external API provider","stack_trace":"java.io.IOException: connection reset by peer
\tat sun.net.www.http.HttpClient.parseHTTPHeader(HttpClient.java:712)
\tat sun.net.www.protocol.http.HttpURLConnection.getInputStream0(HttpURLConnection.java:1590) [req_ref: 0x564891e]"}
{"timestamp":"2026-07-05T04:47:10.214Z","level":"INFO","service":"cart-service","message":"Sending order email confirmation notification"}
{"timestamp":"2026-07-05T04:47:18.721Z","level":"INFO","service":"user-service","message":"Payment authorization token acquired"}
{"timestamp":"2026-07-05T04:47:57.329Z","level":"INFO","service":"catalog-service","message":"User added item to shopping cart"}
{"timestamp":"2026-07-05T04:48:25.648Z","level":"WARN","service":"cart-service","message":"Slow query detected on order history catalog lookup"}
{"timestamp":"2026-07-05T04:48:45.088Z","level":"WARN","service":"cart-service","message":"Database connection pool threshold reached (80%)"}
{"timestamp":"2026-07-05T04:49:14.245Z","level":"WARN","service":"notification-service","message":"Slow query detected on order history catalog lookup"}
{"timestamp":"2026-07-05T04:49:30.365Z","level":"INFO","service":"cart-service","message":"User added item to shopping cart"}
{"timestamp":"2026-07-05T04:49:41.388Z","level":"INFO","service":"cart-service","message":"Sending order email confirmation notification"}
{"timestamp":"2026-07-05T04:50:11.979Z","level":"INFO","service":"notification-service","message":"Fetched product catalog data successfully"}
{"timestamp":"2026-07-05T04:50:24.858Z","level":"INFO","service":"notification-service","message":"Sending order email confirmation notification"}
{"timestamp":"2026-07-05T04:50:59.497Z","level":"WARN","service":"payment-service","message":"Slow query detected on order history catalog lookup"}
{"timestamp":"2026-07-05T04:51:05.875Z","level":"ERROR","service":"payment-service","message":"Failed to retrieve exchange rate from external API provider","stack_trace":"java.io.IOException: connection reset by peer
\tat sun.net.www.http.HttpClient.parseHTTPHeader(HttpClient.java:712)
\tat sun.net.www.protocol.http.HttpURLConnection.getInputStream0(HttpURLConnection.java:1590) [req_ref: 0x55a206b]"}
{"timestamp":"2026-07-05T04:51:34.419Z","level":"INFO","service":"user-service","message":"Payment authorization token acquired"}
{"timestamp":"2026-07-05T04:51:54.302Z","level":"ERROR","service":"payment-service","message":"Failed to retrieve exchange rate from external API provider","stack_trace":"java.io.IOException: connection reset by peer
\tat sun.net.www.http.HttpClient.parseHTTPHeader(HttpClient.java:712)
\tat sun.net.www.protocol.http.HttpURLConnection.getInputStream0(HttpURLConnection.java:1590) [req_ref: 0x140f28a]"}
{"timestamp":"2026-07-05T04:52:15.262Z","level":"WARN","service":"user-service","message":"Database connection pool threshold reached (80%)"}
{"timestamp":"2026-07-05T04:52:24.035Z","level":"WARN","service":"user-service","message":"Slow query detected on order history catalog lookup"}
{"timestamp":"2026-07-05T04:52:49.649Z","level":"INFO","service":"payment-service","message":"Payment authorization token acquired"}
{"timestamp":"2026-07-05T04:53:28.893Z","level":"WARN","service":"cart-service","message":"Database connection pool threshold reached (80%)"}
{"timestamp":"2026-07-05T04:53:49.043Z","level":"INFO","service":"cart-service","message":"User added item to shopping cart"}
{"timestamp":"2026-07-05T04:53:56.193Z","level":"ERROR","service":"notification-service","message":"Failed to retrieve exchange rate from external API provider","stack_trace":"java.io.IOException: connection reset by peer
\tat sun.net.www.http.HttpClient.parseHTTPHeader(HttpClient.java:712)
\tat sun.net.www.protocol.http.HttpURLConnection.getInputStream0(HttpURLConnection.java:1590) [req_ref: 0x9b1766]"
{"timestamp":"2026-07-05T04:54:14.008Z","level":"INFO","service":"cart-service","message":"Cart session initialized"}
{"timestamp":"2026-07-05T04:54:50.429Z","level":"WARN","service":"payment-service","message":"Database connection pool threshold reached (80%)"}
{"timestamp":"2026-07-05T04:55:03.956Z","level":"INFO","service":"notification-service","message":"User added item to shopping cart"}
{"timestamp":"2026-07-05T04:55:24.648Z","level":"INFO","service":"cart-service","message":"User login credentials validated"}
{"timestamp":"2026-07-05T04:55:58.118Z","level":"INFO","service":"notification-service","message":"Sending order email confirmation notification"}
{"timestamp":"2026-07-05T04:56:23.813Z","level":"INFO","service":"payment-service","message":"Fetched product catalog data successfully"}
{"timestamp":"2026-07-05T04:56:54.588Z","level":"WARN","service":"user-service","message":"Database connection pool threshold reached (80%)"}
{"timestamp":"2026-07-05T04:57:30.411Z","level":"INFO","service":"cart-service","message":"Fetched product catalog data successfully"}
{"timestamp":"2026-07-05T04:57:46.177Z","level":"ERROR","service":"notification-service","message":"Failed to retrieve exchange rate from external API provider","stack_trace":"java.io.IOException: connection reset by peer
\tat sun.net.www.http.HttpClient.parseHTTPHeader(HttpClient.java:712)
\tat sun.net.www.protocol.http.HttpURLConnection.getInputStream0(HttpURLConnection.java:1590) [req_ref: 0x2d261b4]"}
{"timestamp":"2026-07-05T04:58:23.465Z","level":"INFO","service":"cart-service","message":"Payment authorization token acquired"}
{"timestamp":"2026-07-05T04:58:50.114Z","level":"INFO","service":"payment-service","message":"Payment authorization token acquired"}
{"timestamp":"2026-07-05T04:59:29.766Z","level":"INFO","service":"catalog-service","message":"Cart session initialized"}
{"timestamp":"2026-07-05T05:00:05.126Z","level":"INFO","service":"catalog-service","message":"User login credentials validated"}
{"timestamp":"2026-07-05T05:00:22.021Z","level":"ERROR","service":"catalog-service","message":"Failed to retrieve exchange rate from external API provider","stack_trace":"java.io.IOException: connection reset by peer
\tat sun.net.www.http.HttpClient.parseHTTPHeader(HttpClient.java:712)
\tat sun.net.www.protocol.http.HttpURLConnection.getInputStream0(HttpURLConnection.java:1590) [req_ref: 0x5135de8]"}
{"timestamp":"2026-07-05T05:00:33.775Z","level":"INFO","service":"catalog-service","message":"User login credentials validated"}
{"timestamp":"2026-07-05T05:00:40.207Z","level":"INFO","service":"cart-service","message":"Sending order email confirmation notification"}
{"timestamp":"2026-07-05T05:01:17.778Z","level":"INFO","service":"notification-service","message":"User added item to shopping cart"}
{"timestamp":"2026-07-05T05:01:54.505Z","level":"ERROR","service":"payment-service","message":"Failed to retrieve exchange rate from external API provider","stack_trace":"java.io.IOException: connection reset by peer
\tat sun.net.www.http.HttpClient.parseHTTPHeader(HttpClient.java:712)
\tat sun.net.www.protocol.http.HttpURLConnection.getInputStream0(HttpURLConnection.java:1590) [req_ref: 0x45aede8]"}
{"timestamp":"2026-07-05T05:02:21.984Z","level":"INFO","service":"notification-service","message":"Sending order email confirmation notification"}
{"timestamp":"2026-07-05T05:02:40.219Z","level":"INFO","service":"catalog-service","message":"User login credentials validated"}
{"timestamp":"2026-07-05T05:03:15.460Z","level":"INFO","service":"user-service","message":"User login credentials validated"}
{"timestamp":"2026-07-05T05:03:26.238Z","level":"INFO","service":"user-service","message":"Fetched product catalog data successfully"}
{"timestamp":"2026-07-05T05:03:38.964Z","level":"INFO","service":"cart-service","message":"Sending order email confirmation notification"}
{"timestamp":"2026-07-05T05:04:15.845Z","level":"INFO","service":"catalog-service","message":"Fetched product catalog data successfully"}
{"timestamp":"2026-07-05T05:04:31.558Z","level":"WARN","service":"payment-service","message":"Database connection pool threshold reached (80%)"}
{"timestamp":"2026-07-05T05:04:44.357Z","level":"INFO","service":"cart-service","message":"Cart session initialized"}
{"timestamp":"2026-07-05T05:04:51.946Z","level":"INFO","service":"cart-service","message":"User added item to shopping cart"}
{"timestamp":"2026-07-05T05:05:06.883Z","level":"INFO","service":"payment-service","message":"User added item to shopping cart"}
{"timestamp":"2026-07-05T05:05:13.741Z","level":"WARN","service":"cart-service","message":"Slow query detected on order history catalog lookup"}
{"timestamp":"2026-07-05T05:05:47.137Z","level":"INFO","service":"user-service","message":"User login credentials validated"}
{"timestamp":"2026-07-05T05:06:09.067Z","level":"INFO","service":"user-service","message":"Fetched product catalog data successfully"}
{"timestamp":"2026-07-05T05:06:45.706Z","level":"INFO","service":"notification-service","message":"User login credentials validated"}
{"timestamp":"2026-07-05T05:06:56.578Z","level":"INFO","service":"payment-service","message":"Cart session initialized"}
{"timestamp":"2026-07-05T05:07:18.380Z","level":"ERROR","service":"payment-service","message":"Failed to retrieve exchange rate from external API provider","stack_trace":"java.io.IOException: connection reset by peer
\tat sun.net.www.http.HttpClient.parseHTTPHeader(HttpClient.java:712)
\tat sun.net.www.protocol.http.HttpURLConnection.getInputStream0(HttpURLConnection.java:1590) [req_ref: 0x5bdf4f2]"
{"timestamp":"2026-07-05T05:07:53.731Z","level":"INFO","service":"notification-service","message":"User login credentials validated"}
{"timestamp":"2026-07-05T05:08:04.977Z","level":"INFO","service":"payment-service","message":"Cart session initialized"}
{"timestamp":"2026-07-05T05:08:26.557Z","level":"INFO","service":"catalog-service","message":"Fetched product catalog data successfully"}
{"timestamp":"2026-07-05T05:09:06.486Z","level":"WARN","service":"payment-service","message":"Database connection pool threshold reached (80%)"}
{"timestamp":"2026-07-05T05:09:27.886Z","level":"WARN","service":"notification-service","message":"Database connection pool threshold reached (80%)"}
{"timestamp":"2026-07-05T05:09:45.187Z","level":"INFO","service":"payment-service","message":"Payment authorization token acquired"}
{"timestamp":"2026-07-05T05:09:55.507Z","level":"INFO","service":"cart-service","message":"Cart session initialized"}
{"timestamp":"2026-07-05T05:10:11.296Z","level":"INFO","service":"user-service","message":"User login credentials validated"}
{"timestamp":"2026-07-05T05:10:29.176Z","level":"INFO","service":"catalog-service","message":"User added item to shopping cart"}
{"timestamp":"2026-07-05T05:10:40.546Z","level":"INFO","service":"notification-service","message":"Fetched product catalog data successfully"}
{"timestamp":"2026-07-05T05:10:47.197Z","level":"WARN","service":"cart-service","message":"Database connection pool threshold reached (80%)"}
{"timestamp":"2026-07-05T05:11:25.441Z","level":"WARN","service":"user-service","message":"Database connection pool threshold reached (80%)"}
{"timestamp":"2026-07-05T05:11:43.051Z","level":"INFO","service":"catalog-service","message":"Fetched product catalog data successfully"}
{"timestamp":"2026-07-05T05:11:57.559Z","level":"WARN","service":"catalog-service","message":"Slow query detected on order history catalog lookup"}
{"timestamp":"2026-07-05T05:12:12.057Z","level":"INFO","service":"payment-service","message":"Fetched product catalog data successfully"}
{"timestamp":"2026-07-05T05:12:19.608Z","level":"INFO","service":"cart-service","message":"Sending order email confirmation notification"}
{"timestamp":"2026-07-05T05:12:49.914Z","level":"INFO","service":"catalog-service","message":"Cart session initialized"}
{"timestamp":"2026-07-05T05:12:58.584Z","level":"INFO","service":"cart-service","message":"Sending order email confirmation notification"}
{"timestamp":"2026-07-05T05:13:29.981Z","level":"INFO","service":"notification-service","message":"Fetched product catalog data successfully"}
{"timestamp":"2026-07-05T05:13:34.347Z","level":"WARN","service":"catalog-service","message":"Slow query detected on order history catalog lookup"}
{"timestamp":"2026-07-05T05:13:59.030Z","level":"INFO","service":"user-service","message":"User added item to shopping cart"}
{"timestamp":"2026-07-05T05:14:35.249Z","level":"INFO","service":"payment-service","message":"Payment authorization token acquired"}
{"timestamp":"2026-07-05T05:14:40.026Z","level":"INFO","service":"catalog-service","message":"Sending order email confirmation notification"}
{"timestamp":"2026-07-05T05:15:14.091Z","level":"INFO","service":"payment-service","message":"Fetched product catalog data successfully"}
{"timestamp":"2026-07-05T05:15:47.175Z","level":"INFO","service":"payment-service","message":"User added item to shopping cart"}
{"timestamp":"2026-07-05T05:15:58.209Z","level":"WARN","service":"notification-service","message":"Database connection pool threshold reached (80%)"}
{"timestamp":"2026-07-05T05:16:05.761Z","level":"WARN","service":"notification-service","message":"Slow query detected on order history catalog lookup"}
{"timestamp":"2026-07-05T05:16:14.670Z","level":"WARN","service":"catalog-service","message":"Slow query detected on order history catalog lookup"}
{"timestamp":"2026-07-05T05:16:28.190Z","level":"INFO","service":"user-service","message":"Fetched product catalog data successfully"}
{"timestamp":"2026-07-05T05:16:49.323Z","level":"WARN","service":"cart-service","message":"Database connection pool threshold reached (80%)"}
{"timestamp":"2026-07-05T05:17:01.507Z","level":"INFO","service":"user-service","message":"Cart session initialized"}
{"timestamp":"2026-07-05T05:17:41.827Z","level":"WARN","service":"user-service","message":"Slow query detected on order history catalog lookup"}
{"timestamp":"2026-07-05T05:17:46.465Z","level":"INFO","service":"cart-service","message":"User login credentials validated"}
{"timestamp":"2026-07-05T05:18:06.416Z","level":"INFO","service":"user-service","message":"Cart session initialized"}
{"timestamp":"2026-07-05T05:18:25.777Z","level":"INFO","service":"cart-service","message":"User login credentials validated"}
{"timestamp":"2026-07-05T05:18:38.188Z","level":"INFO","service":"cart-service","message":"Cart session initialized"}
{"timestamp":"2026-07-05T05:18:48.663Z","level":"INFO","service":"catalog-service","message":"Fetched product catalog data successfully"}
{"timestamp":"2026-07-05T05:19:02.350Z","level":"INFO","service":"payment-service","message":"Sending order email confirmation notification"}
{"timestamp":"2026-07-05T05:19:24.773Z","level":"INFO","service":"user-service","message":"Cart session initialized"}
{"timestamp":"2026-07-05T05:19:30.597Z","level":"INFO","service":"cart-service","message":"User login credentials validated"}
{"timestamp":"2026-07-05T05:20:03.816Z","level":"INFO","service":"catalog-service","message":"Cart session initialized"}
{"timestamp":"2026-07-05T05:20:32.631Z","level":"INFO","service":"user-service","message":"Sending order email confirmation notification"}
{"timestamp":"2026-07-05T05:20:48.430Z","level":"INFO","service":"cart-service","message":"Payment authorization token acquired"}
{"timestamp":"2026-07-05T05:20:59.230Z","level":"WARN","service":"payment-service","message":"Slow query detected on order history catalog lookup"}
{"timestamp":"2026-07-05T05:21:30.080Z","level":"INFO","service":"catalog-service","message":"User login credentials validated"}
{"timestamp":"2026-07-05T05:22:10.024Z","level":"INFO","service":"payment-service","message":"User login credentials validated"}
{"timestamp":"2026-07-05T05:22:37.847Z","level":"ERROR","service":"cart-service","message":"Failed to retrieve exchange rate from external API provider","stack_trace":"java.io.IOException: connection reset by peer
\tat sun.net.www.http.HttpClient.parseHTTPHeader(HttpClient.java:712)
\tat sun.net.www.protocol.http.HttpURLConnection.getInputStream0(HttpURLConnection.java:1590) [req_ref: 0x366ef70]"
{"timestamp":"2026-07-05T05:22:44.134Z","level":"INFO","service":"user-service","message":"User added item to shopping cart"}
{"timestamp":"2026-07-05T05:22:56.327Z","level":"INFO","service":"notification-service","message":"User added item to shopping cart"}
{"timestamp":"2026-07-05T05:23:11.824Z","level":"ERROR","service":"catalog-service","message":"Failed to retrieve exchange rate from external API provider","stack_trace":"java.io.IOException: connection reset by peer
\tat sun.net.www.http.HttpClient.parseHTTPHeader(HttpClient.java:712)
\tat sun.net.www.protocol.http.HttpURLConnection.getInputStream0(HttpURLConnection.java:1590) [req_ref: 0x3d53736]"}
{"timestamp":"2026-07-05T05:23:34.750Z","level":"ERROR","service":"notification-service","message":"Failed to retrieve exchange rate from external API provider","stack_trace":"java.io.IOException: connection reset by peer
\tat sun.net.www.http.HttpClient.parseHTTPHeader(HttpClient.java:712)
\tat sun.net.www.protocol.http.HttpURLConnection.getInputStream0(HttpURLConnection.java:1590) [req_ref: 0x3e7b089]"}
{"timestamp":"2026-07-05T05:24:14.438Z","level":"WARN","service":"notification-service","message":"Database connection pool threshold reached (80%)"}
{"timestamp":"2026-07-05T05:24:27.219Z","level":"WARN","service":"catalog-service","message":"Database connection pool threshold reached (80%)"}
{"timestamp":"2026-07-05T05:24:35.929Z","level":"ERROR","service":"user-service","message":"Failed to retrieve exchange rate from external API provider","stack_trace":"java.io.IOException: connection reset by peer
\tat sun.net.www.http.HttpClient.parseHTTPHeader(HttpClient.java:712)
\tat sun.net.www.protocol.http.HttpURLConnection.getInputStream0(HttpURLConnection.java:1590) [req_ref: 0x4ccd9c0]"}
{"timestamp":"2026-07-05T05:25:09.265Z","level":"ERROR","service":"user-service","message":"Failed to retrieve exchange rate from external API provider","stack_trace":"java.io.IOException: connection reset by peer
\tat sun.net.www.http.HttpClient.parseHTTPHeader(HttpClient.java:712)
\tat sun.net.www.protocol.http.HttpURLConnection.getInputStream0(HttpURLConnection.java:1590) [req_ref: 0x2711ae5]"}
{"timestamp":"2026-07-05T05:25:49.999Z","level":"INFO","service":"user-service","message":"User added item to shopping cart"}
{"timestamp":"2026-07-05T05:25:56.502Z","level":"INFO","service":"cart-service","message":"Cart session initialized"}
{"timestamp":"2026-07-05T05:26:06.447Z","level":"INFO","service":"cart-service","message":"Fetched product catalog data successfully"}
{"timestamp":"2026-07-05T05:26:14.413Z","level":"ERROR","service":"notification-service","message":"Failed to retrieve exchange rate from external API provider","stack_trace":"java.io.IOException: connection reset by peer
\tat sun.net.www.http.HttpClient.parseHTTPHeader(HttpClient.java:712)
\tat sun.net.www.protocol.http.HttpURLConnection.getInputStream0(HttpURLConnection.java:1590) [req_ref: 0x23576f7]"}
{"timestamp":"2026-07-05T05:26:27.853Z","level":"INFO","service":"payment-service","message":"Payment authorization token acquired"}
{"timestamp":"2026-07-05T05:26:46.285Z","level":"INFO","service":"notification-service","message":"User login credentials validated"}
{"timestamp":"2026-07-05T05:27:23.447Z","level":"WARN","service":"cart-service","message":"Slow query detected on order history catalog lookup"}
{"timestamp":"2026-07-05T05:27:30.516Z","level":"INFO","service":"payment-service","message":"User added item to shopping cart"}
{"timestamp":"2026-07-05T05:27:49.587Z","level":"WARN","service":"notification-service","message":"Database connection pool threshold reached (80%)"}
{"timestamp":"2026-07-05T05:28:14.280Z","level":"INFO","service":"catalog-service","message":"Cart session initialized"}
{"timestamp":"2026-07-05T05:28:28.731Z","level":"INFO","service":"user-service","message":"Cart session initialized"}
{"timestamp":"2026-07-05T05:28:37.170Z","level":"WARN","service":"payment-service","message":"Slow query detected on order history catalog lookup"}
{"timestamp":"2026-07-05T05:28:51.887Z","level":"INFO","service":"user-service","message":"Payment authorization token acquired"}
{"timestamp":"2026-07-05T05:29:17.001Z","level":"INFO","service":"payment-service","message":"Sending order email confirmation notification"}
{"timestamp":"2026-07-05T05:29:22.062Z","level":"INFO","service":"user-service","message":"Fetched product catalog data successfully"}
{"timestamp":"2026-07-05T05:30:02.531Z","level":"INFO","service":"catalog-service","message":"Sending order email confirmation notification"}
{"timestamp":"2026-07-05T05:30:25.761Z","level":"WARN","service":"catalog-service","message":"Slow query detected on order history catalog lookup"}
{"timestamp":"2026-07-05T05:30:45.607Z","level":"INFO","service":"user-service","message":"Fetched product catalog data successfully"}
{"timestamp":"2026-07-05T05:30:50.528Z","level":"INFO","service":"notification-service","message":"User added item to shopping cart"}
{"timestamp":"2026-07-05T05:31:02.258Z","level":"WARN","service":"user-service","message":"Database connection pool threshold reached (80%)"}
{"timestamp":"2026-07-05T05:31:07.023Z","level":"INFO","service":"notification-service","message":"User added item to shopping cart"}
{"timestamp":"2026-07-05T05:31:36.581Z","level":"INFO","service":"payment-service","message":"Sending order email confirmation notification"}
{"timestamp":"2026-07-05T05:31:49.701Z","level":"INFO","service":"catalog-service","message":"Sending order email confirmation notification"}
{"timestamp":"2026-07-05T05:32:23.759Z","level":"ERROR","service":"notification-service","message":"Failed to retrieve exchange rate from external API provider","stack_trace":"java.io.IOException: connection reset by peer
\tat sun.net.www.http.HttpClient.parseHTTPHeader(HttpClient.java:712)
\tat sun.net.www.protocol.http.HttpURLConnection.getInputStream0(HttpURLConnection.java:1590) [req_ref: 0x536a1a1]"}
{"timestamp":"2026-07-05T05:32:30.397Z","level":"ERROR","service":"user-service","message":"Failed to retrieve exchange rate from external API provider","stack_trace":"java.io.IOException: connection reset by peer
\tat sun.net.www.http.HttpClient.parseHTTPHeader(HttpClient.java:712)
\tat sun.net.www.protocol.http.HttpURLConnection.getInputStream0(HttpURLConnection.java:1590) [req_ref: 0x34a6ed5]"}
{"timestamp":"2026-07-05T05:32:40.965Z","level":"WARN","service":"notification-service","message":"Database connection pool threshold reached (80%)"}
{"timestamp":"2026-07-05T05:33:15.264Z","level":"INFO","service":"catalog-service","message":"Sending order email confirmation notification"}
{"timestamp":"2026-07-05T05:33:22.051Z","level":"ERROR","service":"user-service","message":"Failed to retrieve exchange rate from external API provider","stack_trace":"java.io.IOException: connection reset by peer
\tat sun.net.www.http.HttpClient.parseHTTPHeader(HttpClient.java:712)
\tat sun.net.www.protocol.http.HttpURLConnection.getInputStream0(HttpURLConnection.java:1590) [req_ref: 0x2d08f4d]"}
{"timestamp":"2026-07-05T05:33:42.444Z","level":"INFO","service":"user-service","message":"User added item to shopping cart"}
{"timestamp":"2026-07-05T05:34:02.975Z","level":"INFO","service":"catalog-service","message":"User added item to shopping cart"}
{"timestamp":"2026-07-05T05:34:13.535Z","level":"INFO","service":"user-service","message":"Payment authorization token acquired"}
{"timestamp":"2026-07-05T05:34:23.678Z","level":"ERROR","service":"notification-service","message":"Failed to retrieve exchange rate from external API provider","stack_trace":"java.io.IOException: connection reset by peer
\tat sun.net.www.http.HttpClient.parseHTTPHeader(HttpClient.java:712)
\tat sun.net.www.protocol.http.HttpURLConnection.getInputStream0(HttpURLConnection.java:1590) [req_ref: 0x5c31ba6]"}
{"timestamp":"2026-07-05T05:34:44.337Z","level":"INFO","service":"notification-service","message":"Cart session initialized"}
{"timestamp":"2026-07-05T05:35:08.153Z","level":"INFO","service":"user-service","message":"Sending order email confirmation notification"}
{"timestamp":"2026-07-05T05:35:29.824Z","level":"INFO","service":"user-service","message":"User added item to shopping cart"}
{"timestamp":"2026-07-05T05:35:57.208Z","level":"INFO","service":"cart-service","message":"Sending order email confirmation notification"}
{"timestamp":"2026-07-05T05:36:19.422Z","level":"INFO","service":"catalog-service","message":"Fetched product catalog data successfully"}
{"timestamp":"2026-07-05T05:36:52.329Z","level":"INFO","service":"catalog-service","message":"User login credentials validated"}
{"timestamp":"2026-07-05T05:37:15.595Z","level":"WARN","service":"cart-service","message":"Database connection pool threshold reached (80%)"}
{"timestamp":"2026-07-05T05:37:47.452Z","level":"INFO","service":"payment-service","message":"Fetched product catalog data successfully"}
{"timestamp":"2026-07-05T05:37:58.059Z","level":"INFO","service":"notification-service","message":"Cart session initialized"}
{"timestamp":"2026-07-05T05:38:20.902Z","level":"INFO","service":"user-service","message":"Cart session initialized"}
{"timestamp":"2026-07-05T05:38:59.932Z","level":"ERROR","service":"user-service","message":"Failed to retrieve exchange rate from external API provider","stack_trace":"java.io.IOException: connection reset by peer
\tat sun.net.www.http.HttpClient.parseHTTPHeader(HttpClient.java:712)
\tat sun.net.www.protocol.http.HttpURLConnection.getInputStream0(HttpURLConnection.java:1590) [req_ref: 0x1d04f16]"}
{"timestamp":"2026-07-05T05:39:18.525Z","level":"INFO","service":"catalog-service","message":"User login credentials validated"}
{"timestamp":"2026-07-05T05:39:23.152Z","level":"INFO","service":"catalog-service","message":"Cart session initialized"}
{"timestamp":"2026-07-05T05:39:30.543Z","level":"ERROR","service":"cart-service","message":"Failed to retrieve exchange rate from external API provider","stack_trace":"java.io.IOException: connection reset by peer
\tat sun.net.www.http.HttpClient.parseHTTPHeader(HttpClient.java:712)
\tat sun.net.www.protocol.http.HttpURLConnection.getInputStream0(HttpURLConnection.java:1590) [req_ref: 0x128013b]"}
{"timestamp":"2026-07-05T05:39:55.926Z","level":"WARN","service":"payment-service","message":"Slow query detected on order history catalog lookup"}
{"timestamp":"2026-07-05T05:40:14.808Z","level":"INFO","service":"cart-service","message":"Sending order email confirmation notification"}
{"timestamp":"2026-07-05T05:40:45.319Z","level":"INFO","service":"payment-service","message":"Sending order email confirmation notification"}
{"timestamp":"2026-07-05T05:41:12.465Z","level":"INFO","service":"user-service","message":"Fetched product catalog data successfully"}
{"timestamp":"2026-07-05T05:41:35.089Z","level":"INFO","service":"payment-service","message":"User added item to shopping cart"}
{"timestamp":"2026-07-05T05:42:15.973Z","level":"ERROR","service":"payment-service","message":"Failed to retrieve exchange rate from external API provider","stack_trace":"java.io.IOException: connection reset by peer
\tat sun.net.www.http.HttpClient.parseHTTPHeader(HttpClient.java:712)
\tat sun.net.www.protocol.http.HttpURLConnection.getInputStream0(HttpURLConnection.java:1590) [req_ref: 0x3408e46]"
{"timestamp":"2026-07-05T05:42:27.703Z","level":"INFO","service":"catalog-service","message":"User added item to shopping cart"}
{"timestamp":"2026-07-05T05:42:43.805Z","level":"INFO","service":"cart-service","message":"Payment authorization token acquired"}
{"timestamp":"2026-07-05T05:42:49.293Z","level":"INFO","service":"catalog-service","message":"User added item to shopping cart"}
{"timestamp":"2026-07-05T05:42:56.062Z","level":"INFO","service":"catalog-service","message":"Cart session initialized"}
{"timestamp":"2026-07-05T05:43:15.056Z","level":"WARN","service":"cart-service","message":"Database connection pool threshold reached (80%)"}
{"timestamp":"2026-07-05T05:43:46.024Z","level":"INFO","service":"user-service","message":"User added item to shopping cart"}
{"timestamp":"2026-07-05T05:43:59.575Z","level":"ERROR","service":"payment-service","message":"Failed to retrieve exchange rate from external API provider","stack_trace":"java.io.IOException: connection reset by peer
\tat sun.net.www.http.HttpClient.parseHTTPHeader(HttpClient.java:712)
\tat sun.net.www.protocol.http.HttpURLConnection.getInputStream0(HttpURLConnection.java:1590) [req_ref: 0x1be1db1]"}
{"timestamp":"2026-07-05T05:44:05.091Z","level":"INFO","service":"payment-service","message":"Sending order email confirmation notification"}
{"timestamp":"2026-07-05T05:44:18.581Z","level":"INFO","service":"catalog-service","message":"User added item to shopping cart"}
{"timestamp":"2026-07-05T05:44:45.091Z","level":"INFO","service":"payment-service","message":"Fetched product catalog data successfully"}
{"timestamp":"2026-07-05T05:45:06.969Z","level":"INFO","service":"notification-service","message":"Payment authorization token acquired"}
{"timestamp":"2026-07-05T05:45:11.509Z","level":"WARN","service":"catalog-service","message":"Database connection pool threshold reached (80%)"}
{"timestamp":"2026-07-05T05:45:36.229Z","level":"INFO","service":"cart-service","message":"User login credentials validated"}
{"timestamp":"2026-07-05T05:46:05.742Z","level":"INFO","service":"user-service","message":"User login credentials validated"}
{"timestamp":"2026-07-05T05:46:21.915Z","level":"WARN","service":"payment-service","message":"Slow query detected on order history catalog lookup"}
{"timestamp":"2026-07-05T05:46:52.224Z","level":"WARN","service":"cart-service","message":"Database connection pool threshold reached (80%)"}
{"timestamp":"2026-07-05T05:46:58.109Z","level":"INFO","service":"notification-service","message":"User added item to shopping cart"}
{"timestamp":"2026-07-05T05:47:24.242Z","level":"INFO","service":"user-service","message":"Payment authorization token acquired"}
{"timestamp":"2026-07-05T05:48:00.736Z","level":"INFO","service":"payment-service","message":"User login credentials validated"}
{"timestamp":"2026-07-05T05:48:36.865Z","level":"INFO","service":"payment-service","message":"User login credentials validated"}
{"timestamp":"2026-07-05T05:48:56.358Z","level":"WARN","service":"notification-service","message":"Database connection pool threshold reached (80%)"}
{"timestamp":"2026-07-05T05:49:06.502Z","level":"ERROR","service":"catalog-service","message":"Failed to retrieve exchange rate from external API provider","stack_trace":"java.io.IOException: connection reset by peer
\tat sun.net.www.http.HttpClient.parseHTTPHeader(HttpClient.java:712)
\tat sun.net.www.protocol.http.HttpURLConnection.getInputStream0(HttpURLConnection.java:1590) [req_ref: 0x1f2db81]"
{"timestamp":"2026-07-05T05:49:31.775Z","level":"INFO","service":"user-service","message":"Cart session initialized"}
{"timestamp":"2026-07-05T05:50:05.684Z","level":"WARN","service":"payment-service","message":"Database connection pool threshold reached (80%)"}
{"timestamp":"2026-07-05T05:50:38.003Z","level":"WARN","service":"notification-service","message":"Database connection pool threshold reached (80%)"}
{"timestamp":"2026-07-05T05:51:09.720Z","level":"INFO","service":"catalog-service","message":"Payment authorization token acquired"}
{"timestamp":"2026-07-05T05:51:39.975Z","level":"INFO","service":"payment-service","message":"Cart session initialized"}
{"timestamp":"2026-07-05T05:52:01.078Z","level":"WARN","service":"notification-service","message":"Slow query detected on order history catalog lookup"}
{"timestamp":"2026-07-05T05:52:32.872Z","level":"WARN","service":"notification-service","message":"Slow query detected on order history catalog lookup"}
{"timestamp":"2026-07-05T05:53:09.876Z","level":"INFO","service":"cart-service","message":"User login credentials validated"}
{"timestamp":"2026-07-05T05:53:44.478Z","level":"INFO","service":"user-service","message":"Cart session initialized"}
{"timestamp":"2026-07-05T05:53:52.654Z","level":"INFO","service":"payment-service","message":"Payment authorization token acquired"}
{"timestamp":"2026-07-05T05:53:57.037Z","level":"INFO","service":"catalog-service","message":"User added item to shopping cart"}
{"timestamp":"2026-07-05T05:54:34.310Z","level":"WARN","service":"notification-service","message":"Slow query detected on order history catalog lookup"}
{"timestamp":"2026-07-05T05:54:58.996Z","level":"INFO","service":"payment-service","message":"Cart session initialized"}
{"timestamp":"2026-07-05T05:55:18.320Z","level":"INFO","service":"cart-service","message":"Sending order email confirmation notification"}
{"timestamp":"2026-07-05T05:55:42.054Z","level":"WARN","service":"cart-service","message":"Database connection pool threshold reached (80%)"}
{"timestamp":"2026-07-05T05:56:11.560Z","level":"INFO","service":"payment-service","message":"User added item to shopping cart"}
{"timestamp":"2026-07-05T05:56:25.088Z","level":"WARN","service":"cart-service","message":"Database connection pool threshold reached (80%)"}
{"timestamp":"2026-07-05T05:56:46.619Z","level":"INFO","service":"cart-service","message":"Cart session initialized"}
{"timestamp":"2026-07-05T05:57:13.262Z","level":"INFO","service":"notification-service","message":"Cart session initialized"}
{"timestamp":"2026-07-05T05:57:19.993Z","level":"INFO","service":"catalog-service","message":"User login credentials validated"}
{"timestamp":"2026-07-05T05:57:42.658Z","level":"INFO","service":"user-service","message":"User added item to shopping cart"}
{"timestamp":"2026-07-05T05:57:53.686Z","level":"WARN","service":"notification-service","message":"Slow query detected on order history catalog lookup"}
{"timestamp":"2026-07-05T05:58:10.559Z","level":"INFO","service":"notification-service","message":"User added item to shopping cart"}
{"timestamp":"2026-07-05T05:58:48.150Z","level":"INFO","service":"catalog-service","message":"Sending order email confirmation notification"}
{"timestamp":"2026-07-05T05:58:53.877Z","level":"INFO","service":"catalog-service","message":"Sending order email confirmation notification"}
{"timestamp":"2026-07-05T05:59:17.230Z","level":"INFO","service":"cart-service","message":"User login credentials validated"}
{"timestamp":"2026-07-05T05:59:54.895Z","level":"INFO","service":"notification-service","message":"Cart session initialized"}
{"timestamp":"2026-07-05T06:00:03.540Z","level":"INFO","service":"notification-service","message":"User login credentials validated"}
{"timestamp":"2026-07-05T06:00:34.549Z","level":"WARN","service":"user-service","message":"Database connection pool threshold reached (80%)"}
{"timestamp":"2026-07-05T06:01:04.265Z","level":"INFO","service":"user-service","message":"Payment authorization token acquired"}
{"timestamp":"2026-07-05T06:01:15.836Z","level":"INFO","service":"user-service","message":"Fetched product catalog data successfully"}
{"timestamp":"2026-07-05T06:01:31.093Z","level":"INFO","service":"payment-service","message":"Payment authorization token acquired"}
{"timestamp":"2026-07-05T06:01:55.200Z","level":"INFO","service":"cart-service","message":"User added item to shopping cart"}
{"timestamp":"2026-07-05T06:02:11.253Z","level":"INFO","service":"user-service","message":"User added item to shopping cart"}
{"timestamp":"2026-07-05T06:02:41.052Z","level":"ERROR","service":"cart-service","message":"Failed to retrieve exchange rate from external API provider","stack_trace":"java.io.IOException: connection reset by peer
\tat sun.net.www.http.HttpClient.parseHTTPHeader(HttpClient.java:712)
\tat sun.net.www.protocol.http.HttpURLConnection.getInputStream0(HttpURLConnection.java:1590) [req_ref: 0x3fcb3c4]"
{"timestamp":"2026-07-05T06:03:01.508Z","level":"INFO","service":"payment-service","message":"User added item to shopping cart"}
{"timestamp":"2026-07-05T06:03:38.394Z","level":"INFO","service":"user-service","message":"Fetched product catalog data successfully"}
{"timestamp":"2026-07-05T06:03:55.167Z","level":"INFO","service":"user-service","message":"Sending order email confirmation notification"}
{"timestamp":"2026-07-05T06:04:06.608Z","level":"ERROR","service":"catalog-service","message":"Failed to retrieve exchange rate from external API provider","stack_trace":"java.io.IOException: connection reset by peer
\tat sun.net.www.http.HttpClient.parseHTTPHeader(HttpClient.java:712)
\tat sun.net.www.protocol.http.HttpURLConnection.getInputStream0(HttpURLConnection.java:1590) [req_ref: 0x55577d6]"}
{"timestamp":"2026-07-05T06:04:14.082Z","level":"INFO","service":"user-service","message":"User login credentials validated"}
{"timestamp":"2026-07-05T06:04:21.960Z","level":"INFO","service":"user-service","message":"Sending order email confirmation notification"}
{"timestamp":"2026-07-05T06:04:45.941Z","level":"INFO","service":"catalog-service","message":"User added item to shopping cart"}
{"timestamp":"2026-07-05T06:05:05.109Z","level":"INFO","service":"catalog-service","message":"User added item to shopping cart"}
{"timestamp":"2026-07-05T06:05:39.780Z","level":"WARN","service":"notification-service","message":"Database connection pool threshold reached (80%)"}
{"timestamp":"2026-07-05T06:05:46.799Z","level":"WARN","service":"user-service","message":"Database connection pool threshold reached (80%)"}
{"timestamp":"2026-07-05T06:06:00.778Z","level":"INFO","service":"cart-service","message":"Fetched product catalog data successfully"}
{"timestamp":"2026-07-05T06:06:37.264Z","level":"INFO","service":"user-service","message":"User login credentials validated"}
{"timestamp":"2026-07-05T06:07:11.841Z","level":"INFO","service":"notification-service","message":"Payment authorization token acquired"}
{"timestamp":"2026-07-05T06:07:39.943Z","level":"INFO","service":"user-service","message":"User added item to shopping cart"}
{"timestamp":"2026-07-05T06:07:48.210Z","level":"INFO","service":"catalog-service","message":"Payment authorization token acquired"}
{"timestamp":"2026-07-05T06:08:07.345Z","level":"INFO","service":"notification-service","message":"Cart session initialized"}
{"timestamp":"2026-07-05T06:08:19.023Z","level":"INFO","service":"catalog-service","message":"Cart session initialized"}
{"timestamp":"2026-07-05T06:08:59.541Z","level":"ERROR","service":"catalog-service","message":"Failed to retrieve exchange rate from external API provider","stack_trace":"java.io.IOException: connection reset by peer
\tat sun.net.www.http.HttpClient.parseHTTPHeader(HttpClient.java:712)
\tat sun.net.www.protocol.http.HttpURLConnection.getInputStream0(HttpURLConnection.java:1590) [req_ref: 0x9fae2b]"}
{"timestamp":"2026-07-05T06:09:33.613Z","level":"INFO","service":"user-service","message":"Sending order email confirmation notification"}
{"timestamp":"2026-07-05T06:10:07.114Z","level":"INFO","service":"catalog-service","message":"User added item to shopping cart"}
{"timestamp":"2026-07-05T06:10:39.028Z","level":"ERROR","service":"notification-service","message":"Failed to retrieve exchange rate from external API provider","stack_trace":"java.io.IOException: connection reset by peer
\tat sun.net.www.http.HttpClient.parseHTTPHeader(HttpClient.java:712)
\tat sun.net.www.protocol.http.HttpURLConnection.getInputStream0(HttpURLConnection.java:1590) [req_ref: 0x17c0e38]"}
{"timestamp":"2026-07-05T06:11:14.999Z","level":"INFO","service":"payment-service","message":"Cart session initialized"}
{"timestamp":"2026-07-05T06:11:31.693Z","level":"WARN","service":"notification-service","message":"Database connection pool threshold reached (80%)"}
{"timestamp":"2026-07-05T06:11:52.492Z","level":"INFO","service":"catalog-service","message":"User added item to shopping cart"}
{"timestamp":"2026-07-05T06:12:31.202Z","level":"INFO","service":"catalog-service","message":"Payment authorization token acquired"}
{"timestamp":"2026-07-05T06:12:50.041Z","level":"WARN","service":"catalog-service","message":"Database connection pool threshold reached (80%)"}
{"timestamp":"2026-07-05T06:13:30.884Z","level":"INFO","service":"user-service","message":"Fetched product catalog data successfully"}
{"timestamp":"2026-07-05T06:13:46.817Z","level":"ERROR","service":"cart-service","message":"Failed to retrieve exchange rate from external API provider","stack_trace":"java.io.IOException: connection reset by peer
\tat sun.net.www.http.HttpClient.parseHTTPHeader(HttpClient.java:712)
\tat sun.net.www.protocol.http.HttpURLConnection.getInputStream0(HttpURLConnection.java:1590) [req_ref: 0xb72728]"}
{"timestamp":"2026-07-05T06:14:26.375Z","level":"WARN","service":"cart-service","message":"Slow query detected on order history catalog lookup"}
{"timestamp":"2026-07-05T06:15:03.032Z","level":"INFO","service":"user-service","message":"Cart session initialized"}
{"timestamp":"2026-07-05T06:15:24.685Z","level":"INFO","service":"cart-service","message":"Sending order email confirmation notification"}
{"timestamp":"2026-07-05T06:15:37.218Z","level":"INFO","service":"catalog-service","message":"Cart session initialized"}
{"timestamp":"2026-07-05T06:15:52.993Z","level":"WARN","service":"user-service","message":"Database connection pool threshold reached (80%)"}
{"timestamp":"2026-07-05T06:15:59.808Z","level":"WARN","service":"catalog-service","message":"Database connection pool threshold reached (80%)"}
{"timestamp":"2026-07-05T06:16:39.360Z","level":"INFO","service":"catalog-service","message":"User login credentials validated"}
{"timestamp":"2026-07-05T06:17:09.682Z","level":"INFO","service":"catalog-service","message":"Fetched product catalog data successfully"}
{"timestamp":"2026-07-05T06:17:38.820Z","level":"INFO","service":"catalog-service","message":"Payment authorization token acquired"}
{"timestamp":"2026-07-05T06:17:47.447Z","level":"INFO","service":"notification-service","message":"User added item to shopping cart"}
{"timestamp":"2026-07-05T06:18:07.591Z","level":"INFO","service":"cart-service","message":"Cart session initialized"}
{"timestamp":"2026-07-05T06:18:17.329Z","level":"INFO","service":"user-service","message":"User added item to shopping cart"}
{"timestamp":"2026-07-05T06:18:48.916Z","level":"INFO","service":"cart-service","message":"Cart session initialized"}
{"timestamp":"2026-07-05T06:19:17.074Z","level":"WARN","service":"user-service","message":"Slow query detected on order history catalog lookup"}
{"timestamp":"2026-07-05T06:19:22.222Z","level":"INFO","service":"payment-service","message":"Payment authorization token acquired"}
{"timestamp":"2026-07-05T06:19:29.963Z","level":"INFO","service":"notification-service","message":"User login credentials validated"}
{"timestamp":"2026-07-05T06:19:44.288Z","level":"INFO","service":"payment-service","message":"User added item to shopping cart"}
{"timestamp":"2026-07-05T06:20:23.886Z","level":"INFO","service":"payment-service","message":"Cart session initialized"}
{"timestamp":"2026-07-05T06:20:46.554Z","level":"ERROR","service":"cart-service","message":"Failed to retrieve exchange rate from external API provider","stack_trace":"java.io.IOException: connection reset by peer
\tat sun.net.www.http.HttpClient.parseHTTPHeader(HttpClient.java:712)
\tat sun.net.www.protocol.http.HttpURLConnection.getInputStream0(HttpURLConnection.java:1590) [req_ref: 0x11fabb4]"}
{"timestamp":"2026-07-05T06:20:51.308Z","level":"WARN","service":"user-service","message":"Database connection pool threshold reached (80%)"}
{"timestamp":"2026-07-05T06:21:00.833Z","level":"INFO","service":"user-service","message":"Payment authorization token acquired"}
{"timestamp":"2026-07-05T06:21:19.047Z","level":"INFO","service":"payment-service","message":"User added item to shopping cart"}
{"timestamp":"2026-07-05T06:21:47.933Z","level":"WARN","service":"user-service","message":"Database connection pool threshold reached (80%)"}
{"timestamp":"2026-07-05T06:22:22.736Z","level":"ERROR","service":"cart-service","message":"Failed to retrieve exchange rate from external API provider","stack_trace":"java.io.IOException: connection reset by peer
\tat sun.net.www.http.HttpClient.parseHTTPHeader(HttpClient.java:712)
\tat sun.net.www.protocol.http.HttpURLConnection.getInputStream0(HttpURLConnection.java:1590) [req_ref: 0x3b37ce4]"}
{"timestamp":"2026-07-05T06:22:52.730Z","level":"INFO","service":"payment-service","message":"Sending order email confirmation notification"}
{"timestamp":"2026-07-05T06:23:18.238Z","level":"ERROR","service":"cart-service","message":"Failed to retrieve exchange rate from external API provider","stack_trace":"java.io.IOException: connection reset by peer
\tat sun.net.www.http.HttpClient.parseHTTPHeader(HttpClient.java:712)
\tat sun.net.www.protocol.http.HttpURLConnection.getInputStream0(HttpURLConnection.java:1590) [req_ref: 0x1525f67]"
{"timestamp":"2026-07-05T06:23:43.017Z","level":"INFO","service":"user-service","message":"User login credentials validated"}
{"timestamp":"2026-07-05T06:24:19.430Z","level":"INFO","service":"cart-service","message":"Cart session initialized"}
{"timestamp":"2026-07-05T06:24:55.517Z","level":"WARN","service":"notification-service","message":"Database connection pool threshold reached (80%)"}
{"timestamp":"2026-07-05T06:25:07.327Z","level":"INFO","service":"catalog-service","message":"Sending order email confirmation notification"}
{"timestamp":"2026-07-05T06:25:47.345Z","level":"INFO","service":"cart-service","message":"User added item to shopping cart"}
{"timestamp":"2026-07-05T06:26:00.559Z","level":"WARN","service":"user-service","message":"Slow query detected on order history catalog lookup"}
{"timestamp":"2026-07-05T06:26:36.337Z","level":"INFO","service":"user-service","message":"Cart session initialized"}
{"timestamp":"2026-07-05T06:26:55.606Z","level":"WARN","service":"cart-service","message":"Slow query detected on order history catalog lookup"}
{"timestamp":"2026-07-05T06:27:32.100Z","level":"INFO","service":"cart-service","message":"Payment authorization token acquired"}
{"timestamp":"2026-07-05T06:27:53.158Z","level":"INFO","service":"catalog-service","message":"Fetched product catalog data successfully"}
{"timestamp":"2026-07-05T06:28:27.164Z","level":"WARN","service":"payment-service","message":"Database connection pool threshold reached (80%)"}
{"timestamp":"2026-07-05T06:28:33.157Z","level":"INFO","service":"cart-service","message":"User login credentials validated"}
{"timestamp":"2026-07-05T06:29:05.776Z","level":"INFO","service":"cart-service","message":"User login credentials validated"}
{"timestamp":"2026-07-05T06:29:37.791Z","level":"WARN","service":"catalog-service","message":"Slow query detected on order history catalog lookup"}
{"timestamp":"2026-07-05T06:29:51.037Z","level":"INFO","service":"cart-service","message":"User added item to shopping cart"}
{"timestamp":"2026-07-05T06:30:24.104Z","level":"WARN","service":"user-service","message":"Slow query detected on order history catalog lookup"}
{"timestamp":"2026-07-05T06:30:42.062Z","level":"WARN","service":"notification-service","message":"Slow query detected on order history catalog lookup"}
{"timestamp":"2026-07-05T06:30:54.370Z","level":"INFO","service":"catalog-service","message":"User login credentials validated"}
{"timestamp":"2026-07-05T06:31:29.544Z","level":"WARN","service":"payment-service","message":"Slow query detected on order history catalog lookup"}
{"timestamp":"2026-07-05T06:31:37.221Z","level":"WARN","service":"user-service","message":"Slow query detected on order history catalog lookup"}
{"timestamp":"2026-07-05T06:32:02.314Z","level":"ERROR","service":"payment-service","message":"Failed to retrieve exchange rate from external API provider","stack_trace":"java.io.IOException: connection reset by peer
\tat sun.net.www.http.HttpClient.parseHTTPHeader(HttpClient.java:712)
\tat sun.net.www.protocol.http.HttpURLConnection.getInputStream0(HttpURLConnection.java:1590) [req_ref: 0xb93ea9]"}
{"timestamp":"2026-07-05T06:32:35.303Z","level":"INFO","service":"user-service","message":"User login credentials validated"}
{"timestamp":"2026-07-05T06:33:12.866Z","level":"WARN","service":"cart-service","message":"Slow query detected on order history catalog lookup"}
{"timestamp":"2026-07-05T06:33:28.392Z","level":"INFO","service":"user-service","message":"Cart session initialized"}
{"timestamp":"2026-07-05T06:33:44.340Z","level":"WARN","service":"cart-service","message":"Database connection pool threshold reached (80%)"}
{"timestamp":"2026-07-05T06:34:22.412Z","level":"WARN","service":"payment-service","message":"Slow query detected on order history catalog lookup"}
{"timestamp":"2026-07-05T06:34:38.568Z","level":"INFO","service":"notification-service","message":"User login credentials validated"}
{"timestamp":"2026-07-05T06:34:45.459Z","level":"WARN","service":"catalog-service","message":"Database connection pool threshold reached (80%)"}
{"timestamp":"2026-07-05T06:35:06.139Z","level":"WARN","service":"user-service","message":"Slow query detected on order history catalog lookup"}
{"timestamp":"2026-07-05T06:35:35.699Z","level":"INFO","service":"payment-service","message":"Cart session initialized"}
{"timestamp":"2026-07-05T06:36:10.968Z","level":"INFO","service":"user-service","message":"Sending order email confirmation notification"}
{"timestamp":"2026-07-05T06:36:36.213Z","level":"WARN","service":"notification-service","message":"Database connection pool threshold reached (80%)"}
{"timestamp":"2026-07-05T06:37:11.427Z","level":"INFO","service":"payment-service","message":"Payment authorization token acquired"}
{"timestamp":"2026-07-05T06:37:24.223Z","level":"WARN","service":"notification-service","message":"Database connection pool threshold reached (80%)"}
{"timestamp":"2026-07-05T06:38:01.855Z","level":"INFO","service":"catalog-service","message":"Fetched product catalog data successfully"}
{"timestamp":"2026-07-05T06:38:32.917Z","level":"INFO","service":"user-service","message":"User login credentials validated"}
{"timestamp":"2026-07-05T06:39:10.940Z","level":"WARN","service":"notification-service","message":"Database connection pool threshold reached (80%)"}
{"timestamp":"2026-07-05T06:39:29.180Z","level":"INFO","service":"user-service","message":"Payment authorization token acquired"}
{"timestamp":"2026-07-05T06:39:57.796Z","level":"INFO","service":"payment-service","message":"User login credentials validated"}
{"timestamp":"2026-07-05T06:40:02.355Z","level":"ERROR","service":"user-service","message":"Failed to retrieve exchange rate from external API provider","stack_trace":"java.io.IOException: connection reset by peer
\tat sun.net.www.http.HttpClient.parseHTTPHeader(HttpClient.java:712)
\tat sun.net.www.protocol.http.HttpURLConnection.getInputStream0(HttpURLConnection.java:1590) [req_ref: 0x56d8c20]"}
{"timestamp":"2026-07-05T06:40:37.204Z","level":"WARN","service":"notification-service","message":"Database connection pool threshold reached (80%)"}
{"timestamp":"2026-07-05T06:40:47.979Z","level":"WARN","service":"cart-service","message":"Slow query detected on order history catalog lookup"}
{"timestamp":"2026-07-05T06:41:19.974Z","level":"INFO","service":"cart-service","message":"Fetched product catalog data successfully"}
{"timestamp":"2026-07-05T06:41:44.196Z","level":"WARN","service":"cart-service","message":"Database connection pool threshold reached (80%)"}
{"timestamp":"2026-07-05T06:42:17.059Z","level":"ERROR","service":"catalog-service","message":"Failed to retrieve exchange rate from external API provider","stack_trace":"java.io.IOException: connection reset by peer
\tat sun.net.www.http.HttpClient.parseHTTPHeader(HttpClient.java:712)
\tat sun.net.www.protocol.http.HttpURLConnection.getInputStream0(HttpURLConnection.java:1590) [req_ref: 0x55bec6f]"}
{"timestamp":"2026-07-05T06:42:53.727Z","level":"INFO","service":"cart-service","message":"Payment authorization token acquired"}
{"timestamp":"2026-07-05T06:43:14.162Z","level":"INFO","service":"catalog-service","message":"User added item to shopping cart"}
{"timestamp":"2026-07-05T06:43:20.247Z","level":"INFO","service":"notification-service","message":"User login credentials validated"}
{"timestamp":"2026-07-05T06:43:34.865Z","level":"WARN","service":"payment-service","message":"Slow query detected on order history catalog lookup"}
{"timestamp":"2026-07-05T06:43:52.880Z","level":"INFO","service":"catalog-service","message":"Cart session initialized"}
{"timestamp":"2026-07-05T06:44:26.746Z","level":"INFO","service":"payment-service","message":"Cart session initialized"}
{"timestamp":"2026-07-05T06:44:34.723Z","level":"INFO","service":"payment-service","message":"Cart session initialized"}
{"timestamp":"2026-07-05T06:44:48.493Z","level":"INFO","service":"user-service","message":"User added item to shopping cart"}
{"timestamp":"2026-07-05T06:44:57.855Z","level":"INFO","service":"catalog-service","message":"Payment authorization token acquired"}
{"timestamp":"2026-07-05T06:45:33.436Z","level":"INFO","service":"notification-service","message":"User added item to shopping cart"}
{"timestamp":"2026-07-05T06:46:09.109Z","level":"INFO","service":"catalog-service","message":"Cart session initialized"}
{"timestamp":"2026-07-05T06:46:17.798Z","level":"INFO","service":"cart-service","message":"Cart session initialized"}
{"timestamp":"2026-07-05T06:46:56.380Z","level":"INFO","service":"user-service","message":"User login credentials validated"}
{"timestamp":"2026-07-05T06:47:18.857Z","level":"WARN","service":"notification-service","message":"Database connection pool threshold reached (80%)"}
{"timestamp":"2026-07-05T06:47:58.238Z","level":"INFO","service":"user-service","message":"Payment authorization token acquired"}
{"timestamp":"2026-07-05T06:48:14.962Z","level":"WARN","service":"user-service","message":"Database connection pool threshold reached (80%)"}
{"timestamp":"2026-07-05T06:48:19.212Z","level":"INFO","service":"notification-service","message":"Cart session initialized"}
{"timestamp":"2026-07-05T06:48:35.030Z","level":"WARN","service":"payment-service","message":"Database connection pool threshold reached (80%)"}
{"timestamp":"2026-07-05T06:49:15.014Z","level":"INFO","service":"user-service","message":"User login credentials validated"}
{"timestamp":"2026-07-05T06:49:31.694Z","level":"INFO","service":"catalog-service","message":"User login credentials validated"}
{"timestamp":"2026-07-05T06:50:07.848Z","level":"INFO","service":"user-service","message":"Fetched product catalog data successfully"}
{"timestamp":"2026-07-05T06:50:39.559Z","level":"INFO","service":"user-service","message":"User added item to shopping cart"}
{"timestamp":"2026-07-05T06:51:12.475Z","level":"INFO","service":"user-service","message":"Sending order email confirmation notification"}
{"timestamp":"2026-07-05T06:51:22.409Z","level":"WARN","service":"payment-service","message":"Slow query detected on order history catalog lookup"}
{"timestamp":"2026-07-05T06:51:29.909Z","level":"INFO","service":"cart-service","message":"Fetched product catalog data successfully"}
{"timestamp":"2026-07-05T06:51:36.298Z","level":"INFO","service":"notification-service","message":"Sending order email confirmation notification"}
{"timestamp":"2026-07-05T06:51:54.189Z","level":"WARN","service":"catalog-service","message":"Slow query detected on order history catalog lookup"}
{"timestamp":"2026-07-05T06:52:10.259Z","level":"WARN","service":"cart-service","message":"Database connection pool threshold reached (80%)"}
{"timestamp":"2026-07-05T06:52:29.873Z","level":"WARN","service":"user-service","message":"Slow query detected on order history catalog lookup"}
{"timestamp":"2026-07-05T06:52:44.576Z","level":"WARN","service":"cart-service","message":"Slow query detected on order history catalog lookup"}
{"timestamp":"2026-07-05T06:53:16.247Z","level":"INFO","service":"notification-service","message":"Fetched product catalog data successfully"}
{"timestamp":"2026-07-05T06:53:55.227Z","level":"INFO","service":"notification-service","message":"Fetched product catalog data successfully"}
{"timestamp":"2026-07-05T06:54:25.774Z","level":"INFO","service":"cart-service","message":"User login credentials validated"}
{"timestamp":"2026-07-05T06:54:33.160Z","level":"ERROR","service":"cart-service","message":"Failed to retrieve exchange rate from external API provider","stack_trace":"java.io.IOException: connection reset by peer
\tat sun.net.www.http.HttpClient.parseHTTPHeader(HttpClient.java:712)
\tat sun.net.www.protocol.http.HttpURLConnection.getInputStream0(HttpURLConnection.java:1590) [req_ref: 0x3324a4f]"
{"timestamp":"2026-07-05T06:54:52.755Z","level":"INFO","service":"notification-service","message":"Sending order email confirmation notification"}
{"timestamp":"2026-07-05T06:55:05.473Z","level":"WARN","service":"payment-service","message":"Slow query detected on order history catalog lookup"}
{"timestamp":"2026-07-05T06:55:21.553Z","level":"INFO","service":"user-service","message":"Cart session initialized"}
{"timestamp":"2026-07-05T06:55:33.841Z","level":"INFO","service":"catalog-service","message":"Sending order email confirmation notification"}
{"timestamp":"2026-07-05T06:56:00.667Z","level":"INFO","service":"user-service","message":"User login credentials validated"}
{"timestamp":"2026-07-05T06:56:32.060Z","level":"WARN","service":"payment-service","message":"Database connection pool threshold reached (80%)"}
{"timestamp":"2026-07-05T06:57:03.463Z","level":"INFO","service":"catalog-service","message":"Payment authorization token acquired"}
{"timestamp":"2026-07-05T06:57:18.464Z","level":"ERROR","service":"payment-service","message":"Failed to retrieve exchange rate from external API provider","stack_trace":"java.io.IOException: connection reset by peer
\tat sun.net.www.http.HttpClient.parseHTTPHeader(HttpClient.java:712)
\tat sun.net.www.protocol.http.HttpURLConnection.getInputStream0(HttpURLConnection.java:1590) [req_ref: 0x5c09145]"}
{"timestamp":"2026-07-05T06:57:36.602Z","level":"INFO","service":"catalog-service","message":"User login credentials validated"}
{"timestamp":"2026-07-05T06:58:04.023Z","level":"INFO","service":"catalog-service","message":"Fetched product catalog data successfully"}
{"timestamp":"2026-07-05T06:58:41.879Z","level":"WARN","service":"notification-service","message":"Database connection pool threshold reached (80%)"}
{"timestamp":"2026-07-05T06:59:05.835Z","level":"WARN","service":"user-service","message":"Database connection pool threshold reached (80%)"}
{"timestamp":"2026-07-05T06:59:41.372Z","level":"INFO","service":"catalog-service","message":"Fetched product catalog data successfully"}
{"timestamp":"2026-07-05T06:59:56.045Z","level":"INFO","service":"notification-service","message":"Fetched product catalog data successfully"}
{"timestamp":"2026-07-05T07:00:07.578Z","level":"INFO","service":"payment-service","message":"Fetched product catalog data successfully"}
{"timestamp":"2026-07-05T07:00:22.190Z","level":"INFO","service":"user-service","message":"Payment authorization token acquired"}
{"timestamp":"2026-07-05T07:00:46.903Z","level":"INFO","service":"payment-service","message":"Fetched product catalog data successfully"}
{"timestamp":"2026-07-05T07:01:08.265Z","level":"INFO","service":"notification-service","message":"Fetched product catalog data successfully"}
{"timestamp":"2026-07-05T07:01:27.177Z","level":"INFO","service":"payment-service","message":"Payment authorization token acquired"}
{"timestamp":"2026-07-05T07:01:44.253Z","level":"INFO","service":"payment-service","message":"Cart session initialized"}
{"timestamp":"2026-07-05T07:01:49.980Z","level":"INFO","service":"payment-service","message":"Sending order email confirmation notification"}
{"timestamp":"2026-07-05T07:02:16.068Z","level":"INFO","service":"user-service","message":"Cart session initialized"}
{"timestamp":"2026-07-05T07:02:44.927Z","level":"INFO","service":"cart-service","message":"Payment authorization token acquired"}
{"timestamp":"2026-07-05T07:02:52.116Z","level":"INFO","service":"notification-service","message":"Sending order email confirmation notification"}
{"timestamp":"2026-07-05T07:03:18.290Z","level":"INFO","service":"cart-service","message":"Fetched product catalog data successfully"}
{"timestamp":"2026-07-05T07:03:37.875Z","level":"ERROR","service":"catalog-service","message":"Failed to retrieve exchange rate from external API provider","stack_trace":"java.io.IOException: connection reset by peer
\tat sun.net.www.http.HttpClient.parseHTTPHeader(HttpClient.java:712)
\tat sun.net.www.protocol.http.HttpURLConnection.getInputStream0(HttpURLConnection.java:1590) [req_ref: 0x507f760]"}
{"timestamp":"2026-07-05T07:04:00.711Z","level":"INFO","service":"payment-service","message":"Sending order email confirmation notification"}
{"timestamp":"2026-07-05T07:04:20.197Z","level":"INFO","service":"payment-service","message":"User login credentials validated"}
{"timestamp":"2026-07-05T07:04:40.403Z","level":"WARN","service":"payment-service","message":"Database connection pool threshold reached (80%)"}
{"timestamp":"2026-07-05T07:04:53.007Z","level":"INFO","service":"notification-service","message":"Fetched product catalog data successfully"}
{"timestamp":"2026-07-05T07:05:20.577Z","level":"INFO","service":"notification-service","message":"Sending order email confirmation notification"}
{"timestamp":"2026-07-05T07:05:32.129Z","level":"INFO","service":"cart-service","message":"User login credentials validated"}
{"timestamp":"2026-07-05T07:05:42.165Z","level":"INFO","service":"notification-service","message":"Fetched product catalog data successfully"}
{"timestamp":"2026-07-05T07:06:15.798Z","level":"WARN","service":"cart-service","message":"Database connection pool threshold reached (80%)"}
{"timestamp":"2026-07-05T07:06:40.929Z","level":"INFO","service":"notification-service","message":"Cart session initialized"}
{"timestamp":"2026-07-05T07:06:48.120Z","level":"INFO","service":"payment-service","message":"Sending order email confirmation notification"}
{"timestamp":"2026-07-05T07:07:24.411Z","level":"INFO","service":"payment-service","message":"User added item to shopping cart"}
{"timestamp":"2026-07-05T07:07:59.470Z","level":"INFO","service":"cart-service","message":"Payment authorization token acquired"}
{"timestamp":"2026-07-05T07:08:21.163Z","level":"INFO","service":"user-service","message":"Fetched product catalog data successfully"}
{"timestamp":"2026-07-05T07:08:50.186Z","level":"INFO","service":"notification-service","message":"User login credentials validated"}
{"timestamp":"2026-07-05T07:09:00.579Z","level":"WARN","service":"payment-service","message":"Slow query detected on order history catalog lookup"}
{"timestamp":"2026-07-05T07:09:26.637Z","level":"INFO","service":"user-service","message":"Cart session initialized"}
{"timestamp":"2026-07-05T07:09:42.405Z","level":"INFO","service":"catalog-service","message":"User added item to shopping cart"}
{"timestamp":"2026-07-05T07:10:01.102Z","level":"INFO","service":"catalog-service","message":"Payment authorization token acquired"}
{"timestamp":"2026-07-05T07:10:20.739Z","level":"INFO","service":"catalog-service","message":"Cart session initialized"}
{"timestamp":"2026-07-05T07:10:52.875Z","level":"WARN","service":"cart-service","message":"Slow query detected on order history catalog lookup"}
{"timestamp":"2026-07-05T07:11:17.154Z","level":"WARN","service":"notification-service","message":"Database connection pool threshold reached (80%)"}
{"timestamp":"2026-07-05T07:11:38.392Z","level":"INFO","service":"user-service","message":"Cart session initialized"}
{"timestamp":"2026-07-05T07:11:44.911Z","level":"WARN","service":"notification-service","message":"Database connection pool threshold reached (80%)"}
{"timestamp":"2026-07-05T07:11:56.459Z","level":"INFO","service":"payment-service","message":"Fetched product catalog data successfully"}
{"timestamp":"2026-07-05T07:12:01.584Z","level":"INFO","service":"notification-service","message":"Cart session initialized"}
{"timestamp":"2026-07-05T07:12:40.924Z","level":"INFO","service":"cart-service","message":"Payment authorization token acquired"}
{"timestamp":"2026-07-05T07:12:53.276Z","level":"INFO","service":"user-service","message":"Sending order email confirmation notification"}
{"timestamp":"2026-07-05T07:13:08.722Z","level":"INFO","service":"user-service","message":"User added item to shopping cart"}
{"timestamp":"2026-07-05T07:13:35.707Z","level":"INFO","service":"payment-service","message":"Payment authorization token acquired"}
{"timestamp":"2026-07-05T07:14:02.010Z","level":"INFO","service":"cart-service","message":"User added item to shopping cart"}
{"timestamp":"2026-07-05T07:14:24.214Z","level":"INFO","service":"payment-service","message":"User added item to shopping cart"}
{"timestamp":"2026-07-05T07:14:35.306Z","level":"INFO","service":"payment-service","message":"Fetched product catalog data successfully"}
{"timestamp":"2026-07-05T07:15:13.871Z","level":"WARN","service":"catalog-service","message":"Slow query detected on order history catalog lookup"}
{"timestamp":"2026-07-05T07:15:47.653Z","level":"INFO","service":"payment-service","message":"User login credentials validated"}
{"timestamp":"2026-07-05T07:16:21.619Z","level":"INFO","service":"payment-service","message":"Payment authorization token acquired"}
{"timestamp":"2026-07-05T07:16:42.880Z","level":"INFO","service":"payment-service","message":"Cart session initialized"}
{"timestamp":"2026-07-05T07:16:52.513Z","level":"INFO","service":"notification-service","message":"Sending order email confirmation notification"}
{"timestamp":"2026-07-05T07:17:13.643Z","level":"ERROR","service":"cart-service","message":"Failed to retrieve exchange rate from external API provider","stack_trace":"java.io.IOException: connection reset by peer
\tat sun.net.www.http.HttpClient.parseHTTPHeader(HttpClient.java:712)
\tat sun.net.www.protocol.http.HttpURLConnection.getInputStream0(HttpURLConnection.java:1590) [req_ref: 0x178c3c2]"}
{"timestamp":"2026-07-05T07:17:18.309Z","level":"WARN","service":"notification-service","message":"Slow query detected on order history catalog lookup"}
{"timestamp":"2026-07-05T07:17:54.042Z","level":"WARN","service":"catalog-service","message":"Slow query detected on order history catalog lookup"}
{"timestamp":"2026-07-05T07:18:23.849Z","level":"INFO","service":"notification-service","message":"Sending order email confirmation notification"}
{"timestamp":"2026-07-05T07:18:41.901Z","level":"INFO","service":"payment-service","message":"Cart session initialized"}
{"timestamp":"2026-07-05T07:19:21.440Z","level":"INFO","service":"cart-service","message":"User added item to shopping cart"}
{"timestamp":"2026-07-05T07:19:48.893Z","level":"INFO","service":"notification-service","message":"Fetched product catalog data successfully"}
{"timestamp":"2026-07-05T07:20:03.348Z","level":"ERROR","service":"catalog-service","message":"Failed to retrieve exchange rate from external API provider","stack_trace":"java.io.IOException: connection reset by peer
\tat sun.net.www.http.HttpClient.parseHTTPHeader(HttpClient.java:712)
\tat sun.net.www.protocol.http.HttpURLConnection.getInputStream0(HttpURLConnection.java:1590) [req_ref: 0x5eb8e8b]"}
{"timestamp":"2026-07-05T07:20:35.281Z","level":"ERROR","service":"user-service","message":"Failed to retrieve exchange rate from external API provider","stack_trace":"java.io.IOException: connection reset by peer
\tat sun.net.www.http.HttpClient.parseHTTPHeader(HttpClient.java:712)
\tat sun.net.www.protocol.http.HttpURLConnection.getInputStream0(HttpURLConnection.java:1590) [req_ref: 0x343af5f]"}
{"timestamp":"2026-07-05T07:21:02.752Z","level":"ERROR","service":"notification-service","message":"Failed to retrieve exchange rate from external API provider","stack_trace":"java.io.IOException: connection reset by peer
\tat sun.net.www.http.HttpClient.parseHTTPHeader(HttpClient.java:712)
\tat sun.net.www.protocol.http.HttpURLConnection.getInputStream0(HttpURLConnection.java:1590) [req_ref: 0x2220513]"}
{"timestamp":"2026-07-05T07:21:41.175Z","level":"WARN","service":"cart-service","message":"Database connection pool threshold reached (80%)"}
{"timestamp":"2026-07-05T07:22:16.138Z","level":"INFO","service":"catalog-service","message":"Cart session initialized"}
{"timestamp":"2026-07-05T07:22:22.757Z","level":"INFO","service":"notification-service","message":"User login credentials validated"}
{"timestamp":"2026-07-05T07:22:52.493Z","level":"INFO","service":"payment-service","message":"Cart session initialized"}
{"timestamp":"2026-07-05T07:23:20.312Z","level":"INFO","service":"payment-service","message":"Payment authorization token acquired"}
{"timestamp":"2026-07-05T07:23:48.082Z","level":"WARN","service":"notification-service","message":"Database connection pool threshold reached (80%)"}
{"timestamp":"2026-07-05T07:24:03.568Z","level":"INFO","service":"payment-service","message":"Cart session initialized"}
{"timestamp":"2026-07-05T07:24:19.890Z","level":"INFO","service":"cart-service","message":"Fetched product catalog data successfully"}
{"timestamp":"2026-07-05T07:24:30.546Z","level":"INFO","service":"payment-service","message":"Payment authorization token acquired"}
{"timestamp":"2026-07-05T07:25:00.172Z","level":"WARN","service":"cart-service","message":"Slow query detected on order history catalog lookup"}
{"timestamp":"2026-07-05T07:25:16.565Z","level":"INFO","service":"catalog-service","message":"Sending order email confirmation notification"}
{"timestamp":"2026-07-05T07:25:37.901Z","level":"INFO","service":"payment-service","message":"Fetched product catalog data successfully"}
{"timestamp":"2026-07-05T07:25:47.871Z","level":"INFO","service":"payment-service","message":"Cart session initialized"}
{"timestamp":"2026-07-05T07:26:07.944Z","level":"INFO","service":"cart-service","message":"User added item to shopping cart"}
{"timestamp":"2026-07-05T07:26:30.583Z","level":"INFO","service":"notification-service","message":"Cart session initialized"}
{"timestamp":"2026-07-05T07:26:35.806Z","level":"WARN","service":"user-service","message":"Database connection pool threshold reached (80%)"}
{"timestamp":"2026-07-05T07:27:05.174Z","level":"INFO","service":"catalog-service","message":"Fetched product catalog data successfully"}
{"timestamp":"2026-07-05T07:27:18.419Z","level":"INFO","service":"catalog-service","message":"Fetched product catalog data successfully"}
{"timestamp":"2026-07-05T07:27:39.940Z","level":"INFO","service":"cart-service","message":"Fetched product catalog data successfully"}
{"timestamp":"2026-07-05T07:28:07.440Z","level":"INFO","service":"payment-service","message":"Cart session initialized"}
{"timestamp":"2026-07-05T07:28:16.488Z","level":"INFO","service":"cart-service","message":"Fetched product catalog data successfully"}
{"timestamp":"2026-07-05T07:28:22.734Z","level":"INFO","service":"payment-service","message":"User added item to shopping cart"}
{"timestamp":"2026-07-05T07:28:30.755Z","level":"INFO","service":"user-service","message":"Sending order email confirmation notification"}
{"timestamp":"2026-07-05T07:28:50.379Z","level":"ERROR","service":"payment-service","message":"Failed to retrieve exchange rate from external API provider","stack_trace":"java.io.IOException: connection reset by peer
\tat sun.net.www.http.HttpClient.parseHTTPHeader(HttpClient.java:712)
\tat sun.net.www.protocol.http.HttpURLConnection.getInputStream0(HttpURLConnection.java:1590) [req_ref: 0x58caeca]"
{"timestamp":"2026-07-05T07:29:05.305Z","level":"INFO","service":"catalog-service","message":"User added item to shopping cart"}
{"timestamp":"2026-07-05T07:29:15.972Z","level":"INFO","service":"notification-service","message":"Sending order email confirmation notification"}
{"timestamp":"2026-07-05T07:29:44.872Z","level":"INFO","service":"user-service","message":"Fetched product catalog data successfully"}
{"timestamp":"2026-07-05T07:30:15.988Z","level":"ERROR","service":"user-service","message":"Failed to retrieve exchange rate from external API provider","stack_trace":"java.io.IOException: connection reset by peer
\tat sun.net.www.http.HttpClient.parseHTTPHeader(HttpClient.java:712)
\tat sun.net.www.protocol.http.HttpURLConnection.getInputStream0(HttpURLConnection.java:1590) [req_ref: 0x1be9c84]"}
{"timestamp":"2026-07-05T07:30:22.328Z","level":"INFO","service":"catalog-service","message":"User login credentials validated"}
{"timestamp":"2026-07-05T07:30:52.113Z","level":"INFO","service":"catalog-service","message":"Fetched product catalog data successfully"}
{"timestamp":"2026-07-05T07:31:27.999Z","level":"INFO","service":"catalog-service","message":"Cart session initialized"}
{"timestamp":"2026-07-05T07:31:57.288Z","level":"ERROR","service":"payment-service","message":"Failed to retrieve exchange rate from external API provider","stack_trace":"java.io.IOException: connection reset by peer
\tat sun.net.www.http.HttpClient.parseHTTPHeader(HttpClient.java:712)
\tat sun.net.www.protocol.http.HttpURLConnection.getInputStream0(HttpURLConnection.java:1590) [req_ref: 0x36d8e77]"
{"timestamp":"2026-07-05T07:32:22.233Z","level":"INFO","service":"catalog-service","message":"Cart session initialized"}
{"timestamp":"2026-07-05T07:32:39.277Z","level":"INFO","service":"catalog-service","message":"User added item to shopping cart"}
{"timestamp":"2026-07-05T07:33:12.845Z","level":"INFO","service":"catalog-service","message":"Cart session initialized"}
{"timestamp":"2026-07-05T07:33:31.689Z","level":"INFO","service":"user-service","message":"Sending order email confirmation notification"}
{"timestamp":"2026-07-05T07:33:48.805Z","level":"INFO","service":"catalog-service","message":"User added item to shopping cart"}
{"timestamp":"2026-07-05T07:33:53.658Z","level":"INFO","service":"notification-service","message":"User login credentials validated"}
{"timestamp":"2026-07-05T07:34:16.729Z","level":"WARN","service":"user-service","message":"Database connection pool threshold reached (80%)"}
{"timestamp":"2026-07-05T07:34:40.140Z","level":"INFO","service":"payment-service","message":"User added item to shopping cart"}
{"timestamp":"2026-07-05T07:35:09.357Z","level":"INFO","service":"cart-service","message":"User login credentials validated"}
{"timestamp":"2026-07-05T07:35:21.937Z","level":"WARN","service":"payment-service","message":"Slow query detected on order history catalog lookup"}
{"timestamp":"2026-07-05T07:35:37.475Z","level":"WARN","service":"catalog-service","message":"Database connection pool threshold reached (80%)"}
{"timestamp":"2026-07-05T07:36:15.370Z","level":"WARN","service":"catalog-service","message":"Database connection pool threshold reached (80%)"}
{"timestamp":"2026-07-05T07:36:22.432Z","level":"INFO","service":"payment-service","message":"User login credentials validated"}
{"timestamp":"2026-07-05T07:36:45.184Z","level":"INFO","service":"notification-service","message":"Fetched product catalog data successfully"}
{"timestamp":"2026-07-05T07:37:07.901Z","level":"INFO","service":"catalog-service","message":"User added item to shopping cart"}
{"timestamp":"2026-07-05T07:37:42.335Z","level":"INFO","service":"cart-service","message":"User added item to shopping cart"}
{"timestamp":"2026-07-05T07:38:19.563Z","level":"INFO","service":"catalog-service","message":"Fetched product catalog data successfully"}
{"timestamp":"2026-07-05T07:38:29.855Z","level":"INFO","service":"catalog-service","message":"Sending order email confirmation notification"}
{"timestamp":"2026-07-05T07:38:45.306Z","level":"INFO","service":"payment-service","message":"Fetched product catalog data successfully"}
{"timestamp":"2026-07-05T07:39:00.293Z","level":"INFO","service":"notification-service","message":"Sending order email confirmation notification"}
{"timestamp":"2026-07-05T07:39:33.315Z","level":"INFO","service":"cart-service","message":"User login credentials validated"}
{"timestamp":"2026-07-05T07:39:42.787Z","level":"INFO","service":"catalog-service","message":"Cart session initialized"}
{"timestamp":"2026-07-05T07:40:01.275Z","level":"WARN","service":"cart-service","message":"Database connection pool threshold reached (80%)"}
{"timestamp":"2026-07-05T07:40:27.815Z","level":"ERROR","service":"payment-service","message":"Failed to retrieve exchange rate from external API provider","stack_trace":"java.io.IOException: connection reset by peer
\tat sun.net.www.http.HttpClient.parseHTTPHeader(HttpClient.java:712)
\tat sun.net.www.protocol.http.HttpURLConnection.getInputStream0(HttpURLConnection.java:1590) [req_ref: 0x3b4b059]"}
{"timestamp":"2026-07-05T07:41:00.583Z","level":"INFO","service":"user-service","message":"Cart session initialized"}
{"timestamp":"2026-07-05T07:41:27.895Z","level":"ERROR","service":"cart-service","message":"Failed to retrieve exchange rate from external API provider","stack_trace":"java.io.IOException: connection reset by peer
\tat sun.net.www.http.HttpClient.parseHTTPHeader(HttpClient.java:712)
\tat sun.net.www.protocol.http.HttpURLConnection.getInputStream0(HttpURLConnection.java:1590) [req_ref: 0x38dc7e5]"}
{"timestamp":"2026-07-05T07:41:56.862Z","level":"WARN","service":"payment-service","message":"Database connection pool threshold reached (80%)"}
{"timestamp":"2026-07-05T07:42:36.581Z","level":"INFO","service":"user-service","message":"User login credentials validated"}
{"timestamp":"2026-07-05T07:43:10.177Z","level":"ERROR","service":"payment-service","message":"Failed to retrieve exchange rate from external API provider","stack_trace":"java.io.IOException: connection reset by peer
\tat sun.net.www.http.HttpClient.parseHTTPHeader(HttpClient.java:712)
\tat sun.net.www.protocol.http.HttpURLConnection.getInputStream0(HttpURLConnection.java:1590) [req_ref: 0x4112923]"}
{"timestamp":"2026-07-05T07:43:32.064Z","level":"INFO","service":"user-service","message":"Fetched product catalog data successfully"}
{"timestamp":"2026-07-05T07:43:58.232Z","level":"INFO","service":"notification-service","message":"Payment authorization token acquired"}
{"timestamp":"2026-07-05T07:44:23.493Z","level":"INFO","service":"cart-service","message":"Cart session initialized"}
{"timestamp":"2026-07-05T07:44:33.400Z","level":"INFO","service":"cart-service","message":"Sending order email confirmation notification"}
{"timestamp":"2026-07-05T07:44:58.798Z","level":"INFO","service":"notification-service","message":"Fetched product catalog data successfully"}
{"timestamp":"2026-07-05T07:45:05.595Z","level":"WARN","service":"payment-service","message":"Slow query detected on order history catalog lookup"}
{"timestamp":"2026-07-05T07:45:18.123Z","level":"ERROR","service":"data-processor","message":"Failed to process streaming packet buffer","stack_trace":"java.lang.ArrayIndexOutOfBoundsException: Index 12 out of bounds for length 8
\tat com.data.Processor.processBuffer(Processor.java:214)
\tat com.data.Processor.run(Processor.java:98) [buffer_addr: 0x45ab9012cd34]"}
{"timestamp":"2026-07-05T07:45:44.079Z","level":"WARN","service":"cart-service","message":"Database connection pool threshold reached (80%)"}
{"timestamp":"2026-07-05T07:45:52.312Z","level":"WARN","service":"catalog-service","message":"Database connection pool threshold reached (80%)"}
{"timestamp":"2026-07-05T07:46:03.300Z","level":"WARN","service":"payment-service","message":"Slow query detected on order history catalog lookup"}
{"timestamp":"2026-07-05T07:46:40.979Z","level":"INFO","service":"notification-service","message":"User login credentials validated"}
{"timestamp":"2026-07-05T07:47:02.217Z","level":"INFO","service":"catalog-service","message":"Fetched product catalog data successfully"}
{"timestamp":"2026-07-05T07:47:32.745Z","level":"INFO","service":"catalog-service","message":"User added item to shopping cart"}
{"timestamp":"2026-07-05T07:48:11.770Z","level":"INFO","service":"catalog-service","message":"Payment authorization token acquired"}
{"timestamp":"2026-07-05T07:48:42.262Z","level":"WARN","service":"catalog-service","message":"Slow query detected on order history catalog lookup"}
{"timestamp":"2026-07-05T07:48:55.695Z","level":"INFO","service":"catalog-service","message":"Sending order email confirmation notification"}
{"timestamp":"2026-07-05T07:49:25.566Z","level":"INFO","service":"user-service","message":"Payment authorization token acquired"}
{"timestamp":"2026-07-05T07:49:49.903Z","level":"ERROR","service":"user-service","message":"Failed to retrieve exchange rate from external API provider","stack_trace":"java.io.IOException: connection reset by peer
\tat sun.net.www.http.HttpClient.parseHTTPHeader(HttpClient.java:712)
\tat sun.net.www.protocol.http.HttpURLConnection.getInputStream0(HttpURLConnection.java:1590) [req_ref: 0x39403c4]"}
{"timestamp":"2026-07-05T07:49:56.960Z","level":"INFO","service":"user-service","message":"Cart session initialized"}
{"timestamp":"2026-07-05T07:50:29.486Z","level":"INFO","service":"payment-service","message":"User added item to shopping cart"}
{"timestamp":"2026-07-05T07:50:34.795Z","level":"INFO","service":"notification-service","message":"User login credentials validated"}
{"timestamp":"2026-07-05T07:51:00.041Z","level":"ERROR","service":"catalog-service","message":"Failed to retrieve exchange rate from external API provider","stack_trace":"java.io.IOException: connection reset by peer
\tat sun.net.www.http.HttpClient.parseHTTPHeader(HttpClient.java:712)
\tat sun.net.www.protocol.http.HttpURLConnection.getInputStream0(HttpURLConnection.java:1590) [req_ref: 0x3ad302e]"
{"timestamp":"2026-07-05T07:51:20.372Z","level":"WARN","service":"catalog-service","message":"Database connection pool threshold reached (80%)"}
{"timestamp":"2026-07-05T07:51:27.345Z","level":"INFO","service":"user-service","message":"Sending order email confirmation notification"}
{"timestamp":"2026-07-05T07:51:47.454Z","level":"WARN","service":"cart-service","message":"Database connection pool threshold reached (80%)"}
{"timestamp":"2026-07-05T07:52:24.251Z","level":"INFO","service":"payment-service","message":"Fetched product catalog data successfully"}
{"timestamp":"2026-07-05T07:52:54.494Z","level":"INFO","service":"catalog-service","message":"Sending order email confirmation notification"}
{"timestamp":"2026-07-05T07:53:00.837Z","level":"WARN","service":"catalog-service","message":"Slow query detected on order history catalog lookup"}
{"timestamp":"2026-07-05T07:53:12.561Z","level":"INFO","service":"payment-service","message":"Cart session initialized"}
{"timestamp":"2026-07-05T07:53:28.430Z","level":"WARN","service":"catalog-service","message":"Slow query detected on order history catalog lookup"}
{"timestamp":"2026-07-05T07:53:50.794Z","level":"INFO","service":"user-service","message":"Fetched product catalog data successfully"}
{"timestamp":"2026-07-05T07:54:27.462Z","level":"ERROR","service":"notification-service","message":"Failed to retrieve exchange rate from external API provider","stack_trace":"java.io.IOException: connection reset by peer
\tat sun.net.www.http.HttpClient.parseHTTPHeader(HttpClient.java:712)
\tat sun.net.www.protocol.http.HttpURLConnection.getInputStream0(HttpURLConnection.java:1590) [req_ref: 0x40b1658]"}
{"timestamp":"2026-07-05T07:55:04.778Z","level":"INFO","service":"cart-service","message":"Fetched product catalog data successfully"}
{"timestamp":"2026-07-05T07:55:33.482Z","level":"WARN","service":"payment-service","message":"Database connection pool threshold reached (80%)"}
{"timestamp":"2026-07-05T07:55:51.311Z","level":"ERROR","service":"payment-service","message":"Failed to retrieve exchange rate from external API provider","stack_trace":"java.io.IOException: connection reset by peer
\tat sun.net.www.http.HttpClient.parseHTTPHeader(HttpClient.java:712)
\tat sun.net.www.protocol.http.HttpURLConnection.getInputStream0(HttpURLConnection.java:1590) [req_ref: 0x58a1525]"}
{"timestamp":"2026-07-05T07:56:28.774Z","level":"WARN","service":"catalog-service","message":"Database connection pool threshold reached (80%)"}
{"timestamp":"2026-07-05T07:56:34.759Z","level":"INFO","service":"cart-service","message":"Payment authorization token acquired"}
{"timestamp":"2026-07-05T07:56:40.864Z","level":"INFO","service":"cart-service","message":"Cart session initialized"}
{"timestamp":"2026-07-05T07:56:53.848Z","level":"WARN","service":"user-service","message":"Slow query detected on order history catalog lookup"}
{"timestamp":"2026-07-05T07:57:01.268Z","level":"WARN","service":"notification-service","message":"Database connection pool threshold reached (80%)"}
{"timestamp":"2026-07-05T07:57:10.558Z","level":"WARN","service":"catalog-service","message":"Slow query detected on order history catalog lookup"}
{"timestamp":"2026-07-05T07:57:16.416Z","level":"INFO","service":"catalog-service","message":"Sending order email confirmation notification"}
{"timestamp":"2026-07-05T07:57:32.859Z","level":"INFO","service":"user-service","message":"User added item to shopping cart"}
{"timestamp":"2026-07-05T07:58:02.781Z","level":"INFO","service":"payment-service","message":"Fetched product catalog data successfully"}
{"timestamp":"2026-07-05T07:58:37.196Z","level":"INFO","service":"notification-service","message":"Cart session initialized"}
{"timestamp":"2026-07-05T07:59:14.859Z","level":"INFO","service":"notification-service","message":"User added item to shopping cart"}
{"timestamp":"2026-07-05T07:59:53.952Z","level":"WARN","service":"payment-service","message":"Slow query detected on order history catalog lookup"}
{"timestamp":"2026-07-05T08:00:05.575Z","level":"WARN","service":"payment-service","message":"Database connection pool threshold reached (80%)"}
{"timestamp":"2026-07-05T08:00:30.988Z","level":"INFO","service":"payment-service","message":"Sending order email confirmation notification"}
{"timestamp":"2026-07-05T08:01:04.092Z","level":"INFO","service":"catalog-service","message":"Fetched product catalog data successfully"}
{"timestamp":"2026-07-05T08:01:43.433Z","level":"INFO","service":"cart-service","message":"User login credentials validated"}
{"timestamp":"2026-07-05T08:01:58.414Z","level":"INFO","service":"notification-service","message":"User login credentials validated"}
{"timestamp":"2026-07-05T08:02:13.030Z","level":"ERROR","service":"payment-service","message":"Failed to retrieve exchange rate from external API provider","stack_trace":"java.io.IOException: connection reset by peer
\tat sun.net.www.http.HttpClient.parseHTTPHeader(HttpClient.java:712)
\tat sun.net.www.protocol.http.HttpURLConnection.getInputStream0(HttpURLConnection.java:1590) [req_ref: 0x5ea3d13]"}
{"timestamp":"2026-07-05T08:02:23.690Z","level":"INFO","service":"payment-service","message":"Payment authorization token acquired"}
{"timestamp":"2026-07-05T08:02:47.703Z","level":"INFO","service":"notification-service","message":"Fetched product catalog data successfully"}
{"timestamp":"2026-07-05T08:02:59.289Z","level":"WARN","service":"cart-service","message":"Database connection pool threshold reached (80%)"}
{"timestamp":"2026-07-05T08:03:32.027Z","level":"INFO","service":"catalog-service","message":"Cart session initialized"}
{"timestamp":"2026-07-05T08:03:41.631Z","level":"ERROR","service":"cart-service","message":"Failed to retrieve exchange rate from external API provider","stack_trace":"java.io.IOException: connection reset by peer
\tat sun.net.www.http.HttpClient.parseHTTPHeader(HttpClient.java:712)
\tat sun.net.www.protocol.http.HttpURLConnection.getInputStream0(HttpURLConnection.java:1590) [req_ref: 0x41c0c21]"
{"timestamp":"2026-07-05T08:04:09.264Z","level":"ERROR","service":"notification-service","message":"Failed to retrieve exchange rate from external API provider","stack_trace":"java.io.IOException: connection reset by peer
\tat sun.net.www.http.HttpClient.parseHTTPHeader(HttpClient.java:712)
\tat sun.net.www.protocol.http.HttpURLConnection.getInputStream0(HttpURLConnection.java:1590) [req_ref: 0x1e5320e]"}
{"timestamp":"2026-07-05T08:04:31.237Z","level":"ERROR","service":"notification-service","message":"Failed to retrieve exchange rate from external API provider","stack_trace":"java.io.IOException: connection reset by peer
\tat sun.net.www.http.HttpClient.parseHTTPHeader(HttpClient.java:712)
\tat sun.net.www.protocol.http.HttpURLConnection.getInputStream0(HttpURLConnection.java:1590) [req_ref: 0x2d1cd0b]"}
{"timestamp":"2026-07-05T08:04:51.831Z","level":"INFO","service":"user-service","message":"Cart session initialized"}
{"timestamp":"2026-07-05T08:05:00.477Z","level":"INFO","service":"notification-service","message":"User added item to shopping cart"}
{"timestamp":"2026-07-05T08:05:31.482Z","level":"INFO","service":"notification-service","message":"Fetched product catalog data successfully"}
{"timestamp":"2026-07-05T08:06:00.649Z","level":"INFO","service":"catalog-service","message":"User login credentials validated"}
{"timestamp":"2026-07-05T08:06:19.694Z","level":"INFO","service":"user-service","message":"Payment authorization token acquired"}
{"timestamp":"2026-07-05T08:06:57.593Z","level":"INFO","service":"user-service","message":"User added item to shopping cart"}
{"timestamp":"2026-07-05T08:07:26.666Z","level":"INFO","service":"cart-service","message":"Cart session initialized"}
{"timestamp":"2026-07-05T08:08:03.095Z","level":"INFO","service":"cart-service","message":"Fetched product catalog data successfully"}
{"timestamp":"2026-07-05T08:08:20.962Z","level":"INFO","service":"catalog-service","message":"Fetched product catalog data successfully"}
{"timestamp":"2026-07-05T08:08:32.487Z","level":"INFO","service":"user-service","message":"Cart session initialized"}
{"timestamp":"2026-07-05T08:09:03.645Z","level":"INFO","service":"cart-service","message":"Fetched product catalog data successfully"}
{"timestamp":"2026-07-05T08:09:36.900Z","level":"INFO","service":"user-service","message":"Sending order email confirmation notification"}
{"timestamp":"2026-07-05T08:09:42.525Z","level":"INFO","service":"notification-service","message":"Fetched product catalog data successfully"}
{"timestamp":"2026-07-05T08:10:20.655Z","level":"WARN","service":"user-service","message":"Slow query detected on order history catalog lookup"}
{"timestamp":"2026-07-05T08:10:35.411Z","level":"ERROR","service":"payment-service","message":"Failed to retrieve exchange rate from external API provider","stack_trace":"java.io.IOException: connection reset by peer
\tat sun.net.www.http.HttpClient.parseHTTPHeader(HttpClient.java:712)
\tat sun.net.www.protocol.http.HttpURLConnection.getInputStream0(HttpURLConnection.java:1590) [req_ref: 0x1ebbee6]"}
{"timestamp":"2026-07-05T08:11:06.563Z","level":"INFO","service":"payment-service","message":"User login credentials validated"}
{"timestamp":"2026-07-05T08:11:30.862Z","level":"INFO","service":"notification-service","message":"Payment authorization token acquired"}
{"timestamp":"2026-07-05T08:11:36.676Z","level":"WARN","service":"user-service","message":"Slow query detected on order history catalog lookup"}
{"timestamp":"2026-07-05T08:11:50.528Z","level":"INFO","service":"notification-service","message":"Payment authorization token acquired"}
{"timestamp":"2026-07-05T08:12:06.656Z","level":"INFO","service":"catalog-service","message":"User login credentials validated"}
{"timestamp":"2026-07-05T08:12:16.077Z","level":"ERROR","service":"catalog-service","message":"Failed to retrieve exchange rate from external API provider","stack_trace":"java.io.IOException: connection reset by peer
\tat sun.net.www.http.HttpClient.parseHTTPHeader(HttpClient.java:712)
\tat sun.net.www.protocol.http.HttpURLConnection.getInputStream0(HttpURLConnection.java:1590) [req_ref: 0x9d0e9e]"}
{"timestamp":"2026-07-05T08:12:28.736Z","level":"WARN","service":"notification-service","message":"Database connection pool threshold reached (80%)"}
{"timestamp":"2026-07-05T08:12:40.175Z","level":"WARN","service":"catalog-service","message":"Database connection pool threshold reached (80%)"}
{"timestamp":"2026-07-05T08:13:10.135Z","level":"ERROR","service":"user-service","message":"Failed to retrieve exchange rate from external API provider","stack_trace":"java.io.IOException: connection reset by peer
\tat sun.net.www.http.HttpClient.parseHTTPHeader(HttpClient.java:712)
\tat sun.net.www.protocol.http.HttpURLConnection.getInputStream0(HttpURLConnection.java:1590) [req_ref: 0xdc5d15]"}
{"timestamp":"2026-07-05T08:13:16.245Z","level":"INFO","service":"notification-service","message":"User added item to shopping cart"}
{"timestamp":"2026-07-05T08:13:50.058Z","level":"WARN","service":"payment-service","message":"Database connection pool threshold reached (80%)"}
{"timestamp":"2026-07-05T08:14:07.688Z","level":"INFO","service":"cart-service","message":"User login credentials validated"}
{"timestamp":"2026-07-05T08:14:29.223Z","level":"WARN","service":"cart-service","message":"Database connection pool threshold reached (80%)"}
{"timestamp":"2026-07-05T08:14:45.657Z","level":"INFO","service":"cart-service","message":"Payment authorization token acquired"}
{"timestamp":"2026-07-05T08:15:23.696Z","level":"INFO","service":"catalog-service","message":"Fetched product catalog data successfully"}
{"timestamp":"2026-07-05T08:15:33.182Z","level":"INFO","service":"user-service","message":"User login credentials validated"}
{"timestamp":"2026-07-05T08:15:47.305Z","level":"INFO","service":"payment-service","message":"Payment authorization token acquired"}
{"timestamp":"2026-07-05T08:16:05.417Z","level":"INFO","service":"notification-service","message":"Fetched product catalog data successfully"}
{"timestamp":"2026-07-05T08:16:15.961Z","level":"INFO","service":"payment-service","message":"Sending order email confirmation notification"}
{"timestamp":"2026-07-05T08:16:49.372Z","level":"INFO","service":"payment-service","message":"Fetched product catalog data successfully"}
{"timestamp":"2026-07-05T08:17:05.564Z","level":"WARN","service":"cart-service","message":"Slow query detected on order history catalog lookup"}
{"timestamp":"2026-07-05T08:17:35.842Z","level":"INFO","service":"user-service","message":"Sending order email confirmation notification"}
{"timestamp":"2026-07-05T08:18:04.664Z","level":"INFO","service":"catalog-service","message":"Fetched product catalog data successfully"}
{"timestamp":"2026-07-05T08:18:17.940Z","level":"INFO","service":"cart-service","message":"Sending order email confirmation notification"}
{"timestamp":"2026-07-05T08:18:46.325Z","level":"INFO","service":"payment-service","message":"User login credentials validated"}
{"timestamp":"2026-07-05T08:18:53.360Z","level":"INFO","service":"cart-service","message":"Sending order email confirmation notification"}
{"timestamp":"2026-07-05T08:19:25.261Z","level":"INFO","service":"notification-service","message":"User added item to shopping cart"}
{"timestamp":"2026-07-05T08:20:04.834Z","level":"INFO","service":"catalog-service","message":"Payment authorization token acquired"}
{"timestamp":"2026-07-05T08:20:26.695Z","level":"INFO","service":"user-service","message":"Sending order email confirmation notification"}
{"timestamp":"2026-07-05T08:20:56.846Z","level":"ERROR","service":"cart-service","message":"Failed to retrieve exchange rate from external API provider","stack_trace":"java.io.IOException: connection reset by peer
\tat sun.net.www.http.HttpClient.parseHTTPHeader(HttpClient.java:712)
\tat sun.net.www.protocol.http.HttpURLConnection.getInputStream0(HttpURLConnection.java:1590) [req_ref: 0x4f866f9]"
{"timestamp":"2026-07-05T08:21:23.895Z","level":"WARN","service":"notification-service","message":"Slow query detected on order history catalog lookup"}
{"timestamp":"2026-07-05T08:21:59.254Z","level":"INFO","service":"notification-service","message":"Payment authorization token acquired"}
{"timestamp":"2026-07-05T08:22:21.961Z","level":"WARN","service":"catalog-service","message":"Database connection pool threshold reached (80%)"}
{"timestamp":"2026-07-05T08:22:35.202Z","level":"INFO","service":"payment-service","message":"Sending order email confirmation notification"}
{"timestamp":"2026-07-05T08:23:07.039Z","level":"WARN","service":"catalog-service","message":"Database connection pool threshold reached (80%)"}
{"timestamp":"2026-07-05T08:23:41.618Z","level":"ERROR","service":"notification-service","message":"Failed to retrieve exchange rate from external API provider","stack_trace":"java.io.IOException: connection reset by peer
\tat sun.net.www.http.HttpClient.parseHTTPHeader(HttpClient.java:712)
\tat sun.net.www.protocol.http.HttpURLConnection.getInputStream0(HttpURLConnection.java:1590) [req_ref: 0x3dbaa4f]"}
{"timestamp":"2026-07-05T08:23:50.132Z","level":"INFO","service":"cart-service","message":"User login credentials validated"}
{"timestamp":"2026-07-05T08:24:26.991Z","level":"INFO","service":"payment-service","message":"Cart session initialized"}
{"timestamp":"2026-07-05T08:24:34.974Z","level":"INFO","service":"cart-service","message":"Cart session initialized"}
{"timestamp":"2026-07-05T08:25:12.396Z","level":"INFO","service":"payment-service","message":"Cart session initialized"}
{"timestamp":"2026-07-05T08:25:43.577Z","level":"INFO","service":"notification-service","message":"Cart session initialized"}
{"timestamp":"2026-07-05T08:25:48.393Z","level":"WARN","service":"catalog-service","message":"Database connection pool threshold reached (80%)"}
{"timestamp":"2026-07-05T08:25:57.989Z","level":"WARN","service":"catalog-service","message":"Database connection pool threshold reached (80%)"}
{"timestamp":"2026-07-05T08:26:13.193Z","level":"WARN","service":"cart-service","message":"Database connection pool threshold reached (80%)"}
{"timestamp":"2026-07-05T08:26:27.602Z","level":"ERROR","service":"notification-service","message":"Failed to retrieve exchange rate from external API provider","stack_trace":"java.io.IOException: connection reset by peer
\tat sun.net.www.http.HttpClient.parseHTTPHeader(HttpClient.java:712)
\tat sun.net.www.protocol.http.HttpURLConnection.getInputStream0(HttpURLConnection.java:1590) [req_ref: 0x29462d7]"}
{"timestamp":"2026-07-05T08:27:07.752Z","level":"WARN","service":"catalog-service","message":"Database connection pool threshold reached (80%)"}
{"timestamp":"2026-07-05T08:27:47.527Z","level":"WARN","service":"catalog-service","message":"Slow query detected on order history catalog lookup"}
{"timestamp":"2026-07-05T08:28:20.625Z","level":"INFO","service":"payment-service","message":"Payment authorization token acquired"}
{"timestamp":"2026-07-05T08:28:52.012Z","level":"INFO","service":"cart-service","message":"User added item to shopping cart"}
{"timestamp":"2026-07-05T08:29:12.260Z","level":"INFO","service":"notification-service","message":"Cart session initialized"}
{"timestamp":"2026-07-05T08:29:20.535Z","level":"INFO","service":"cart-service","message":"Sending order email confirmation notification"}
{"timestamp":"2026-07-05T08:29:31.335Z","level":"ERROR","service":"payment-service","message":"Failed to retrieve exchange rate from external API provider","stack_trace":"java.io.IOException: connection reset by peer
\tat sun.net.www.http.HttpClient.parseHTTPHeader(HttpClient.java:712)
\tat sun.net.www.protocol.http.HttpURLConnection.getInputStream0(HttpURLConnection.java:1590) [req_ref: 0x21ce32f]"}
{"timestamp":"2026-07-05T08:29:41.158Z","level":"WARN","service":"payment-service","message":"Database connection pool threshold reached (80%)"}
{"timestamp":"2026-07-05T08:29:46.030Z","level":"INFO","service":"user-service","message":"User added item to shopping cart"}
{"timestamp":"2026-07-05T08:30:09.304Z","level":"WARN","service":"user-service","message":"Slow query detected on order history catalog lookup"}
{"timestamp":"2026-07-05T08:30:39.150Z","level":"INFO","service":"notification-service","message":"User added item to shopping cart"}
{"timestamp":"2026-07-05T08:31:03.758Z","level":"INFO","service":"payment-service","message":"Fetched product catalog data successfully"}
{"timestamp":"2026-07-05T08:31:26.748Z","level":"INFO","service":"notification-service","message":"User added item to shopping cart"}
{"timestamp":"2026-07-05T08:31:44.307Z","level":"INFO","service":"user-service","message":"Fetched product catalog data successfully"}
{"timestamp":"2026-07-05T08:32:02.528Z","level":"WARN","service":"notification-service","message":"Slow query detected on order history catalog lookup"}
{"timestamp":"2026-07-05T08:32:27.155Z","level":"WARN","service":"notification-service","message":"Slow query detected on order history catalog lookup"}
{"timestamp":"2026-07-05T08:32:40.033Z","level":"ERROR","service":"notification-service","message":"Failed to retrieve exchange rate from external API provider","stack_trace":"java.io.IOException: connection reset by peer
\tat sun.net.www.http.HttpClient.parseHTTPHeader(HttpClient.java:712)
\tat sun.net.www.protocol.http.HttpURLConnection.getInputStream0(HttpURLConnection.java:1590) [req_ref: 0x41303c6]"}
{"timestamp":"2026-07-05T08:33:09.304Z","level":"INFO","service":"payment-service","message":"Cart session initialized"}
{"timestamp":"2026-07-05T08:33:32.930Z","level":"INFO","service":"user-service","message":"Payment authorization token acquired"}
{"timestamp":"2026-07-05T08:33:46.056Z","level":"INFO","service":"notification-service","message":"Cart session initialized"}
{"timestamp":"2026-07-05T08:34:05.344Z","level":"INFO","service":"payment-service","message":"Fetched product catalog data successfully"}
{"timestamp":"2026-07-05T08:34:41.436Z","level":"INFO","service":"catalog-service","message":"User added item to shopping cart"}
{"timestamp":"2026-07-05T08:35:02.572Z","level":"WARN","service":"notification-service","message":"Database connection pool threshold reached (80%)"}
{"timestamp":"2026-07-05T08:35:15.937Z","level":"ERROR","service":"notification-service","message":"Failed to retrieve exchange rate from external API provider","stack_trace":"java.io.IOException: connection reset by peer
\tat sun.net.www.http.HttpClient.parseHTTPHeader(HttpClient.java:712)
\tat sun.net.www.protocol.http.HttpURLConnection.getInputStream0(HttpURLConnection.java:1590) [req_ref: 0xde20d1]"}
{"timestamp":"2026-07-05T08:35:43.411Z","level":"INFO","service":"notification-service","message":"Cart session initialized"}
{"timestamp":"2026-07-05T08:35:48.087Z","level":"INFO","service":"catalog-service","message":"Payment authorization token acquired"}
{"timestamp":"2026-07-05T08:36:08.643Z","level":"WARN","service":"user-service","message":"Slow query detected on order history catalog lookup"}
{"timestamp":"2026-07-05T08:36:39.418Z","level":"ERROR","service":"user-service","message":"Failed to retrieve exchange rate from external API provider","stack_trace":"java.io.IOException: connection reset by peer
\tat sun.net.www.http.HttpClient.parseHTTPHeader(HttpClient.java:712)
\tat sun.net.www.protocol.http.HttpURLConnection.getInputStream0(HttpURLConnection.java:1590) [req_ref: 0x40a7bf4]"}
{"timestamp":"2026-07-05T08:37:14.156Z","level":"INFO","service":"cart-service","message":"Fetched product catalog data successfully"}
{"timestamp":"2026-07-05T08:37:38.253Z","level":"WARN","service":"cart-service","message":"Slow query detected on order history catalog lookup"}
{"timestamp":"2026-07-05T08:37:59.123Z","level":"INFO","service":"payment-service","message":"Payment authorization token acquired"}
{"timestamp":"2026-07-05T08:38:18.987Z","level":"INFO","service":"user-service","message":"Sending order email confirmation notification"}
{"timestamp":"2026-07-05T08:38:53.676Z","level":"INFO","service":"notification-service","message":"Payment authorization token acquired"}
{"timestamp":"2026-07-05T08:39:23.099Z","level":"INFO","service":"user-service","message":"Fetched product catalog data successfully"}
{"timestamp":"2026-07-05T08:39:59.501Z","level":"INFO","service":"catalog-service","message":"Sending order email confirmation notification"}
{"timestamp":"2026-07-05T08:40:14.075Z","level":"INFO","service":"catalog-service","message":"Payment authorization token acquired"}
{"timestamp":"2026-07-05T08:40:22.231Z","level":"INFO","service":"catalog-service","message":"User added item to shopping cart"}
{"timestamp":"2026-07-05T08:40:38.989Z","level":"INFO","service":"user-service","message":"Cart session initialized"}
{"timestamp":"2026-07-05T08:41:04.853Z","level":"INFO","service":"notification-service","message":"User added item to shopping cart"}
{"timestamp":"2026-07-05T08:41:21.528Z","level":"INFO","service":"catalog-service","message":"Sending order email confirmation notification"}
{"timestamp":"2026-07-05T08:41:39.470Z","level":"INFO","service":"user-service","message":"Sending order email confirmation notification"}
{"timestamp":"2026-07-05T08:42:03.749Z","level":"INFO","service":"payment-service","message":"User login credentials validated"}
{"timestamp":"2026-07-05T08:42:27.281Z","level":"INFO","service":"catalog-service","message":"User login credentials validated"}
{"timestamp":"2026-07-05T08:43:07.623Z","level":"INFO","service":"user-service","message":"User login credentials validated"}
{"timestamp":"2026-07-05T08:43:43.441Z","level":"WARN","service":"user-service","message":"Slow query detected on order history catalog lookup"}
{"timestamp":"2026-07-05T08:44:22.425Z","level":"INFO","service":"payment-service","message":"Sending order email confirmation notification"}
{"timestamp":"2026-07-05T08:44:47.067Z","level":"WARN","service":"user-service","message":"Slow query detected on order history catalog lookup"}
{"timestamp":"2026-07-05T08:45:18.329Z","level":"INFO","service":"user-service","message":"User added item to shopping cart"}
{"timestamp":"2026-07-05T08:45:53.644Z","level":"ERROR","service":"user-service","message":"Failed to retrieve exchange rate from external API provider","stack_trace":"java.io.IOException: connection reset by peer
\tat sun.net.www.http.HttpClient.parseHTTPHeader(HttpClient.java:712)
\tat sun.net.www.protocol.http.HttpURLConnection.getInputStream0(HttpURLConnection.java:1590) [req_ref: 0x3744c14]"
{"timestamp":"2026-07-05T08:46:13.984Z","level":"ERROR","service":"payment-service","message":"Failed to retrieve exchange rate from external API provider","stack_trace":"java.io.IOException: connection reset by peer
\tat sun.net.www.http.HttpClient.parseHTTPHeader(HttpClient.java:712)
\tat sun.net.www.protocol.http.HttpURLConnection.getInputStream0(HttpURLConnection.java:1590) [req_ref: 0x5573c35]"}
{"timestamp":"2026-07-05T08:46:35.360Z","level":"INFO","service":"catalog-service","message":"Sending order email confirmation notification"}
{"timestamp":"2026-07-05T08:46:56.037Z","level":"INFO","service":"notification-service","message":"User added item to shopping cart"}
{"timestamp":"2026-07-05T08:47:36.813Z","level":"ERROR","service":"cart-service","message":"Failed to retrieve exchange rate from external API provider","stack_trace":"java.io.IOException: connection reset by peer
\tat sun.net.www.http.HttpClient.parseHTTPHeader(HttpClient.java:712)
\tat sun.net.www.protocol.http.HttpURLConnection.getInputStream0(HttpURLConnection.java:1590) [req_ref: 0x9b91aa]"}
{"timestamp":"2026-07-05T08:48:15.759Z","level":"INFO","service":"user-service","message":"User added item to shopping cart"}
{"timestamp":"2026-07-05T08:48:40.916Z","level":"INFO","service":"catalog-service","message":"User login credentials validated"}
{"timestamp":"2026-07-05T08:49:02.735Z","level":"WARN","service":"notification-service","message":"Database connection pool threshold reached (80%)"}
{"timestamp":"2026-07-05T08:49:30.254Z","level":"INFO","service":"notification-service","message":"User added item to shopping cart"}
{"timestamp":"2026-07-05T08:50:00.048Z","level":"WARN","service":"catalog-service","message":"Slow query detected on order history catalog lookup"}
{"timestamp":"2026-07-05T08:50:05.051Z","level":"INFO","service":"cart-service","message":"Fetched product catalog data successfully"}
{"timestamp":"2026-07-05T08:50:25.913Z","level":"INFO","service":"user-service","message":"User login credentials validated"}
{"timestamp":"2026-07-05T08:50:50.914Z","level":"INFO","service":"cart-service","message":"User added item to shopping cart"}
{"timestamp":"2026-07-05T08:51:29.282Z","level":"INFO","service":"user-service","message":"Sending order email confirmation notification"}
{"timestamp":"2026-07-05T08:52:08.153Z","level":"INFO","service":"payment-service","message":"User added item to shopping cart"}
{"timestamp":"2026-07-05T08:52:47.024Z","level":"WARN","service":"payment-service","message":"Database connection pool threshold reached (80%)"}
{"timestamp":"2026-07-05T08:53:17.787Z","level":"INFO","service":"payment-service","message":"Fetched product catalog data successfully"}
{"timestamp":"2026-07-05T08:53:37.526Z","level":"ERROR","service":"cart-service","message":"Failed to retrieve exchange rate from external API provider","stack_trace":"java.io.IOException: connection reset by peer
\tat sun.net.www.http.HttpClient.parseHTTPHeader(HttpClient.java:712)
\tat sun.net.www.protocol.http.HttpURLConnection.getInputStream0(HttpURLConnection.java:1590) [req_ref: 0x508941a]"}
{"timestamp":"2026-07-05T08:53:59.643Z","level":"WARN","service":"user-service","message":"Slow query detected on order history catalog lookup"}
{"timestamp":"2026-07-05T08:54:38.553Z","level":"INFO","service":"user-service","message":"Cart session initialized"}
{"timestamp":"2026-07-05T08:55:08.329Z","level":"INFO","service":"payment-service","message":"Payment authorization token acquired"}
{"timestamp":"2026-07-05T08:55:18.994Z","level":"INFO","service":"catalog-service","message":"User login credentials validated"}
{"timestamp":"2026-07-05T08:55:50.726Z","level":"INFO","service":"notification-service","message":"Sending order email confirmation notification"}
{"timestamp":"2026-07-05T08:56:08.739Z","level":"INFO","service":"payment-service","message":"Payment authorization token acquired"}
{"timestamp":"2026-07-05T08:56:39.135Z","level":"INFO","service":"payment-service","message":"Fetched product catalog data successfully"}
{"timestamp":"2026-07-05T08:56:56.619Z","level":"INFO","service":"catalog-service","message":"User login credentials validated"}
{"timestamp":"2026-07-05T08:57:17.870Z","level":"ERROR","service":"user-service","message":"Failed to retrieve exchange rate from external API provider","stack_trace":"java.io.IOException: connection reset by peer
\tat sun.net.www.http.HttpClient.parseHTTPHeader(HttpClient.java:712)
\tat sun.net.www.protocol.http.HttpURLConnection.getInputStream0(HttpURLConnection.java:1590) [req_ref: 0x4a76475]"}
{"timestamp":"2026-07-05T08:57:49.499Z","level":"ERROR","service":"user-service","message":"Failed to retrieve exchange rate from external API provider","stack_trace":"java.io.IOException: connection reset by peer
\tat sun.net.www.http.HttpClient.parseHTTPHeader(HttpClient.java:712)
\tat sun.net.www.protocol.http.HttpURLConnection.getInputStream0(HttpURLConnection.java:1590) [req_ref: 0x56fdf30]"}
{"timestamp":"2026-07-05T08:57:56.610Z","level":"INFO","service":"payment-service","message":"Fetched product catalog data successfully"}
{"timestamp":"2026-07-05T08:58:08.613Z","level":"INFO","service":"notification-service","message":"User added item to shopping cart"}
{"timestamp":"2026-07-05T08:58:47.859Z","level":"INFO","service":"cart-service","message":"Sending order email confirmation notification"}
{"timestamp":"2026-07-05T08:58:57.094Z","level":"INFO","service":"payment-service","message":"Cart session initialized"}
{"timestamp":"2026-07-05T08:59:26.387Z","level":"INFO","service":"user-service","message":"User added item to shopping cart"}
{"timestamp":"2026-07-05T08:59:52.550Z","level":"ERROR","service":"cart-service","message":"Failed to retrieve exchange rate from external API provider","stack_trace":"java.io.IOException: connection reset by peer
\tat sun.net.www.http.HttpClient.parseHTTPHeader(HttpClient.java:712)
\tat sun.net.www.protocol.http.HttpURLConnection.getInputStream0(HttpURLConnection.java:1590) [req_ref: 0x34dd7bf]"}
{"timestamp":"2026-07-05T09:00:18.166Z","level":"INFO","service":"catalog-service","message":"Sending order email confirmation notification"}
{"timestamp":"2026-07-05T09:00:34.673Z","level":"INFO","service":"user-service","message":"User added item to shopping cart"}
{"timestamp":"2026-07-05T09:01:04.033Z","level":"WARN","service":"cart-service","message":"Slow query detected on order history catalog lookup"}
{"timestamp":"2026-07-05T09:01:19.150Z","level":"INFO","service":"user-service","message":"Payment authorization token acquired"}
{"timestamp":"2026-07-05T09:01:38.615Z","level":"INFO","service":"catalog-service","message":"Fetched product catalog data successfully"}
{"timestamp":"2026-07-05T09:02:13.488Z","level":"INFO","service":"cart-service","message":"Payment authorization token acquired"}
{"timestamp":"2026-07-05T09:02:35.303Z","level":"INFO","service":"catalog-service","message":"Fetched product catalog data successfully"}
{"timestamp":"2026-07-05T09:03:14.695Z","level":"INFO","service":"payment-service","message":"Sending order email confirmation notification"}
{"timestamp":"2026-07-05T09:03:24.454Z","level":"INFO","service":"user-service","message":"User login credentials validated"}
{"timestamp":"2026-07-05T09:03:53.763Z","level":"INFO","service":"user-service","message":"Payment authorization token acquired"}
{"timestamp":"2026-07-05T09:04:13.590Z","level":"WARN","service":"cart-service","message":"Database connection pool threshold reached (80%)"}
{"timestamp":"2026-07-05T09:04:49.823Z","level":"WARN","service":"catalog-service","message":"Database connection pool threshold reached (80%)"}
{"timestamp":"2026-07-05T09:05:02.893Z","level":"INFO","service":"catalog-service","message":"Cart session initialized"}
{"timestamp":"2026-07-05T09:05:22.334Z","level":"WARN","service":"notification-service","message":"Database connection pool threshold reached (80%)"}
{"timestamp":"2026-07-05T09:05:27.372Z","level":"INFO","service":"payment-service","message":"Fetched product catalog data successfully"}
{"timestamp":"2026-07-05T09:05:40.767Z","level":"INFO","service":"catalog-service","message":"User added item to shopping cart"}
{"timestamp":"2026-07-05T09:06:19.308Z","level":"INFO","service":"user-service","message":"Cart session initialized"}
{"timestamp":"2026-07-05T09:06:47.497Z","level":"WARN","service":"notification-service","message":"Slow query detected on order history catalog lookup"}
{"timestamp":"2026-07-05T09:06:52.221Z","level":"ERROR","service":"catalog-service","message":"Failed to retrieve exchange rate from external API provider","stack_trace":"java.io.IOException: connection reset by peer
\tat sun.net.www.http.HttpClient.parseHTTPHeader(HttpClient.java:712)
\tat sun.net.www.protocol.http.HttpURLConnection.getInputStream0(HttpURLConnection.java:1590) [req_ref: 0x3ce6b4a]"
{"timestamp":"2026-07-05T09:07:00.402Z","level":"INFO","service":"payment-service","message":"Fetched product catalog data successfully"}
{"timestamp":"2026-07-05T09:07:30.405Z","level":"WARN","service":"payment-service","message":"Database connection pool threshold reached (80%)"}
{"timestamp":"2026-07-05T09:07:35.379Z","level":"INFO","service":"user-service","message":"Cart session initialized"}
{"timestamp":"2026-07-05T09:08:13.908Z","level":"WARN","service":"user-service","message":"Database connection pool threshold reached (80%)"}
{"timestamp":"2026-07-05T09:08:35.857Z","level":"ERROR","service":"user-service","message":"Failed to retrieve exchange rate from external API provider","stack_trace":"java.io.IOException: connection reset by peer
\tat sun.net.www.http.HttpClient.parseHTTPHeader(HttpClient.java:712)
\tat sun.net.www.protocol.http.HttpURLConnection.getInputStream0(HttpURLConnection.java:1590) [req_ref: 0x54c5664]"
{"timestamp":"2026-07-05T09:08:53.600Z","level":"INFO","service":"user-service","message":"User added item to shopping cart"}
{"timestamp":"2026-07-05T09:09:08.060Z","level":"INFO","service":"payment-service","message":"Fetched product catalog data successfully"}
{"timestamp":"2026-07-05T09:09:22.373Z","level":"INFO","service":"payment-service","message":"Fetched product catalog data successfully"}
{"timestamp":"2026-07-05T09:09:43.347Z","level":"INFO","service":"payment-service","message":"Sending order email confirmation notification"}
{"timestamp":"2026-07-05T09:10:17.775Z","level":"WARN","service":"cart-service","message":"Slow query detected on order history catalog lookup"}
{"timestamp":"2026-07-05T09:10:45.236Z","level":"INFO","service":"user-service","message":"Cart session initialized"}
{"timestamp":"2026-07-05T09:11:15.042Z","level":"ERROR","service":"user-service","message":"Failed to retrieve exchange rate from external API provider","stack_trace":"java.io.IOException: connection reset by peer
\tat sun.net.www.http.HttpClient.parseHTTPHeader(HttpClient.java:712)
\tat sun.net.www.protocol.http.HttpURLConnection.getInputStream0(HttpURLConnection.java:1590) [req_ref: 0x40a0324]"
{"timestamp":"2026-07-05T09:11:49.357Z","level":"INFO","service":"catalog-service","message":"User login credentials validated"}
{"timestamp":"2026-07-05T09:12:14.263Z","level":"INFO","service":"cart-service","message":"Cart session initialized"}
{"timestamp":"2026-07-05T09:12:21.326Z","level":"ERROR","service":"cart-service","message":"Failed to retrieve exchange rate from external API provider","stack_trace":"java.io.IOException: connection reset by peer
\tat sun.net.www.http.HttpClient.parseHTTPHeader(HttpClient.java:712)
\tat sun.net.www.protocol.http.HttpURLConnection.getInputStream0(HttpURLConnection.java:1590) [req_ref: 0x56f9394]"}
{"timestamp":"2026-07-05T09:12:44.947Z","level":"INFO","service":"cart-service","message":"Sending order email confirmation notification"}
{"timestamp":"2026-07-05T09:13:21.092Z","level":"ERROR","service":"user-service","message":"Failed to retrieve exchange rate from external API provider","stack_trace":"java.io.IOException: connection reset by peer
\tat sun.net.www.http.HttpClient.parseHTTPHeader(HttpClient.java:712)
\tat sun.net.www.protocol.http.HttpURLConnection.getInputStream0(HttpURLConnection.java:1590) [req_ref: 0xb9f324]"}
{"timestamp":"2026-07-05T09:13:33.735Z","level":"WARN","service":"notification-service","message":"Database connection pool threshold reached (80%)"}
{"timestamp":"2026-07-05T09:14:00.644Z","level":"ERROR","service":"cart-service","message":"Failed to retrieve exchange rate from external API provider","stack_trace":"java.io.IOException: connection reset by peer
\tat sun.net.www.http.HttpClient.parseHTTPHeader(HttpClient.java:712)
\tat sun.net.www.protocol.http.HttpURLConnection.getInputStream0(HttpURLConnection.java:1590) [req_ref: 0x24974bb]"}
{"timestamp":"2026-07-05T09:14:23.780Z","level":"WARN","service":"cart-service","message":"Database connection pool threshold reached (80%)"}
{"timestamp":"2026-07-05T09:14:53.160Z","level":"INFO","service":"payment-service","message":"Payment authorization token acquired"}
{"timestamp":"2026-07-05T09:15:07.126Z","level":"WARN","service":"catalog-service","message":"Slow query detected on order history catalog lookup"}
{"timestamp":"2026-07-05T09:15:15.322Z","level":"WARN","service":"catalog-service","message":"Database connection pool threshold reached (80%)"}
{"timestamp":"2026-07-05T09:15:20.240Z","level":"INFO","service":"catalog-service","message":"User added item to shopping cart"}
{"timestamp":"2026-07-05T09:15:51.860Z","level":"INFO","service":"payment-service","message":"User login credentials validated"}
{"timestamp":"2026-07-05T09:16:30.433Z","level":"WARN","service":"user-service","message":"Slow query detected on order history catalog lookup"}
{"timestamp":"2026-07-05T09:16:35.303Z","level":"INFO","service":"catalog-service","message":"Cart session initialized"}
{"timestamp":"2026-07-05T09:17:06.923Z","level":"INFO","service":"catalog-service","message":"Fetched product catalog data successfully"}
{"timestamp":"2026-07-05T09:17:19.201Z","level":"INFO","service":"cart-service","message":"User added item to shopping cart"}
{"timestamp":"2026-07-05T09:17:47.516Z","level":"INFO","service":"cart-service","message":"Fetched product catalog data successfully"}
{"timestamp":"2026-07-05T09:17:56.383Z","level":"INFO","service":"payment-service","message":"Fetched product catalog data successfully"}
{"timestamp":"2026-07-05T09:18:05.451Z","level":"INFO","service":"payment-service","message":"User added item to shopping cart"}
{"timestamp":"2026-07-05T09:18:37.508Z","level":"INFO","service":"user-service","message":"Payment authorization token acquired"}
{"timestamp":"2026-07-05T09:19:09.055Z","level":"ERROR","service":"cart-service","message":"Failed to retrieve exchange rate from external API provider","stack_trace":"java.io.IOException: connection reset by peer
\tat sun.net.www.http.HttpClient.parseHTTPHeader(HttpClient.java:712)
\tat sun.net.www.protocol.http.HttpURLConnection.getInputStream0(HttpURLConnection.java:1590) [req_ref: 0x41dc8fd]"}
{"timestamp":"2026-07-05T09:19:37.132Z","level":"INFO","service":"payment-service","message":"User login credentials validated"}
{"timestamp":"2026-07-05T09:20:01.076Z","level":"INFO","service":"payment-service","message":"Sending order email confirmation notification"}
{"timestamp":"2026-07-05T09:20:26.314Z","level":"INFO","service":"catalog-service","message":"User login credentials validated"}
{"timestamp":"2026-07-05T09:20:34.726Z","level":"INFO","service":"catalog-service","message":"User login credentials validated"}
{"timestamp":"2026-07-05T09:21:02.218Z","level":"INFO","service":"user-service","message":"Payment authorization token acquired"}
{"timestamp":"2026-07-05T09:21:36.597Z","level":"INFO","service":"user-service","message":"Payment authorization token acquired"}
{"timestamp":"2026-07-05T09:22:10.126Z","level":"INFO","service":"notification-service","message":"User added item to shopping cart"}
{"timestamp":"2026-07-05T09:22:48.652Z","level":"ERROR","service":"notification-service","message":"Failed to retrieve exchange rate from external API provider","stack_trace":"java.io.IOException: connection reset by peer
\tat sun.net.www.http.HttpClient.parseHTTPHeader(HttpClient.java:712)
\tat sun.net.www.protocol.http.HttpURLConnection.getInputStream0(HttpURLConnection.java:1590) [req_ref: 0x3c76787]"}
{"timestamp":"2026-07-05T09:23:12.867Z","level":"INFO","service":"catalog-service","message":"Sending order email confirmation notification"}
{"timestamp":"2026-07-05T09:23:44.338Z","level":"INFO","service":"catalog-service","message":"User added item to shopping cart"}
{"timestamp":"2026-07-05T09:24:24.240Z","level":"INFO","service":"payment-service","message":"Payment authorization token acquired"}
{"timestamp":"2026-07-05T09:25:00.270Z","level":"WARN","service":"notification-service","message":"Slow query detected on order history catalog lookup"}
{"timestamp":"2026-07-05T09:25:30.560Z","level":"INFO","service":"user-service","message":"Payment authorization token acquired"}
{"timestamp":"2026-07-05T09:26:04.050Z","level":"INFO","service":"payment-service","message":"Sending order email confirmation notification"}
{"timestamp":"2026-07-05T09:26:39.867Z","level":"INFO","service":"catalog-service","message":"User added item to shopping cart"}
{"timestamp":"2026-07-05T09:27:18.271Z","level":"INFO","service":"payment-service","message":"Fetched product catalog data successfully"}
{"timestamp":"2026-07-05T09:27:29.577Z","level":"INFO","service":"payment-service","message":"Cart session initialized"}
{"timestamp":"2026-07-05T09:27:35.617Z","level":"WARN","service":"cart-service","message":"Database connection pool threshold reached (80%)"}
{"timestamp":"2026-07-05T09:28:11.247Z","level":"INFO","service":"payment-service","message":"Sending order email confirmation notification"}
{"timestamp":"2026-07-05T09:28:25.706Z","level":"WARN","service":"notification-service","message":"Slow query detected on order history catalog lookup"}
{"timestamp":"2026-07-05T09:28:43.805Z","level":"INFO","service":"payment-service","message":"Sending order email confirmation notification"}
{"timestamp":"2026-07-05T09:29:13.296Z","level":"INFO","service":"cart-service","message":"Fetched product catalog data successfully"}
{"timestamp":"2026-07-05T09:29:29.889Z","level":"INFO","service":"notification-service","message":"Cart session initialized"}
{"timestamp":"2026-07-05T09:29:54.245Z","level":"WARN","service":"payment-service","message":"Database connection pool threshold reached (80%)"}
{"timestamp":"2026-07-05T09:30:28.385Z","level":"INFO","service":"notification-service","message":"Cart session initialized"}
{"timestamp":"2026-07-05T09:30:49.169Z","level":"WARN","service":"catalog-service","message":"Slow query detected on order history catalog lookup"}
{"timestamp":"2026-07-05T09:31:09.636Z","level":"INFO","service":"payment-service","message":"Sending order email confirmation notification"}
{"timestamp":"2026-07-05T09:31:48.888Z","level":"INFO","service":"cart-service","message":"Cart session initialized"}
{"timestamp":"2026-07-05T09:31:55.139Z","level":"INFO","service":"payment-service","message":"Cart session initialized"}
{"timestamp":"2026-07-05T09:32:01.589Z","level":"INFO","service":"user-service","message":"User login credentials validated"}
{"timestamp":"2026-07-05T09:32:06.066Z","level":"INFO","service":"catalog-service","message":"Sending order email confirmation notification"}
{"timestamp":"2026-07-05T09:32:25.779Z","level":"ERROR","service":"payment-service","message":"Failed to retrieve exchange rate from external API provider","stack_trace":"java.io.IOException: connection reset by peer
\tat sun.net.www.http.HttpClient.parseHTTPHeader(HttpClient.java:712)
\tat sun.net.www.protocol.http.HttpURLConnection.getInputStream0(HttpURLConnection.java:1590) [req_ref: 0x2d3c694]"}
{"timestamp":"2026-07-05T09:32:43.984Z","level":"WARN","service":"cart-service","message":"Slow query detected on order history catalog lookup"}
{"timestamp":"2026-07-05T09:32:52.619Z","level":"ERROR","service":"notification-service","message":"Failed to retrieve exchange rate from external API provider","stack_trace":"java.io.IOException: connection reset by peer
\tat sun.net.www.http.HttpClient.parseHTTPHeader(HttpClient.java:712)
\tat sun.net.www.protocol.http.HttpURLConnection.getInputStream0(HttpURLConnection.java:1590) [req_ref: 0x1ca7554]"}
{"timestamp":"2026-07-05T09:32:57.818Z","level":"INFO","service":"catalog-service","message":"Payment authorization token acquired"}
{"timestamp":"2026-07-05T09:33:22.882Z","level":"INFO","service":"user-service","message":"Payment authorization token acquired"}
{"timestamp":"2026-07-05T09:33:44.706Z","level":"INFO","service":"cart-service","message":"Cart session initialized"}
{"timestamp":"2026-07-05T09:34:13.058Z","level":"INFO","service":"catalog-service","message":"Payment authorization token acquired"}
{"timestamp":"2026-07-05T09:34:45.582Z","level":"INFO","service":"notification-service","message":"User added item to shopping cart"}
{"timestamp":"2026-07-05T09:35:02.564Z","level":"INFO","service":"payment-service","message":"User added item to shopping cart"}
{"timestamp":"2026-07-05T09:35:08.003Z","level":"INFO","service":"catalog-service","message":"User login credentials validated"}
{"timestamp":"2026-07-05T09:35:28.218Z","level":"INFO","service":"payment-service","message":"Cart session initialized"}
{"timestamp":"2026-07-05T09:36:00.640Z","level":"INFO","service":"payment-service","message":"Cart session initialized"}
{"timestamp":"2026-07-05T09:36:36.460Z","level":"WARN","service":"catalog-service","message":"Slow query detected on order history catalog lookup"}
{"timestamp":"2026-07-05T09:36:54.208Z","level":"WARN","service":"user-service","message":"Database connection pool threshold reached (80%)"}
{"timestamp":"2026-07-05T09:37:31.716Z","level":"WARN","service":"user-service","message":"Database connection pool threshold reached (80%)"}
{"timestamp":"2026-07-05T09:38:01.950Z","level":"WARN","service":"cart-service","message":"Slow query detected on order history catalog lookup"}
{"timestamp":"2026-07-05T09:38:07.947Z","level":"INFO","service":"catalog-service","message":"Fetched product catalog data successfully"}
{"timestamp":"2026-07-05T09:38:25.571Z","level":"INFO","service":"cart-service","message":"Fetched product catalog data successfully"}
{"timestamp":"2026-07-05T09:38:45.387Z","level":"INFO","service":"user-service","message":"Payment authorization token acquired"}
{"timestamp":"2026-07-05T09:39:10.173Z","level":"ERROR","service":"notification-service","message":"Failed to retrieve exchange rate from external API provider","stack_trace":"java.io.IOException: connection reset by peer
\tat sun.net.www.http.HttpClient.parseHTTPHeader(HttpClient.java:712)
\tat sun.net.www.protocol.http.HttpURLConnection.getInputStream0(HttpURLConnection.java:1590) [req_ref: 0x307a984]"
{"timestamp":"2026-07-05T09:39:33.086Z","level":"WARN","service":"user-service","message":"Slow query detected on order history catalog lookup"}
{"timestamp":"2026-07-05T09:39:57.745Z","level":"INFO","service":"user-service","message":"Cart session initialized"}
{"timestamp":"2026-07-05T09:40:33.276Z","level":"WARN","service":"user-service","message":"Database connection pool threshold reached (80%)"}
{"timestamp":"2026-07-05T09:41:08.800Z","level":"ERROR","service":"cart-service","message":"Failed to retrieve exchange rate from external API provider","stack_trace":"java.io.IOException: connection reset by peer
\tat sun.net.www.http.HttpClient.parseHTTPHeader(HttpClient.java:712)
\tat sun.net.www.protocol.http.HttpURLConnection.getInputStream0(HttpURLConnection.java:1590) [req_ref: 0x1ee9cf1]"}
{"timestamp":"2026-07-05T09:41:39.141Z","level":"INFO","service":"cart-service","message":"Fetched product catalog data successfully"}
{"timestamp":"2026-07-05T09:42:11.850Z","level":"INFO","service":"payment-service","message":"Fetched product catalog data successfully"}
{"timestamp":"2026-07-05T09:42:18.250Z","level":"INFO","service":"catalog-service","message":"Sending order email confirmation notification"}
{"timestamp":"2026-07-05T09:42:55.678Z","level":"WARN","service":"cart-service","message":"Database connection pool threshold reached (80%)"}
{"timestamp":"2026-07-05T09:43:16.968Z","level":"INFO","service":"catalog-service","message":"User added item to shopping cart"}
{"timestamp":"2026-07-05T09:43:39.587Z","level":"INFO","service":"catalog-service","message":"User login credentials validated"}
{"timestamp":"2026-07-05T09:44:04.609Z","level":"INFO","service":"catalog-service","message":"Sending order email confirmation notification"}
{"timestamp":"2026-07-05T09:44:15.535Z","level":"WARN","service":"payment-service","message":"Slow query detected on order history catalog lookup"}
{"timestamp":"2026-07-05T09:44:54.725Z","level":"INFO","service":"cart-service","message":"User added item to shopping cart"}
{"timestamp":"2026-07-05T09:45:15.613Z","level":"WARN","service":"notification-service","message":"Database connection pool threshold reached (80%)"}
{"timestamp":"2026-07-05T09:45:22.603Z","level":"INFO","service":"notification-service","message":"Payment authorization token acquired"}
{"timestamp":"2026-07-05T09:45:47.014Z","level":"INFO","service":"cart-service","message":"Sending order email confirmation notification"}
{"timestamp":"2026-07-05T09:46:01.843Z","level":"WARN","service":"catalog-service","message":"Database connection pool threshold reached (80%)"}
{"timestamp":"2026-07-05T09:46:24.221Z","level":"INFO","service":"payment-service","message":"Cart session initialized"}
{"timestamp":"2026-07-05T09:46:43.998Z","level":"INFO","service":"notification-service","message":"User login credentials validated"}
{"timestamp":"2026-07-05T09:47:12.103Z","level":"INFO","service":"payment-service","message":"User added item to shopping cart"}
{"timestamp":"2026-07-05T09:47:27.735Z","level":"ERROR","service":"notification-service","message":"Failed to retrieve exchange rate from external API provider","stack_trace":"java.io.IOException: connection reset by peer
\tat sun.net.www.http.HttpClient.parseHTTPHeader(HttpClient.java:712)
\tat sun.net.www.protocol.http.HttpURLConnection.getInputStream0(HttpURLConnection.java:1590) [req_ref: 0x5cdaa38]"
{"timestamp":"2026-07-05T09:47:38.337Z","level":"INFO","service":"notification-service","message":"User login credentials validated"}
{"timestamp":"2026-07-05T09:48:18.955Z","level":"INFO","service":"cart-service","message":"Sending order email confirmation notification"}
{"timestamp":"2026-07-05T09:48:39.016Z","level":"INFO","service":"user-service","message":"User added item to shopping cart"}
{"timestamp":"2026-07-05T09:48:55.701Z","level":"WARN","service":"catalog-service","message":"Database connection pool threshold reached (80%)"}
{"timestamp":"2026-07-05T09:49:10.140Z","level":"ERROR","service":"payment-service","message":"Failed to retrieve exchange rate from external API provider","stack_trace":"java.io.IOException: connection reset by peer
\tat sun.net.www.http.HttpClient.parseHTTPHeader(HttpClient.java:712)
\tat sun.net.www.protocol.http.HttpURLConnection.getInputStream0(HttpURLConnection.java:1590) [req_ref: 0x3078f74]"}
{"timestamp":"2026-07-05T09:49:34.176Z","level":"INFO","service":"payment-service","message":"Payment authorization token acquired"}
{"timestamp":"2026-07-05T09:50:04.732Z","level":"ERROR","service":"catalog-service","message":"Failed to retrieve exchange rate from external API provider","stack_trace":"java.io.IOException: connection reset by peer
\tat sun.net.www.http.HttpClient.parseHTTPHeader(HttpClient.java:712)
\tat sun.net.www.protocol.http.HttpURLConnection.getInputStream0(HttpURLConnection.java:1590) [req_ref: 0x4879461]"
{"timestamp":"2026-07-05T09:50:41.792Z","level":"ERROR","service":"notification-service","message":"Failed to retrieve exchange rate from external API provider","stack_trace":"java.io.IOException: connection reset by peer
\tat sun.net.www.http.HttpClient.parseHTTPHeader(HttpClient.java:712)
\tat sun.net.www.protocol.http.HttpURLConnection.getInputStream0(HttpURLConnection.java:1590) [req_ref: 0x1ba0f5d]"}
{"timestamp":"2026-07-05T09:50:54.209Z","level":"ERROR","service":"catalog-service","message":"Failed to retrieve exchange rate from external API provider","stack_trace":"java.io.IOException: connection reset by peer
\tat sun.net.www.http.HttpClient.parseHTTPHeader(HttpClient.java:712)
\tat sun.net.www.protocol.http.HttpURLConnection.getInputStream0(HttpURLConnection.java:1590) [req_ref: 0x5bd5eb9]"}
{"timestamp":"2026-07-05T09:51:29.059Z","level":"ERROR","service":"cart-service","message":"Failed to retrieve exchange rate from external API provider","stack_trace":"java.io.IOException: connection reset by peer
\tat sun.net.www.http.HttpClient.parseHTTPHeader(HttpClient.java:712)
\tat sun.net.www.protocol.http.HttpURLConnection.getInputStream0(HttpURLConnection.java:1590) [req_ref: 0x2eac28f]"
{"timestamp":"2026-07-05T09:52:07.050Z","level":"INFO","service":"catalog-service","message":"User added item to shopping cart"}
{"timestamp":"2026-07-05T09:52:24.714Z","level":"INFO","service":"cart-service","message":"Payment authorization token acquired"}
{"timestamp":"2026-07-05T09:52:54.313Z","level":"ERROR","service":"catalog-service","message":"Failed to retrieve exchange rate from external API provider","stack_trace":"java.io.IOException: connection reset by peer
\tat sun.net.www.http.HttpClient.parseHTTPHeader(HttpClient.java:712)
\tat sun.net.www.protocol.http.HttpURLConnection.getInputStream0(HttpURLConnection.java:1590) [req_ref: 0x2c3a24f]"}
{"timestamp":"2026-07-05T09:53:19.527Z","level":"WARN","service":"catalog-service","message":"Slow query detected on order history catalog lookup"}
{"timestamp":"2026-07-05T09:53:41.580Z","level":"INFO","service":"catalog-service","message":"Sending order email confirmation notification"}
{"timestamp":"2026-07-05T09:54:20.247Z","level":"WARN","service":"user-service","message":"Slow query detected on order history catalog lookup"}
{"timestamp":"2026-07-05T09:54:34.206Z","level":"INFO","service":"catalog-service","message":"User added item to shopping cart"}
{"timestamp":"2026-07-05T09:54:42.859Z","level":"INFO","service":"notification-service","message":"Fetched product catalog data successfully"}
{"timestamp":"2026-07-05T09:54:56.427Z","level":"WARN","service":"user-service","message":"Database connection pool threshold reached (80%)"}
{"timestamp":"2026-07-05T09:55:26.135Z","level":"INFO","service":"user-service","message":"User added item to shopping cart"}
{"timestamp":"2026-07-05T09:55:57.330Z","level":"INFO","service":"cart-service","message":"Payment authorization token acquired"}
{"timestamp":"2026-07-05T09:56:30.700Z","level":"WARN","service":"notification-service","message":"Database connection pool threshold reached (80%)"}
{"timestamp":"2026-07-05T09:56:52.338Z","level":"ERROR","service":"catalog-service","message":"Failed to retrieve exchange rate from external API provider","stack_trace":"java.io.IOException: connection reset by peer
\tat sun.net.www.http.HttpClient.parseHTTPHeader(HttpClient.java:712)
\tat sun.net.www.protocol.http.HttpURLConnection.getInputStream0(HttpURLConnection.java:1590) [req_ref: 0x3c8ea3c]"}
{"timestamp":"2026-07-05T09:57:19.909Z","level":"INFO","service":"catalog-service","message":"Payment authorization token acquired"}
{"timestamp":"2026-07-05T09:57:30.989Z","level":"INFO","service":"payment-service","message":"User login credentials validated"}
{"timestamp":"2026-07-05T09:58:05.441Z","level":"INFO","service":"cart-service","message":"Fetched product catalog data successfully"}
{"timestamp":"2026-07-05T09:58:10.053Z","level":"ERROR","service":"catalog-service","message":"Failed to retrieve exchange rate from external API provider","stack_trace":"java.io.IOException: connection reset by peer
\tat sun.net.www.http.HttpClient.parseHTTPHeader(HttpClient.java:712)
\tat sun.net.www.protocol.http.HttpURLConnection.getInputStream0(HttpURLConnection.java:1590) [req_ref: 0x42ad657]"}
{"timestamp":"2026-07-05T09:58:41.827Z","level":"INFO","service":"notification-service","message":"Cart session initialized"}
{"timestamp":"2026-07-05T09:59:04.699Z","level":"INFO","service":"user-service","message":"Payment authorization token acquired"}
{"timestamp":"2026-07-05T09:59:13.424Z","level":"INFO","service":"catalog-service","message":"Payment authorization token acquired"}
{"timestamp":"2026-07-05T09:59:34.332Z","level":"INFO","service":"user-service","message":"Cart session initialized"}
{"timestamp":"2026-07-05T09:59:50.913Z","level":"INFO","service":"cart-service","message":"User login credentials validated"}
{"timestamp":"2026-07-05T10:00:11.070Z","level":"WARN","service":"notification-service","message":"Slow query detected on order history catalog lookup"}
{"timestamp":"2026-07-05T10:00:34.005Z","level":"INFO","service":"payment-service","message":"Sending order email confirmation notification"}
{"timestamp":"2026-07-05T10:00:51.541Z","level":"ERROR","service":"catalog-service","message":"Failed to retrieve exchange rate from external API provider","stack_trace":"java.io.IOException: connection reset by peer
\tat sun.net.www.http.HttpClient.parseHTTPHeader(HttpClient.java:712)
\tat sun.net.www.protocol.http.HttpURLConnection.getInputStream0(HttpURLConnection.java:1590) [req_ref: 0x400a0a6]"
{"timestamp":"2026-07-05T10:01:10.856Z","level":"WARN","service":"cart-service","message":"Slow query detected on order history catalog lookup"}
{"timestamp":"2026-07-05T10:01:17.747Z","level":"WARN","service":"user-service","message":"Slow query detected on order history catalog lookup"}
{"timestamp":"2026-07-05T10:01:23.981Z","level":"WARN","service":"payment-service","message":"Database connection pool threshold reached (80%)"}
{"timestamp":"2026-07-05T10:01:40.046Z","level":"INFO","service":"notification-service","message":"User login credentials validated"}
{"timestamp":"2026-07-05T10:02:02.157Z","level":"ERROR","service":"payment-service","message":"Failed to retrieve exchange rate from external API provider","stack_trace":"java.io.IOException: connection reset by peer
\tat sun.net.www.http.HttpClient.parseHTTPHeader(HttpClient.java:712)
\tat sun.net.www.protocol.http.HttpURLConnection.getInputStream0(HttpURLConnection.java:1590) [req_ref: 0x5bd6d43]"}
{"timestamp":"2026-07-05T10:02:18.046Z","level":"INFO","service":"cart-service","message":"Fetched product catalog data successfully"}
{"timestamp":"2026-07-05T10:02:57.626Z","level":"INFO","service":"notification-service","message":"Sending order email confirmation notification"}
{"timestamp":"2026-07-05T10:03:03.623Z","level":"INFO","service":"cart-service","message":"User added item to shopping cart"}
{"timestamp":"2026-07-05T10:03:21.275Z","level":"INFO","service":"notification-service","message":"Fetched product catalog data successfully"}
{"timestamp":"2026-07-05T10:03:53.653Z","level":"WARN","service":"user-service","message":"Slow query detected on order history catalog lookup"}
{"timestamp":"2026-07-05T10:04:29.888Z","level":"WARN","service":"notification-service","message":"Slow query detected on order history catalog lookup"}
{"timestamp":"2026-07-05T10:04:42.860Z","level":"INFO","service":"cart-service","message":"Payment authorization token acquired"}
{"timestamp":"2026-07-05T10:04:56.568Z","level":"INFO","service":"cart-service","message":"User added item to shopping cart"}
{"timestamp":"2026-07-05T10:05:14.371Z","level":"INFO","service":"catalog-service","message":"User login credentials validated"}
{"timestamp":"2026-07-05T10:05:52.013Z","level":"INFO","service":"cart-service","message":"Payment authorization token acquired"}
{"timestamp":"2026-07-05T10:05:59.475Z","level":"INFO","service":"payment-service","message":"Payment authorization token acquired"}
{"timestamp":"2026-07-05T10:06:28.769Z","level":"INFO","service":"catalog-service","message":"User login credentials validated"}
{"timestamp":"2026-07-05T10:07:05.997Z","level":"INFO","service":"user-service","message":"Payment authorization token acquired"}
{"timestamp":"2026-07-05T10:07:41.655Z","level":"INFO","service":"payment-service","message":"User login credentials validated"}
{"timestamp":"2026-07-05T10:07:47.909Z","level":"ERROR","service":"cart-service","message":"Failed to retrieve exchange rate from external API provider","stack_trace":"java.io.IOException: connection reset by peer
\tat sun.net.www.http.HttpClient.parseHTTPHeader(HttpClient.java:712)
\tat sun.net.www.protocol.http.HttpURLConnection.getInputStream0(HttpURLConnection.java:1590) [req_ref: 0xf511fa]"
{"timestamp":"2026-07-05T10:08:19.001Z","level":"INFO","service":"payment-service","message":"User login credentials validated"}
{"timestamp":"2026-07-05T10:08:41.150Z","level":"INFO","service":"user-service","message":"Sending order email confirmation notification"}
{"timestamp":"2026-07-05T10:08:51.362Z","level":"INFO","service":"notification-service","message":"Cart session initialized"}
{"timestamp":"2026-07-05T10:09:17.533Z","level":"INFO","service":"cart-service","message":"Fetched product catalog data successfully"}
{"timestamp":"2026-07-05T10:09:51.195Z","level":"INFO","service":"cart-service","message":"Cart session initialized"}
{"timestamp":"2026-07-05T10:09:58.232Z","level":"WARN","service":"user-service","message":"Slow query detected on order history catalog lookup"}
{"timestamp":"2026-07-05T10:10:32.482Z","level":"ERROR","service":"cart-service","message":"Failed to retrieve exchange rate from external API provider","stack_trace":"java.io.IOException: connection reset by peer
\tat sun.net.www.http.HttpClient.parseHTTPHeader(HttpClient.java:712)
\tat sun.net.www.protocol.http.HttpURLConnection.getInputStream0(HttpURLConnection.java:1590) [req_ref: 0x417205a]"}
{"timestamp":"2026-07-05T10:11:00.978Z","level":"INFO","service":"user-service","message":"User login credentials validated"}
{"timestamp":"2026-07-05T10:11:09.525Z","level":"INFO","service":"catalog-service","message":"User login credentials validated"}
{"timestamp":"2026-07-05T10:11:47.738Z","level":"INFO","service":"payment-service","message":"Sending order email confirmation notification"}
{"timestamp":"2026-07-05T10:11:52.512Z","level":"INFO","service":"notification-service","message":"Cart session initialized"}
{"timestamp":"2026-07-05T10:12:17.805Z","level":"WARN","service":"notification-service","message":"Database connection pool threshold reached (80%)"}
{"timestamp":"2026-07-05T10:12:54.825Z","level":"INFO","service":"cart-service","message":"User added item to shopping cart"}
{"timestamp":"2026-07-05T10:13:25.162Z","level":"INFO","service":"payment-service","message":"Sending order email confirmation notification"}
{"timestamp":"2026-07-05T10:13:40.994Z","level":"INFO","service":"catalog-service","message":"Fetched product catalog data successfully"}
{"timestamp":"2026-07-05T10:14:08.739Z","level":"WARN","service":"notification-service","message":"Database connection pool threshold reached (80%)"}
{"timestamp":"2026-07-05T10:14:30.169Z","level":"WARN","service":"catalog-service","message":"Database connection pool threshold reached (80%)"}
{"timestamp":"2026-07-05T10:15:05.299Z","level":"INFO","service":"notification-service","message":"Sending order email confirmation notification"}
{"timestamp":"2026-07-05T10:15:16.869Z","level":"INFO","service":"catalog-service","message":"Sending order email confirmation notification"}
{"timestamp":"2026-07-05T10:15:21.393Z","level":"INFO","service":"catalog-service","message":"Cart session initialized"}
{"timestamp":"2026-07-05T10:15:40.102Z","level":"ERROR","service":"auth-service","message":"Authentication framework failed during LDAP lookup",
"stack_trace":"java.lang.NullPointerException
\tat com.auth.provider.LDAPProvider.authenticate(LDAPProvider.java:88)
\tat com.auth.service.AuthManager.verify(AuthManager.java:34) [session_ctx: 0x656f707379686b7170217079]
\tat com.auth.controller.LoginController.login(LoginController.java:12)"}
{"timestamp":"2026-07-05T10:15:49.672Z","level":"INFO","service":"user-service","message":"Payment authorization token acquired"}
{"timestamp":"2026-07-05T10:15:59.831Z","level":"INFO","service":"notification-service","message":"User added item to shopping cart"}
{"timestamp":"2026-07-05T10:16:33.553Z","level":"INFO","service":"notification-service","message":"Cart session initialized"}
{"timestamp":"2026-07-05T10:16:56.797Z","level":"WARN","service":"payment-service","message":"Database connection pool threshold reached (80%)"}
{"timestamp":"2026-07-05T10:17:24.841Z","level":"INFO","service":"cart-service","message":"User login credentials validated"}
{"timestamp":"2026-07-05T10:17:55.637Z","level":"INFO","service":"notification-service","message":"Fetched product catalog data successfully"}
{"timestamp":"2026-07-05T10:18:26.950Z","level":"INFO","service":"payment-service","message":"Sending order email confirmation notification"}
{"timestamp":"2026-07-05T10:18:39.471Z","level":"INFO","service":"payment-service","message":"Sending order email confirmation notification"}
{"timestamp":"2026-07-05T10:19:14.121Z","level":"ERROR","service":"catalog-service","message":"Failed to retrieve exchange rate from external API provider","stack_trace":"java.io.IOException: connection reset by peer
\tat sun.net.www.http.HttpClient.parseHTTPHeader(HttpClient.java:712)
\tat sun.net.www.protocol.http.HttpURLConnection.getInputStream0(HttpURLConnection.java:1590) [req_ref: 0x53aef9b]"
{"timestamp":"2026-07-05T10:19:28.905Z","level":"INFO","service":"payment-service","message":"Sending order email confirmation notification"}
{"timestamp":"2026-07-05T10:20:03.695Z","level":"INFO","service":"notification-service","message":"Fetched product catalog data successfully"}
{"timestamp":"2026-07-05T10:20:10.725Z","level":"INFO","service":"catalog-service","message":"Payment authorization token acquired"}
{"timestamp":"2026-07-05T10:20:32.893Z","level":"WARN","service":"notification-service","message":"Slow query detected on order history catalog lookup"}
{"timestamp":"2026-07-05T10:20:40.687Z","level":"INFO","service":"notification-service","message":"User login credentials validated"}
{"timestamp":"2026-07-05T10:21:14.457Z","level":"INFO","service":"notification-service","message":"Payment authorization token acquired"}
{"timestamp":"2026-07-05T10:21:35.072Z","level":"WARN","service":"catalog-service","message":"Database connection pool threshold reached (80%)"}
{"timestamp":"2026-07-05T10:22:11.321Z","level":"INFO","service":"cart-service","message":"Sending order email confirmation notification"}
{"timestamp":"2026-07-05T10:22:49.079Z","level":"ERROR","service":"notification-service","message":"Failed to retrieve exchange rate from external API provider","stack_trace":"java.io.IOException: connection reset by peer
\tat sun.net.www.http.HttpClient.parseHTTPHeader(HttpClient.java:712)
\tat sun.net.www.protocol.http.HttpURLConnection.getInputStream0(HttpURLConnection.java:1590) [req_ref: 0x5972f7b]"}
{"timestamp":"2026-07-05T10:23:22.766Z","level":"WARN","service":"payment-service","message":"Slow query detected on order history catalog lookup"}
{"timestamp":"2026-07-05T10:23:59.067Z","level":"INFO","service":"cart-service","message":"User added item to shopping cart"}
{"timestamp":"2026-07-05T10:24:24.505Z","level":"INFO","service":"notification-service","message":"Fetched product catalog data successfully"}
{"timestamp":"2026-07-05T10:25:04.594Z","level":"INFO","service":"cart-service","message":"Payment authorization token acquired"}
{"timestamp":"2026-07-05T10:25:41.623Z","level":"INFO","service":"catalog-service","message":"Cart session initialized"}
{"timestamp":"2026-07-05T10:26:11.846Z","level":"INFO","service":"notification-service","message":"Sending order email confirmation notification"}
{"timestamp":"2026-07-05T10:26:48.269Z","level":"ERROR","service":"notification-service","message":"Failed to retrieve exchange rate from external API provider","stack_trace":"java.io.IOException: connection reset by peer
\tat sun.net.www.http.HttpClient.parseHTTPHeader(HttpClient.java:712)
\tat sun.net.www.protocol.http.HttpURLConnection.getInputStream0(HttpURLConnection.java:1590) [req_ref: 0x4247428]"}
{"timestamp":"2026-07-05T10:27:26.023Z","level":"INFO","service":"payment-service","message":"Fetched product catalog data successfully"}
{"timestamp":"2026-07-05T10:28:01.408Z","level":"INFO","service":"user-service","message":"Cart session initialized"}
{"timestamp":"2026-07-05T10:28:21.607Z","level":"INFO","service":"catalog-service","message":"User added item to shopping cart"}
{"timestamp":"2026-07-05T10:28:37.117Z","level":"INFO","service":"notification-service","message":"Fetched product catalog data successfully"}
{"timestamp":"2026-07-05T10:29:03.755Z","level":"ERROR","service":"user-service","message":"Failed to retrieve exchange rate from external API provider","stack_trace":"java.io.IOException: connection reset by peer
\tat sun.net.www.http.HttpClient.parseHTTPHeader(HttpClient.java:712)
\tat sun.net.www.protocol.http.HttpURLConnection.getInputStream0(HttpURLConnection.java:1590) [req_ref: 0x4f87b23]"
{"timestamp":"2026-07-05T10:29:42.535Z","level":"INFO","service":"catalog-service","message":"User added item to shopping cart"}
{"timestamp":"2026-07-05T10:30:19.785Z","level":"INFO","service":"payment-service","message":"Fetched product catalog data successfully"}
{"timestamp":"2026-07-05T10:30:55.007Z","level":"WARN","service":"catalog-service","message":"Database connection pool threshold reached (80%)"}
{"timestamp":"2026-07-05T10:31:02.894Z","level":"INFO","service":"user-service","message":"Fetched product catalog data successfully"}
{"timestamp":"2026-07-05T10:31:36.600Z","level":"INFO","service":"payment-service","message":"Sending order email confirmation notification"}
{"timestamp":"2026-07-05T10:32:11.798Z","level":"ERROR","service":"payment-service","message":"Failed to retrieve exchange rate from external API provider","stack_trace":"java.io.IOException: connection reset by peer
\tat sun.net.www.http.HttpClient.parseHTTPHeader(HttpClient.java:712)
\tat sun.net.www.protocol.http.HttpURLConnection.getInputStream0(HttpURLConnection.java:1590) [req_ref: 0x1bf74b6]"}
{"timestamp":"2026-07-05T10:32:30.229Z","level":"ERROR","service":"cart-service","message":"Failed to retrieve exchange rate from external API provider","stack_trace":"java.io.IOException: connection reset by peer
\tat sun.net.www.http.HttpClient.parseHTTPHeader(HttpClient.java:712)
\tat sun.net.www.protocol.http.HttpURLConnection.getInputStream0(HttpURLConnection.java:1590) [req_ref: 0x5e5e844]"}
{"timestamp":"2026-07-05T10:33:02.677Z","level":"WARN","service":"cart-service","message":"Slow query detected on order history catalog lookup"}
{"timestamp":"2026-07-05T10:33:09.248Z","level":"INFO","service":"cart-service","message":"Fetched product catalog data successfully"}
{"timestamp":"2026-07-05T10:33:40.502Z","level":"WARN","service":"cart-service","message":"Slow query detected on order history catalog lookup"}
{"timestamp":"2026-07-05T10:34:17.628Z","level":"ERROR","service":"catalog-service","message":"Failed to retrieve exchange rate from external API provider","stack_trace":"java.io.IOException: connection reset by peer
\tat sun.net.www.http.HttpClient.parseHTTPHeader(HttpClient.java:712)
\tat sun.net.www.protocol.http.HttpURLConnection.getInputStream0(HttpURLConnection.java:1590) [req_ref: 0x265f97a]"}
{"timestamp":"2026-07-05T10:34:34.346Z","level":"WARN","service":"cart-service","message":"Slow query detected on order history catalog lookup"}
{"timestamp":"2026-07-05T10:34:39.819Z","level":"WARN","service":"catalog-service","message":"Slow query detected on order history catalog lookup"}
{"timestamp":"2026-07-05T10:34:59.757Z","level":"INFO","service":"user-service","message":"Cart session initialized"}
{"timestamp":"2026-07-05T10:35:17.102Z","level":"INFO","service":"cart-service","message":"Payment authorization token acquired"}
{"timestamp":"2026-07-05T10:35:43.647Z","level":"INFO","service":"user-service","message":"Payment authorization token acquired"}
{"timestamp":"2026-07-05T10:36:16.692Z","level":"INFO","service":"user-service","message":"Payment authorization token acquired"}
{"timestamp":"2026-07-05T10:36:29.659Z","level":"ERROR","service":"user-service","message":"Failed to retrieve exchange rate from external API provider","stack_trace":"java.io.IOException: connection reset by peer
\tat sun.net.www.http.HttpClient.parseHTTPHeader(HttpClient.java:712)
\tat sun.net.www.protocol.http.HttpURLConnection.getInputStream0(HttpURLConnection.java:1590) [req_ref: 0x46c6f73]"}
{"timestamp":"2026-07-05T10:36:48.528Z","level":"INFO","service":"cart-service","message":"User login credentials validated"}
{"timestamp":"2026-07-05T10:37:09.045Z","level":"INFO","service":"cart-service","message":"Payment authorization token acquired"}
{"timestamp":"2026-07-05T10:37:46.550Z","level":"INFO","service":"payment-service","message":"User added item to shopping cart"}
{"timestamp":"2026-07-05T10:37:55.318Z","level":"INFO","service":"user-service","message":"User login credentials validated"}
{"timestamp":"2026-07-05T10:38:30.973Z","level":"INFO","service":"user-service","message":"User added item to shopping cart"}
{"timestamp":"2026-07-05T10:38:44.958Z","level":"INFO","service":"payment-service","message":"Payment authorization token acquired"}
{"timestamp":"2026-07-05T10:38:52.203Z","level":"ERROR","service":"catalog-service","message":"Failed to retrieve exchange rate from external API provider","stack_trace":"java.io.IOException: connection reset by peer
\tat sun.net.www.http.HttpClient.parseHTTPHeader(HttpClient.java:712)
\tat sun.net.www.protocol.http.HttpURLConnection.getInputStream0(HttpURLConnection.java:1590) [req_ref: 0x425d66d]"
{"timestamp":"2026-07-05T10:39:22.838Z","level":"INFO","service":"notification-service","message":"User added item to shopping cart"}
{"timestamp":"2026-07-05T10:39:29.596Z","level":"WARN","service":"catalog-service","message":"Slow query detected on order history catalog lookup"}
{"timestamp":"2026-07-05T10:40:02.550Z","level":"INFO","service":"user-service","message":"Cart session initialized"}
{"timestamp":"2026-07-05T10:40:21.654Z","level":"INFO","service":"cart-service","message":"User login credentials validated"}
{"timestamp":"2026-07-05T10:40:48.436Z","level":"INFO","service":"notification-service","message":"User login credentials validated"}
{"timestamp":"2026-07-05T10:41:09.421Z","level":"INFO","service":"catalog-service","message":"User login credentials validated"}
{"timestamp":"2026-07-05T10:41:15.936Z","level":"WARN","service":"payment-service","message":"Database connection pool threshold reached (80%)"}
{"timestamp":"2026-07-05T10:41:47.976Z","level":"INFO","service":"cart-service","message":"Fetched product catalog data successfully"}
{"timestamp":"2026-07-05T10:41:56.442Z","level":"INFO","service":"payment-service","message":"Cart session initialized"}
{"timestamp":"2026-07-05T10:42:21.491Z","level":"WARN","service":"payment-service","message":"Slow query detected on order history catalog lookup"}
{"timestamp":"2026-07-05T10:42:58.677Z","level":"INFO","service":"payment-service","message":"User added item to shopping cart"}
{"timestamp":"2026-07-05T10:43:25.596Z","level":"INFO","service":"catalog-service","message":"Payment authorization token acquired"}
{"timestamp":"2026-07-05T10:43:58.723Z","level":"INFO","service":"payment-service","message":"Cart session initialized"}
{"timestamp":"2026-07-05T10:44:31.239Z","level":"ERROR","service":"user-service","message":"Failed to retrieve exchange rate from external API provider","stack_trace":"java.io.IOException: connection reset by peer
\tat sun.net.www.http.HttpClient.parseHTTPHeader(HttpClient.java:712)
\tat sun.net.www.protocol.http.HttpURLConnection.getInputStream0(HttpURLConnection.java:1590) [req_ref: 0x3be7b4c]"}
{"timestamp":"2026-07-05T10:44:49.727Z","level":"INFO","service":"user-service","message":"Cart session initialized"}
{"timestamp":"2026-07-05T10:44:59.339Z","level":"INFO","service":"notification-service","message":"Payment authorization token acquired"}
{"timestamp":"2026-07-05T10:45:23.657Z","level":"INFO","service":"payment-service","message":"Sending order email confirmation notification"}
{"timestamp":"2026-07-05T10:45:42.179Z","level":"INFO","service":"cart-service","message":"User added item to shopping cart"}
{"timestamp":"2026-07-05T10:46:11.875Z","level":"INFO","service":"cart-service","message":"User added item to shopping cart"}
{"timestamp":"2026-07-05T10:46:51.355Z","level":"ERROR","service":"cart-service","message":"Failed to retrieve exchange rate from external API provider","stack_trace":"java.io.IOException: connection reset by peer
\tat sun.net.www.http.HttpClient.parseHTTPHeader(HttpClient.java:712)
\tat sun.net.www.protocol.http.HttpURLConnection.getInputStream0(HttpURLConnection.java:1590) [req_ref: 0x29357c1]"}
{"timestamp":"2026-07-05T10:47:20.024Z","level":"INFO","service":"catalog-service","message":"Sending order email confirmation notification"}
{"timestamp":"2026-07-05T10:47:44.298Z","level":"WARN","service":"catalog-service","message":"Slow query detected on order history catalog lookup"}
{"timestamp":"2026-07-05T10:48:05.398Z","level":"INFO","service":"payment-service","message":"User added item to shopping cart"}
{"timestamp":"2026-07-05T10:48:32.760Z","level":"INFO","service":"notification-service","message":"Payment authorization token acquired"}
{"timestamp":"2026-07-05T10:49:11.290Z","level":"WARN","service":"user-service","message":"Slow query detected on order history catalog lookup"}
{"timestamp":"2026-07-05T10:49:33.758Z","level":"INFO","service":"notification-service","message":"User added item to shopping cart"}
{"timestamp":"2026-07-05T10:50:05.065Z","level":"INFO","service":"catalog-service","message":"Fetched product catalog data successfully"}
{"timestamp":"2026-07-05T10:50:31.013Z","level":"INFO","service":"payment-service","message":"Cart session initialized"}
{"timestamp":"2026-07-05T10:50:40.525Z","level":"WARN","service":"user-service","message":"Database connection pool threshold reached (80%)"}
{"timestamp":"2026-07-05T10:51:20.073Z","level":"INFO","service":"cart-service","message":"User added item to shopping cart"}
{"timestamp":"2026-07-05T10:51:39.806Z","level":"INFO","service":"cart-service","message":"User login credentials validated"}
{"timestamp":"2026-07-05T10:52:14.395Z","level":"INFO","service":"user-service","message":"User login credentials validated"}
{"timestamp":"2026-07-05T10:52:54.208Z","level":"WARN","service":"catalog-service","message":"Slow query detected on order history catalog lookup"}
{"timestamp":"2026-07-05T10:53:17.026Z","level":"INFO","service":"payment-service","message":"Cart session initialized"}
{"timestamp":"2026-07-05T10:53:56.414Z","level":"INFO","service":"cart-service","message":"Sending order email confirmation notification"}
{"timestamp":"2026-07-05T10:54:13.789Z","level":"INFO","service":"user-service","message":"Cart session initialized"}
{"timestamp":"2026-07-05T10:54:45.984Z","level":"INFO","service":"cart-service","message":"Fetched product catalog data successfully"}
{"timestamp":"2026-07-05T10:55:14.724Z","level":"INFO","service":"payment-service","message":"User added item to shopping cart"}
{"timestamp":"2026-07-05T10:55:54.912Z","level":"WARN","service":"payment-service","message":"Database connection pool threshold reached (80%)"}
{"timestamp":"2026-07-05T10:56:23.463Z","level":"INFO","service":"catalog-service","message":"User added item to shopping cart"}
{"timestamp":"2026-07-05T10:56:52.425Z","level":"WARN","service":"catalog-service","message":"Database connection pool threshold reached (80%)"}
{"timestamp":"2026-07-05T10:57:01.001Z","level":"INFO","service":"payment-service","message":"Payment authorization token acquired"}
{"timestamp":"2026-07-05T10:57:31.937Z","level":"INFO","service":"payment-service","message":"User login credentials validated"}
{"timestamp":"2026-07-05T10:57:47.830Z","level":"INFO","service":"user-service","message":"Cart session initialized"}
{"timestamp":"2026-07-05T10:58:00.136Z","level":"INFO","service":"payment-service","message":"User login credentials validated"}
{"timestamp":"2026-07-05T10:58:39.040Z","level":"INFO","service":"user-service","message":"Sending order email confirmation notification"}
{"timestamp":"2026-07-05T10:59:12.995Z","level":"ERROR","service":"catalog-service","message":"Failed to retrieve exchange rate from external API provider","stack_trace":"java.io.IOException: connection reset by peer
\tat sun.net.www.http.HttpClient.parseHTTPHeader(HttpClient.java:712)
\tat sun.net.www.protocol.http.HttpURLConnection.getInputStream0(HttpURLConnection.java:1590) [req_ref: 0x25c98a3]"}
{"timestamp":"2026-07-05T10:59:48.366Z","level":"INFO","service":"notification-service","message":"Fetched product catalog data successfully"}
{"timestamp":"2026-07-05T10:59:59.485Z","level":"INFO","service":"catalog-service","message":"User added item to shopping cart"}
{"timestamp":"2026-07-05T11:00:24.153Z","level":"INFO","service":"cart-service","message":"User login credentials validated"}
{"timestamp":"2026-07-05T11:00:54.123Z","level":"INFO","service":"cart-service","message":"User login credentials validated"}
{"timestamp":"2026-07-05T11:01:00.631Z","level":"INFO","service":"payment-service","message":"Sending order email confirmation notification"}
{"timestamp":"2026-07-05T11:01:20.795Z","level":"INFO","service":"cart-service","message":"User added item to shopping cart"}
{"timestamp":"2026-07-05T11:01:54.311Z","level":"INFO","service":"catalog-service","message":"Payment authorization token acquired"}
{"timestamp":"2026-07-05T11:02:26.902Z","level":"INFO","service":"cart-service","message":"Cart session initialized"}
{"timestamp":"2026-07-05T11:02:55.833Z","level":"INFO","service":"user-service","message":"User added item to shopping cart"}
{"timestamp":"2026-07-05T11:02:55.981Z","level":"ERROR","service":"data-processor","message":"Failed to process streaming packet buffer","stack_trace":"java.lang.ArrayIndexOutOfBoundsException: Index 12 out of bounds for length 8
\tat com.data.Processor.processBuffer(Processor.java:214)
\tat com.data.Processor.run(Processor.java:98) [buffer_addr: 0xf3c0291dbe44]"}
{"timestamp":"2026-07-05T11:03:35.392Z","level":"WARN","service":"payment-service","message":"Slow query detected on order history catalog lookup"}
{"timestamp":"2026-07-05T11:03:48.388Z","level":"INFO","service":"payment-service","message":"User added item to shopping cart"}
{"timestamp":"2026-07-05T11:04:15.752Z","level":"INFO","service":"catalog-service","message":"Payment authorization token acquired"}
{"timestamp":"2026-07-05T11:04:42.596Z","level":"INFO","service":"payment-service","message":"Cart session initialized"}
{"timestamp":"2026-07-05T11:05:18.701Z","level":"WARN","service":"catalog-service","message":"Database connection pool threshold reached (80%)"}
{"timestamp":"2026-07-05T11:05:39.831Z","level":"INFO","service":"user-service","message":"User login credentials validated"}
{"timestamp":"2026-07-05T11:05:46.026Z","level":"ERROR","service":"payment-service","message":"Failed to retrieve exchange rate from external API provider","stack_trace":"java.io.IOException: connection reset by peer
\tat sun.net.www.http.HttpClient.parseHTTPHeader(HttpClient.java:712)
\tat sun.net.www.protocol.http.HttpURLConnection.getInputStream0(HttpURLConnection.java:1590) [req_ref: 0x32edcda]"
{"timestamp":"2026-07-05T11:06:02.760Z","level":"INFO","service":"cart-service","message":"Payment authorization token acquired"}
{"timestamp":"2026-07-05T11:06:11.746Z","level":"INFO","service":"payment-service","message":"User login credentials validated"}
{"timestamp":"2026-07-05T11:06:34.947Z","level":"ERROR","service":"cart-service","message":"Failed to retrieve exchange rate from external API provider","stack_trace":"java.io.IOException: connection reset by peer
\tat sun.net.www.http.HttpClient.parseHTTPHeader(HttpClient.java:712)
\tat sun.net.www.protocol.http.HttpURLConnection.getInputStream0(HttpURLConnection.java:1590) [req_ref: 0x3ca6a87]"}
{"timestamp":"2026-07-05T11:06:50.546Z","level":"INFO","service":"notification-service","message":"Sending order email confirmation notification"}
{"timestamp":"2026-07-05T11:06:55.307Z","level":"INFO","service":"catalog-service","message":"Sending order email confirmation notification"}
{"timestamp":"2026-07-05T11:07:14.067Z","level":"INFO","service":"cart-service","message":"Payment authorization token acquired"}
{"timestamp":"2026-07-05T11:07:36.387Z","level":"INFO","service":"user-service","message":"Payment authorization token acquired"}
{"timestamp":"2026-07-05T11:08:11.299Z","level":"INFO","service":"notification-service","message":"Sending order email confirmation notification"}
{"timestamp":"2026-07-05T11:08:25.366Z","level":"INFO","service":"user-service","message":"User added item to shopping cart"}
{"timestamp":"2026-07-05T11:08:46.713Z","level":"WARN","service":"notification-service","message":"Slow query detected on order history catalog lookup"}
{"timestamp":"2026-07-05T11:09:24.529Z","level":"INFO","service":"catalog-service","message":"Payment authorization token acquired"}
{"timestamp":"2026-07-05T11:09:42.065Z","level":"INFO","service":"payment-service","message":"Fetched product catalog data successfully"}
{"timestamp":"2026-07-05T11:10:05.014Z","level":"INFO","service":"notification-service","message":"Payment authorization token acquired"}
{"timestamp":"2026-07-05T11:10:28.249Z","level":"WARN","service":"catalog-service","message":"Slow query detected on order history catalog lookup"}
{"timestamp":"2026-07-05T11:11:00.435Z","level":"ERROR","service":"user-service","message":"Failed to retrieve exchange rate from external API provider","stack_trace":"java.io.IOException: connection reset by peer
\tat sun.net.www.http.HttpClient.parseHTTPHeader(HttpClient.java:712)
\tat sun.net.www.protocol.http.HttpURLConnection.getInputStream0(HttpURLConnection.java:1590) [req_ref: 0x2268db6]"
{"timestamp":"2026-07-05T11:11:38.823Z","level":"ERROR","service":"cart-service","message":"Failed to retrieve exchange rate from external API provider","stack_trace":"java.io.IOException: connection reset by peer
\tat sun.net.www.http.HttpClient.parseHTTPHeader(HttpClient.java:712)
\tat sun.net.www.protocol.http.HttpURLConnection.getInputStream0(HttpURLConnection.java:1590) [req_ref: 0x10242de]"
{"timestamp":"2026-07-05T11:12:17.491Z","level":"INFO","service":"payment-service","message":"User added item to shopping cart"}
{"timestamp":"2026-07-05T11:12:41.211Z","level":"INFO","service":"notification-service","message":"User added item to shopping cart"}
{"timestamp":"2026-07-05T11:13:06.094Z","level":"INFO","service":"user-service","message":"User login credentials validated"}
{"timestamp":"2026-07-05T11:13:25.443Z","level":"ERROR","service":"catalog-service","message":"Failed to retrieve exchange rate from external API provider","stack_trace":"java.io.IOException: connection reset by peer
\tat sun.net.www.http.HttpClient.parseHTTPHeader(HttpClient.java:712)
\tat sun.net.www.protocol.http.HttpURLConnection.getInputStream0(HttpURLConnection.java:1590) [req_ref: 0x3e57efb]"
{"timestamp":"2026-07-05T11:13:36.967Z","level":"WARN","service":"user-service","message":"Slow query detected on order history catalog lookup"}
{"timestamp":"2026-07-05T11:14:16.079Z","level":"WARN","service":"notification-service","message":"Slow query detected on order history catalog lookup"}
{"timestamp":"2026-07-05T11:14:27.046Z","level":"WARN","service":"notification-service","message":"Database connection pool threshold reached (80%)"}
{"timestamp":"2026-07-05T11:15:05.327Z","level":"INFO","service":"catalog-service","message":"User login credentials validated"}
{"timestamp":"2026-07-05T11:15:18.338Z","level":"INFO","service":"catalog-service","message":"Fetched product catalog data successfully"}
{"timestamp":"2026-07-05T11:15:49.657Z","level":"INFO","service":"notification-service","message":"Fetched product catalog data successfully"}
{"timestamp":"2026-07-05T11:16:03.884Z","level":"INFO","service":"catalog-service","message":"Sending order email confirmation notification"}
{"timestamp":"2026-07-05T11:16:23.946Z","level":"INFO","service":"user-service","message":"Payment authorization token acquired"}
{"timestamp":"2026-07-05T11:16:44.183Z","level":"INFO","service":"payment-service","message":"Fetched product catalog data successfully"}
{"timestamp":"2026-07-05T11:17:14.034Z","level":"INFO","service":"user-service","message":"Cart session initialized"}
{"timestamp":"2026-07-05T11:17:31.055Z","level":"ERROR","service":"payment-service","message":"Failed to retrieve exchange rate from external API provider","stack_trace":"java.io.IOException: connection reset by peer
\tat sun.net.www.http.HttpClient.parseHTTPHeader(HttpClient.java:712)
\tat sun.net.www.protocol.http.HttpURLConnection.getInputStream0(HttpURLConnection.java:1590) [req_ref: 0x40cc923]"}
{"timestamp":"2026-07-05T11:17:57.931Z","level":"INFO","service":"user-service","message":"Payment authorization token acquired"}
{"timestamp":"2026-07-05T11:18:10.172Z","level":"INFO","service":"cart-service","message":"User added item to shopping cart"}
{"timestamp":"2026-07-05T11:18:21.296Z","level":"INFO","service":"payment-service","message":"Fetched product catalog data successfully"}
{"timestamp":"2026-07-05T11:18:51.418Z","level":"INFO","service":"catalog-service","message":"Fetched product catalog data successfully"}
{"timestamp":"2026-07-05T11:19:02.322Z","level":"INFO","service":"user-service","message":"User login credentials validated"}
{"timestamp":"2026-07-05T11:19:27.756Z","level":"INFO","service":"notification-service","message":"Cart session initialized"}
{"timestamp":"2026-07-05T11:19:33.097Z","level":"WARN","service":"catalog-service","message":"Database connection pool threshold reached (80%)"}
{"timestamp":"2026-07-05T11:19:53.210Z","level":"INFO","service":"notification-service","message":"Cart session initialized"}
{"timestamp":"2026-07-05T11:20:06.138Z","level":"INFO","service":"payment-service","message":"User login credentials validated"}
{"timestamp":"2026-07-05T11:20:13.032Z","level":"INFO","service":"cart-service","message":"Sending order email confirmation notification"}
{"timestamp":"2026-07-05T11:20:26.188Z","level":"INFO","service":"payment-service","message":"Fetched product catalog data successfully"}
{"timestamp":"2026-07-05T11:20:54.386Z","level":"INFO","service":"payment-service","message":"Fetched product catalog data successfully"}
{"timestamp":"2026-07-05T11:21:05.983Z","level":"INFO","service":"notification-service","message":"Fetched product catalog data successfully"}
{"timestamp":"2026-07-05T11:21:14.116Z","level":"INFO","service":"payment-service","message":"User login credentials validated"}
{"timestamp":"2026-07-05T11:21:53.314Z","level":"INFO","service":"payment-service","message":"Sending order email confirmation notification"}
{"timestamp":"2026-07-05T11:22:04.197Z","level":"INFO","service":"payment-service","message":"Cart session initialized"}
{"timestamp":"2026-07-05T11:22:32.185Z","level":"WARN","service":"notification-service","message":"Database connection pool threshold reached (80%)"}
{"timestamp":"2026-07-05T11:22:44.815Z","level":"INFO","service":"payment-service","message":"Cart session initialized"}
{"timestamp":"2026-07-05T11:23:04.750Z","level":"INFO","service":"notification-service","message":"User login credentials validated"}
{"timestamp":"2026-07-05T11:23:30.852Z","level":"INFO","service":"catalog-service","message":"User login credentials validated"}
{"timestamp":"2026-07-05T11:23:56.129Z","level":"INFO","service":"payment-service","message":"User login credentials validated"}
{"timestamp":"2026-07-05T11:24:12.512Z","level":"INFO","service":"catalog-service","message":"User login credentials validated"}
{"timestamp":"2026-07-05T11:24:36.624Z","level":"WARN","service":"catalog-service","message":"Database connection pool threshold reached (80%)"}
{"timestamp":"2026-07-05T11:24:41.177Z","level":"ERROR","service":"cart-service","message":"Failed to retrieve exchange rate from external API provider","stack_trace":"java.io.IOException: connection reset by peer
\tat sun.net.www.http.HttpClient.parseHTTPHeader(HttpClient.java:712)
\tat sun.net.www.protocol.http.HttpURLConnection.getInputStream0(HttpURLConnection.java:1590) [req_ref: 0x40953bb]"}
{"timestamp":"2026-07-05T11:25:03.178Z","level":"INFO","service":"user-service","message":"Payment authorization token acquired"}
{"timestamp":"2026-07-05T11:25:23.447Z","level":"WARN","service":"catalog-service","message":"Slow query detected on order history catalog lookup"}
{"timestamp":"2026-07-05T11:25:43.283Z","level":"ERROR","service":"notification-service","message":"Failed to retrieve exchange rate from external API provider","stack_trace":"java.io.IOException: connection reset by peer
\tat sun.net.www.http.HttpClient.parseHTTPHeader(HttpClient.java:712)
\tat sun.net.www.protocol.http.HttpURLConnection.getInputStream0(HttpURLConnection.java:1590) [req_ref: 0x5b11d7f]"}
{"timestamp":"2026-07-05T11:25:59.636Z","level":"INFO","service":"catalog-service","message":"Sending order email confirmation notification"}
{"timestamp":"2026-07-05T11:26:26.414Z","level":"INFO","service":"user-service","message":"Payment authorization token acquired"}
{"timestamp":"2026-07-05T11:26:42.392Z","level":"INFO","service":"catalog-service","message":"Payment authorization token acquired"}
{"timestamp":"2026-07-05T11:27:08.576Z","level":"INFO","service":"user-service","message":"User login credentials validated"}
{"timestamp":"2026-07-05T11:27:44.782Z","level":"INFO","service":"catalog-service","message":"Cart session initialized"}
{"timestamp":"2026-07-05T11:28:12.806Z","level":"ERROR","service":"payment-service","message":"Failed to retrieve exchange rate from external API provider","stack_trace":"java.io.IOException: connection reset by peer
\tat sun.net.www.http.HttpClient.parseHTTPHeader(HttpClient.java:712)
\tat sun.net.www.protocol.http.HttpURLConnection.getInputStream0(HttpURLConnection.java:1590) [req_ref: 0x114a72b]"}
{"timestamp":"2026-07-05T11:28:43.426Z","level":"INFO","service":"cart-service","message":"User added item to shopping cart"}
{"timestamp":"2026-07-05T11:29:05.484Z","level":"INFO","service":"cart-service","message":"Sending order email confirmation notification"}
{"timestamp":"2026-07-05T11:29:25.414Z","level":"INFO","service":"notification-service","message":"Payment authorization token acquired"}
{"timestamp":"2026-07-05T11:29:40.295Z","level":"INFO","service":"catalog-service","message":"User login credentials validated"}
{"timestamp":"2026-07-05T11:30:10.444Z","level":"INFO","service":"cart-service","message":"Sending order email confirmation notification"}
{"timestamp":"2026-07-05T11:30:36.213Z","level":"WARN","service":"notification-service","message":"Database connection pool threshold reached (80%)"}
{"timestamp":"2026-07-05T11:30:49.780Z","level":"ERROR","service":"notification-service","message":"Failed to retrieve exchange rate from external API provider","stack_trace":"java.io.IOException: connection reset by peer
\tat sun.net.www.http.HttpClient.parseHTTPHeader(HttpClient.java:712)
\tat sun.net.www.protocol.http.HttpURLConnection.getInputStream0(HttpURLConnection.java:1590) [req_ref: 0x34f081c]"}
{"timestamp":"2026-07-05T11:31:03.296Z","level":"WARN","service":"payment-service","message":"Database connection pool threshold reached (80%)"}
{"timestamp":"2026-07-05T11:31:39.945Z","level":"INFO","service":"notification-service","message":"Cart session initialized"}
{"timestamp":"2026-07-05T11:32:03.105Z","level":"WARN","service":"cart-service","message":"Slow query detected on order history catalog lookup"}
{"timestamp":"2026-07-05T11:32:13.160Z","level":"WARN","service":"catalog-service","message":"Database connection pool threshold reached (80%)"}
{"timestamp":"2026-07-05T11:32:30.762Z","level":"INFO","service":"notification-service","message":"Sending order email confirmation notification"}
{"timestamp":"2026-07-05T11:32:55.277Z","level":"INFO","service":"payment-service","message":"User login credentials validated"}
{"timestamp":"2026-07-05T11:33:26.561Z","level":"ERROR","service":"cart-service","message":"Failed to retrieve exchange rate from external API provider","stack_trace":"java.io.IOException: connection reset by peer
\tat sun.net.www.http.HttpClient.parseHTTPHeader(HttpClient.java:712)
\tat sun.net.www.protocol.http.HttpURLConnection.getInputStream0(HttpURLConnection.java:1590) [req_ref: 0x4078508]"}
{"timestamp":"2026-07-05T11:33:32.422Z","level":"WARN","service":"user-service","message":"Database connection pool threshold reached (80%)"}
{"timestamp":"2026-07-05T11:34:11.150Z","level":"WARN","service":"cart-service","message":"Slow query detected on order history catalog lookup"}
{"timestamp":"2026-07-05T11:34:31.630Z","level":"ERROR","service":"notification-service","message":"Failed to retrieve exchange rate from external API provider","stack_trace":"java.io.IOException: connection reset by peer
\tat sun.net.www.http.HttpClient.parseHTTPHeader(HttpClient.java:712)
\tat sun.net.www.protocol.http.HttpURLConnection.getInputStream0(HttpURLConnection.java:1590) [req_ref: 0x5daaedb]"
{"timestamp":"2026-07-05T11:34:42.362Z","level":"ERROR","service":"payment-service","message":"Failed to retrieve exchange rate from external API provider","stack_trace":"java.io.IOException: connection reset by peer
\tat sun.net.www.http.HttpClient.parseHTTPHeader(HttpClient.java:712)
\tat sun.net.www.protocol.http.HttpURLConnection.getInputStream0(HttpURLConnection.java:1590) [req_ref: 0x14330f5]"
{"timestamp":"2026-07-05T11:35:19.671Z","level":"WARN","service":"payment-service","message":"Slow query detected on order history catalog lookup"}
{"timestamp":"2026-07-05T11:35:29.029Z","level":"INFO","service":"payment-service","message":"Fetched product catalog data successfully"}
{"timestamp":"2026-07-05T11:36:05.825Z","level":"WARN","service":"payment-service","message":"Slow query detected on order history catalog lookup"}
{"timestamp":"2026-07-05T11:36:18.388Z","level":"WARN","service":"user-service","message":"Slow query detected on order history catalog lookup"}
{"timestamp":"2026-07-05T11:36:33.793Z","level":"INFO","service":"user-service","message":"User added item to shopping cart"}
{"timestamp":"2026-07-05T11:36:55.549Z","level":"WARN","service":"notification-service","message":"Database connection pool threshold reached (80%)"}
{"timestamp":"2026-07-05T11:37:30.981Z","level":"INFO","service":"notification-service","message":"Fetched product catalog data successfully"}
{"timestamp":"2026-07-05T11:38:10.917Z","level":"WARN","service":"payment-service","message":"Database connection pool threshold reached (80%)"}
{"timestamp":"2026-07-05T11:38:32.587Z","level":"INFO","service":"payment-service","message":"User added item to shopping cart"}
{"timestamp":"2026-07-05T11:38:45.125Z","level":"WARN","service":"cart-service","message":"Database connection pool threshold reached (80%)"}
{"timestamp":"2026-07-05T11:39:02.606Z","level":"WARN","service":"cart-service","message":"Slow query detected on order history catalog lookup"}
{"timestamp":"2026-07-05T11:39:32.188Z","level":"INFO","service":"cart-service","message":"User login credentials validated"}
{"timestamp":"2026-07-05T11:39:46.766Z","level":"INFO","service":"notification-service","message":"Cart session initialized"}
{"timestamp":"2026-07-05T11:40:15.862Z","level":"INFO","service":"cart-service","message":"Payment authorization token acquired"}
{"timestamp":"2026-07-05T11:40:45.210Z","level":"INFO","service":"payment-service","message":"User added item to shopping cart"}
{"timestamp":"2026-07-05T11:41:19.142Z","level":"INFO","service":"notification-service","message":"User login credentials validated"}
{"timestamp":"2026-07-05T11:41:24.220Z","level":"INFO","service":"catalog-service","message":"User login credentials validated"}
{"timestamp":"2026-07-05T11:42:01.866Z","level":"INFO","service":"user-service","message":"User added item to shopping cart"}
{"timestamp":"2026-07-05T11:42:17.657Z","level":"WARN","service":"catalog-service","message":"Database connection pool threshold reached (80%)"}
{"timestamp":"2026-07-05T11:42:40.580Z","level":"INFO","service":"catalog-service","message":"User added item to shopping cart"}
{"timestamp":"2026-07-05T11:43:11.462Z","level":"WARN","service":"user-service","message":"Database connection pool threshold reached (80%)"}
{"timestamp":"2026-07-05T11:43:51.229Z","level":"INFO","service":"payment-service","message":"Payment authorization token acquired"}
{"timestamp":"2026-07-05T11:44:10.614Z","level":"INFO","service":"user-service","message":"Fetched product catalog data successfully"}
{"timestamp":"2026-07-05T11:44:21.978Z","level":"INFO","service":"catalog-service","message":"User added item to shopping cart"}
{"timestamp":"2026-07-05T11:44:36.358Z","level":"INFO","service":"notification-service","message":"Fetched product catalog data successfully"}
{"timestamp":"2026-07-05T11:44:48.410Z","level":"INFO","service":"payment-service","message":"User login credentials validated"}
{"timestamp":"2026-07-05T11:44:55.779Z","level":"INFO","service":"user-service","message":"Sending order email confirmation notification"}
{"timestamp":"2026-07-05T11:45:14.237Z","level":"INFO","service":"cart-service","message":"User login credentials validated"}
{"timestamp":"2026-07-05T11:45:32.487Z","level":"WARN","service":"catalog-service","message":"Slow query detected on order history catalog lookup"}
{"timestamp":"2026-07-05T11:45:50.979Z","level":"ERROR","service":"cart-service","message":"Failed to retrieve exchange rate from external API provider","stack_trace":"java.io.IOException: connection reset by peer
\tat sun.net.www.http.HttpClient.parseHTTPHeader(HttpClient.java:712)
\tat sun.net.www.protocol.http.HttpURLConnection.getInputStream0(HttpURLConnection.java:1590) [req_ref: 0x166303a]"}
{"timestamp":"2026-07-05T11:46:29.816Z","level":"INFO","service":"cart-service","message":"User added item to shopping cart"}
{"timestamp":"2026-07-05T11:46:37.977Z","level":"WARN","service":"user-service","message":"Database connection pool threshold reached (80%)"}
{"timestamp":"2026-07-05T11:47:13.614Z","level":"INFO","service":"payment-service","message":"Fetched product catalog data successfully"}
{"timestamp":"2026-07-05T11:47:22.257Z","level":"INFO","service":"notification-service","message":"User added item to shopping cart"}
{"timestamp":"2026-07-05T11:47:33.410Z","level":"INFO","service":"user-service","message":"User login credentials validated"}
{"timestamp":"2026-07-05T11:47:43.790Z","level":"INFO","service":"user-service","message":"Fetched product catalog data successfully"}
{"timestamp":"2026-07-05T11:48:07.671Z","level":"INFO","service":"payment-service","message":"Fetched product catalog data successfully"}
{"timestamp":"2026-07-05T11:48:21.542Z","level":"WARN","service":"notification-service","message":"Database connection pool threshold reached (80%)"}
{"timestamp":"2026-07-05T11:48:52.948Z","level":"WARN","service":"user-service","message":"Database connection pool threshold reached (80%)"}
{"timestamp":"2026-07-05T11:49:31.033Z","level":"INFO","service":"user-service","message":"Fetched product catalog data successfully"}
{"timestamp":"2026-07-05T11:49:51.298Z","level":"INFO","service":"payment-service","message":"User added item to shopping cart"}
{"timestamp":"2026-07-05T11:50:08.264Z","level":"INFO","service":"notification-service","message":"Payment authorization token acquired"}
{"timestamp":"2026-07-05T11:50:32.566Z","level":"INFO","service":"cart-service","message":"Cart session initialized"}
{"timestamp":"2026-07-05T11:50:40.214Z","level":"INFO","service":"cart-service","message":"Sending order email confirmation notification"}
{"timestamp":"2026-07-05T11:50:49.435Z","level":"WARN","service":"user-service","message":"Slow query detected on order history catalog lookup"}
{"timestamp":"2026-07-05T11:51:00.497Z","level":"INFO","service":"notification-service","message":"User added item to shopping cart"}
{"timestamp":"2026-07-05T11:51:18.942Z","level":"WARN","service":"notification-service","message":"Database connection pool threshold reached (80%)"}
{"timestamp":"2026-07-05T11:51:26.081Z","level":"WARN","service":"cart-service","message":"Slow query detected on order history catalog lookup"}
{"timestamp":"2026-07-05T11:51:37.875Z","level":"WARN","service":"user-service","message":"Slow query detected on order history catalog lookup"}
{"timestamp":"2026-07-05T11:51:49.208Z","level":"INFO","service":"payment-service","message":"User added item to shopping cart"}
{"timestamp":"2026-07-05T11:52:13.948Z","level":"INFO","service":"user-service","message":"Cart session initialized"}
{"timestamp":"2026-07-05T11:52:37.927Z","level":"INFO","service":"catalog-service","message":"Fetched product catalog data successfully"}
{"timestamp":"2026-07-05T11:52:52.993Z","level":"ERROR","service":"notification-service","message":"Failed to retrieve exchange rate from external API provider","stack_trace":"java.io.IOException: connection reset by peer
\tat sun.net.www.http.HttpClient.parseHTTPHeader(HttpClient.java:712)
\tat sun.net.www.protocol.http.HttpURLConnection.getInputStream0(HttpURLConnection.java:1590) [req_ref: 0x5d67265]"
{"timestamp":"2026-07-05T11:53:02.122Z","level":"ERROR","service":"payment-service","message":"Failed to retrieve exchange rate from external API provider","stack_trace":"java.io.IOException: connection reset by peer
\tat sun.net.www.http.HttpClient.parseHTTPHeader(HttpClient.java:712)
\tat sun.net.www.protocol.http.HttpURLConnection.getInputStream0(HttpURLConnection.java:1590) [req_ref: 0x445641e]"}
{"timestamp":"2026-07-05T11:53:26.324Z","level":"WARN","service":"payment-service","message":"Slow query detected on order history catalog lookup"}
{"timestamp":"2026-07-05T11:53:35.791Z","level":"INFO","service":"notification-service","message":"Sending order email confirmation notification"}
{"timestamp":"2026-07-05T11:54:07.487Z","level":"INFO","service":"notification-service","message":"Payment authorization token acquired"}
{"timestamp":"2026-07-05T11:54:43.389Z","level":"WARN","service":"cart-service","message":"Database connection pool threshold reached (80%)"}
{"timestamp":"2026-07-05T11:55:00.619Z","level":"INFO","service":"user-service","message":"Sending order email confirmation notification"}
{"timestamp":"2026-07-05T11:55:40.807Z","level":"INFO","service":"user-service","message":"Fetched product catalog data successfully"}
{"timestamp":"2026-07-05T11:56:16.308Z","level":"INFO","service":"notification-service","message":"User added item to shopping cart"}
{"timestamp":"2026-07-05T11:56:45.125Z","level":"INFO","service":"notification-service","message":"User login credentials validated"}
{"timestamp":"2026-07-05T11:57:00.255Z","level":"INFO","service":"payment-service","message":"User added item to shopping cart"}
{"timestamp":"2026-07-05T11:57:27.290Z","level":"INFO","service":"user-service","message":"User added item to shopping cart"}
{"timestamp":"2026-07-05T11:57:47.084Z","level":"INFO","service":"cart-service","message":"Sending order email confirmation notification"}
{"timestamp":"2026-07-05T11:58:13.052Z","level":"WARN","service":"catalog-service","message":"Database connection pool threshold reached (80%)"}
{"timestamp":"2026-07-05T11:58:29.397Z","level":"WARN","service":"user-service","message":"Database connection pool threshold reached (80%)"}
{"timestamp":"2026-07-05T11:59:09.259Z","level":"INFO","service":"cart-service","message":"Payment authorization token acquired"}
{"timestamp":"2026-07-05T11:59:24.330Z","level":"WARN","service":"payment-service","message":"Slow query detected on order history catalog lookup"}
{"timestamp":"2026-07-05T11:59:48.914Z","level":"INFO","service":"user-service","message":"Fetched product catalog data successfully"}
{"timestamp":"2026-07-05T12:00:01.648Z","level":"INFO","service":"cart-service","message":"User login credentials validated"}
{"timestamp":"2026-07-05T12:00:37.737Z","level":"WARN","service":"user-service","message":"Slow query detected on order history catalog lookup"}
{"timestamp":"2026-07-05T12:01:16.611Z","level":"INFO","service":"notification-service","message":"User login credentials validated"}
{"timestamp":"2026-07-05T12:01:54.538Z","level":"WARN","service":"cart-service","message":"Database connection pool threshold reached (80%)"}
{"timestamp":"2026-07-05T12:02:23.619Z","level":"ERROR","service":"cart-service","message":"Failed to retrieve exchange rate from external API provider","stack_trace":"java.io.IOException: connection reset by peer
\tat sun.net.www.http.HttpClient.parseHTTPHeader(HttpClient.java:712)
\tat sun.net.www.protocol.http.HttpURLConnection.getInputStream0(HttpURLConnection.java:1590) [req_ref: 0x5286260]"}
{"timestamp":"2026-07-05T12:02:42.059Z","level":"INFO","service":"user-service","message":"Payment authorization token acquired"}
{"timestamp":"2026-07-05T12:02:53.605Z","level":"WARN","service":"cart-service","message":"Database connection pool threshold reached (80%)"}
{"timestamp":"2026-07-05T12:03:26.356Z","level":"INFO","service":"catalog-service","message":"Sending order email confirmation notification"}
{"timestamp":"2026-07-05T12:03:54.372Z","level":"INFO","service":"notification-service","message":"User login credentials validated"}
{"timestamp":"2026-07-05T12:04:08.872Z","level":"WARN","service":"payment-service","message":"Slow query detected on order history catalog lookup"}
{"timestamp":"2026-07-05T12:04:18.466Z","level":"WARN","service":"payment-service","message":"Database connection pool threshold reached (80%)"}
{"timestamp":"2026-07-05T12:04:48.136Z","level":"WARN","service":"cart-service","message":"Database connection pool threshold reached (80%)"}
{"timestamp":"2026-07-05T12:05:16.026Z","level":"WARN","service":"cart-service","message":"Database connection pool threshold reached (80%)"}
{"timestamp":"2026-07-05T12:05:21.487Z","level":"INFO","service":"user-service","message":"Fetched product catalog data successfully"}
{"timestamp":"2026-07-05T12:05:31.301Z","level":"INFO","service":"cart-service","message":"User added item to shopping cart"}
{"timestamp":"2026-07-05T12:05:50.005Z","level":"ERROR","service":"catalog-service","message":"Failed to retrieve exchange rate from external API provider","stack_trace":"java.io.IOException: connection reset by peer
\tat sun.net.www.http.HttpClient.parseHTTPHeader(HttpClient.java:712)
\tat sun.net.www.protocol.http.HttpURLConnection.getInputStream0(HttpURLConnection.java:1590) [req_ref: 0x5c844f6]"}
{"timestamp":"2026-07-05T12:06:21.881Z","level":"INFO","service":"payment-service","message":"User login credentials validated"}
{"timestamp":"2026-07-05T12:06:28.806Z","level":"WARN","service":"notification-service","message":"Slow query detected on order history catalog lookup"}
{"timestamp":"2026-07-05T12:06:39.897Z","level":"INFO","service":"user-service","message":"Fetched product catalog data successfully"}
{"timestamp":"2026-07-05T12:07:10.418Z","level":"INFO","service":"notification-service","message":"Fetched product catalog data successfully"}
{"timestamp":"2026-07-05T12:07:32.995Z","level":"WARN","service":"user-service","message":"Slow query detected on order history catalog lookup"}
{"timestamp":"2026-07-05T12:07:45.549Z","level":"INFO","service":"payment-service","message":"Fetched product catalog data successfully"}
{"timestamp":"2026-07-05T12:08:20.417Z","level":"INFO","service":"payment-service","message":"Sending order email confirmation notification"}
{"timestamp":"2026-07-05T12:08:57.737Z","level":"INFO","service":"user-service","message":"User added item to shopping cart"}
{"timestamp":"2026-07-05T12:09:24.891Z","level":"INFO","service":"payment-service","message":"Cart session initialized"}
{"timestamp":"2026-07-05T12:09:43.146Z","level":"INFO","service":"notification-service","message":"Cart session initialized"}
{"timestamp":"2026-07-05T12:09:59.179Z","level":"INFO","service":"notification-service","message":"Cart session initialized"}
{"timestamp":"2026-07-05T12:10:22.013Z","level":"INFO","service":"notification-service","message":"User login credentials validated"}
{"timestamp":"2026-07-05T12:10:57.334Z","level":"ERROR","service":"payment-service","message":"Failed to retrieve exchange rate from external API provider","stack_trace":"java.io.IOException: connection reset by peer
\tat sun.net.www.http.HttpClient.parseHTTPHeader(HttpClient.java:712)
\tat sun.net.www.protocol.http.HttpURLConnection.getInputStream0(HttpURLConnection.java:1590) [req_ref: 0x2230ade]"}
{"timestamp":"2026-07-05T12:11:21.032Z","level":"INFO","service":"user-service","message":"User login credentials validated"}
{"timestamp":"2026-07-05T12:11:31.039Z","level":"INFO","service":"notification-service","message":"User login credentials validated"}
{"timestamp":"2026-07-05T12:12:04.619Z","level":"INFO","service":"user-service","message":"Sending order email confirmation notification"}
{"timestamp":"2026-07-05T12:12:32.911Z","level":"INFO","service":"user-service","message":"User added item to shopping cart"}
{"timestamp":"2026-07-05T12:12:52.355Z","level":"INFO","service":"user-service","message":"Payment authorization token acquired"}
{"timestamp":"2026-07-05T12:13:09.326Z","level":"INFO","service":"catalog-service","message":"Cart session initialized"}
{"timestamp":"2026-07-05T12:13:24.784Z","level":"INFO","service":"notification-service","message":"Cart session initialized"}
{"timestamp":"2026-07-05T12:13:29.810Z","level":"INFO","service":"catalog-service","message":"User login credentials validated"}
{"timestamp":"2026-07-05T12:13:41.654Z","level":"WARN","service":"cart-service","message":"Slow query detected on order history catalog lookup"}
{"timestamp":"2026-07-05T12:14:21.041Z","level":"WARN","service":"notification-service","message":"Slow query detected on order history catalog lookup"}
{"timestamp":"2026-07-05T12:14:59.246Z","level":"INFO","service":"user-service","message":"Cart session initialized"}
{"timestamp":"2026-07-05T12:15:38.017Z","level":"INFO","service":"user-service","message":"Fetched product catalog data successfully"}
{"timestamp":"2026-07-05T12:16:02.104Z","level":"INFO","service":"notification-service","message":"User login credentials validated"}
{"timestamp":"2026-07-05T12:16:28.248Z","level":"INFO","service":"cart-service","message":"User added item to shopping cart"}
{"timestamp":"2026-07-05T12:16:54.892Z","level":"ERROR","service":"payment-service","message":"Failed to retrieve exchange rate from external API provider","stack_trace":"java.io.IOException: connection reset by peer
\tat sun.net.www.http.HttpClient.parseHTTPHeader(HttpClient.java:712)
\tat sun.net.www.protocol.http.HttpURLConnection.getInputStream0(HttpURLConnection.java:1590) [req_ref: 0x15c6410]"}
{"timestamp":"2026-07-05T12:17:15.294Z","level":"ERROR","service":"catalog-service","message":"Failed to retrieve exchange rate from external API provider","stack_trace":"java.io.IOException: connection reset by peer
\tat sun.net.www.http.HttpClient.parseHTTPHeader(HttpClient.java:712)
\tat sun.net.www.protocol.http.HttpURLConnection.getInputStream0(HttpURLConnection.java:1590) [req_ref: 0x3e03f8c]"}
{"timestamp":"2026-07-05T12:17:38.750Z","level":"ERROR","service":"payment-service","message":"Failed to retrieve exchange rate from external API provider","stack_trace":"java.io.IOException: connection reset by peer
\tat sun.net.www.http.HttpClient.parseHTTPHeader(HttpClient.java:712)
\tat sun.net.www.protocol.http.HttpURLConnection.getInputStream0(HttpURLConnection.java:1590) [req_ref: 0xe32937]"
{"timestamp":"2026-07-05T12:18:15.690Z","level":"INFO","service":"notification-service","message":"Sending order email confirmation notification"}
{"timestamp":"2026-07-05T12:18:21.394Z","level":"INFO","service":"payment-service","message":"Payment authorization token acquired"}
{"timestamp":"2026-07-05T12:18:57.934Z","level":"INFO","service":"notification-service","message":"Fetched product catalog data successfully"}
{"timestamp":"2026-07-05T12:19:16.475Z","level":"INFO","service":"notification-service","message":"User added item to shopping cart"}
{"timestamp":"2026-07-05T12:19:30.099Z","level":"WARN","service":"payment-service","message":"Slow query detected on order history catalog lookup"}
{"timestamp":"2026-07-05T12:19:51.953Z","level":"WARN","service":"payment-service","message":"Database connection pool threshold reached (80%)"}
{"timestamp":"2026-07-05T12:19:56.326Z","level":"ERROR","service":"cart-service","message":"Failed to retrieve exchange rate from external API provider","stack_trace":"java.io.IOException: connection reset by peer
\tat sun.net.www.http.HttpClient.parseHTTPHeader(HttpClient.java:712)
\tat sun.net.www.protocol.http.HttpURLConnection.getInputStream0(HttpURLConnection.java:1590) [req_ref: 0x32e6cec]"}
{"timestamp":"2026-07-05T12:20:32.803Z","level":"INFO","service":"cart-service","message":"User login credentials validated"}
{"timestamp":"2026-07-05T12:20:38.557Z","level":"INFO","service":"cart-service","message":"Cart session initialized"}
{"timestamp":"2026-07-05T12:20:43.854Z","level":"WARN","service":"catalog-service","message":"Database connection pool threshold reached (80%)"}
{"timestamp":"2026-07-05T12:20:51.706Z","level":"INFO","service":"cart-service","message":"Payment authorization token acquired"}
{"timestamp":"2026-07-05T12:21:05.532Z","level":"ERROR","service":"notification-service","message":"Failed to retrieve exchange rate from external API provider","stack_trace":"java.io.IOException: connection reset by peer
\tat sun.net.www.http.HttpClient.parseHTTPHeader(HttpClient.java:712)
\tat sun.net.www.protocol.http.HttpURLConnection.getInputStream0(HttpURLConnection.java:1590) [req_ref: 0x4077d1f]"
{"timestamp":"2026-07-05T12:21:14.745Z","level":"WARN","service":"user-service","message":"Database connection pool threshold reached (80%)"}
{"timestamp":"2026-07-05T12:21:40.430Z","level":"INFO","service":"catalog-service","message":"Sending order email confirmation notification"}
{"timestamp":"2026-07-05T12:21:59.463Z","level":"INFO","service":"cart-service","message":"Payment authorization token acquired"}
{"timestamp":"2026-07-05T12:22:32.915Z","level":"INFO","service":"user-service","message":"User added item to shopping cart"}
{"timestamp":"2026-07-05T12:23:02.325Z","level":"WARN","service":"payment-service","message":"Slow query detected on order history catalog lookup"}
{"timestamp":"2026-07-05T12:23:33.095Z","level":"WARN","service":"payment-service","message":"Database connection pool threshold reached (80%)"}
{"timestamp":"2026-07-05T12:24:13.070Z","level":"ERROR","service":"cart-service","message":"Failed to retrieve exchange rate from external API provider","stack_trace":"java.io.IOException: connection reset by peer
\tat sun.net.www.http.HttpClient.parseHTTPHeader(HttpClient.java:712)
\tat sun.net.www.protocol.http.HttpURLConnection.getInputStream0(HttpURLConnection.java:1590) [req_ref: 0x110928c]"
{"timestamp":"2026-07-05T12:24:32.650Z","level":"ERROR","service":"user-service","message":"Failed to retrieve exchange rate from external API provider","stack_trace":"java.io.IOException: connection reset by peer
\tat sun.net.www.http.HttpClient.parseHTTPHeader(HttpClient.java:712)
\tat sun.net.www.protocol.http.HttpURLConnection.getInputStream0(HttpURLConnection.java:1590) [req_ref: 0x2d6c027]"
{"timestamp":"2026-07-05T12:25:02.630Z","level":"INFO","service":"notification-service","message":"Cart session initialized"}
{"timestamp":"2026-07-05T12:25:32.302Z","level":"INFO","service":"cart-service","message":"User login credentials validated"}
{"timestamp":"2026-07-05T12:26:06.792Z","level":"INFO","service":"catalog-service","message":"Cart session initialized"}
{"timestamp":"2026-07-05T12:26:31.821Z","level":"ERROR","service":"user-service","message":"Failed to retrieve exchange rate from external API provider","stack_trace":"java.io.IOException: connection reset by peer
\tat sun.net.www.http.HttpClient.parseHTTPHeader(HttpClient.java:712)
\tat sun.net.www.protocol.http.HttpURLConnection.getInputStream0(HttpURLConnection.java:1590) [req_ref: 0x2da176d]"}
{"timestamp":"2026-07-05T12:26:51.761Z","level":"INFO","service":"payment-service","message":"User login credentials validated"}
{"timestamp":"2026-07-05T12:27:07.217Z","level":"ERROR","service":"cart-service","message":"Failed to retrieve exchange rate from external API provider","stack_trace":"java.io.IOException: connection reset by peer
\tat sun.net.www.http.HttpClient.parseHTTPHeader(HttpClient.java:712)
\tat sun.net.www.protocol.http.HttpURLConnection.getInputStream0(HttpURLConnection.java:1590) [req_ref: 0xa25a00]"}
{"timestamp":"2026-07-05T12:27:29.081Z","level":"INFO","service":"catalog-service","message":"Cart session initialized"}
{"timestamp":"2026-07-05T12:27:53.113Z","level":"INFO","service":"cart-service","message":"Payment authorization token acquired"}
{"timestamp":"2026-07-05T12:28:13.964Z","level":"INFO","service":"catalog-service","message":"User added item to shopping cart"}
{"timestamp":"2026-07-05T12:28:38.547Z","level":"INFO","service":"cart-service","message":"Payment authorization token acquired"}
{"timestamp":"2026-07-05T12:29:12.288Z","level":"INFO","service":"notification-service","message":"Fetched product catalog data successfully"}
{"timestamp":"2026-07-05T12:29:41.178Z","level":"WARN","service":"catalog-service","message":"Database connection pool threshold reached (80%)"}
{"timestamp":"2026-07-05T12:29:46.166Z","level":"INFO","service":"cart-service","message":"Cart session initialized"}
{"timestamp":"2026-07-05T12:30:15.453Z","level":"ERROR","service":"auth-service","message":"Authentication framework failed during LDAP lookup",
"stack_trace":"java.lang.NullPointerException
\tat com.auth.provider.LDAPProvider.authenticate(LDAPProvider.java:88)
\tat com.auth.service.AuthManager.verify(AuthManager.java:34) [session_ctx: 0x6d74336378773c7034646f34]
\tat com.auth.controller.LoginController.login(LoginController.java:12)"}
{"timestamp":"2026-07-05T12:30:24.463Z","level":"INFO","service":"user-service","message":"Sending order email confirmation notification"}
{"timestamp":"2026-07-05T12:30:42.226Z","level":"INFO","service":"payment-service","message":"Payment authorization token acquired"}
{"timestamp":"2026-07-05T12:31:05.367Z","level":"INFO","service":"payment-service","message":"Sending order email confirmation notification"}
{"timestamp":"2026-07-05T12:31:15.329Z","level":"INFO","service":"notification-service","message":"Cart session initialized"}
{"timestamp":"2026-07-05T12:31:53.396Z","level":"INFO","service":"payment-service","message":"Fetched product catalog data successfully"}
{"timestamp":"2026-07-05T12:32:15.020Z","level":"WARN","service":"payment-service","message":"Database connection pool threshold reached (80%)"}
{"timestamp":"2026-07-05T12:32:45.188Z","level":"INFO","service":"notification-service","message":"User added item to shopping cart"}
{"timestamp":"2026-07-05T12:33:18.161Z","level":"WARN","service":"user-service","message":"Slow query detected on order history catalog lookup"}
{"timestamp":"2026-07-05T12:33:41.974Z","level":"INFO","service":"payment-service","message":"Cart session initialized"}
{"timestamp":"2026-07-05T12:33:54.027Z","level":"INFO","service":"cart-service","message":"User added item to shopping cart"}
{"timestamp":"2026-07-05T12:34:25.475Z","level":"INFO","service":"notification-service","message":"Cart session initialized"}
{"timestamp":"2026-07-05T12:34:37.367Z","level":"INFO","service":"payment-service","message":"Cart session initialized"}
{"timestamp":"2026-07-05T12:35:07.391Z","level":"INFO","service":"notification-service","message":"Sending order email confirmation notification"}
{"timestamp":"2026-07-05T12:35:42.879Z","level":"WARN","service":"user-service","message":"Database connection pool threshold reached (80%)"}
{"timestamp":"2026-07-05T12:36:01.129Z","level":"INFO","service":"cart-service","message":"Fetched product catalog data successfully"}
{"timestamp":"2026-07-05T12:36:19.124Z","level":"INFO","service":"payment-service","message":"Cart session initialized"}
{"timestamp":"2026-07-05T12:36:56.046Z","level":"ERROR","service":"cart-service","message":"Failed to retrieve exchange rate from external API provider","stack_trace":"java.io.IOException: connection reset by peer
\tat sun.net.www.http.HttpClient.parseHTTPHeader(HttpClient.java:712)
\tat sun.net.www.protocol.http.HttpURLConnection.getInputStream0(HttpURLConnection.java:1590) [req_ref: 0x3765e98]"
{"timestamp":"2026-07-05T12:37:10.046Z","level":"INFO","service":"catalog-service","message":"User added item to shopping cart"}
{"timestamp":"2026-07-05T12:37:18.108Z","level":"INFO","service":"notification-service","message":"Sending order email confirmation notification"}
{"timestamp":"2026-07-05T12:37:38.216Z","level":"INFO","service":"cart-service","message":"Sending order email confirmation notification"}
{"timestamp":"2026-07-05T12:38:14.618Z","level":"INFO","service":"catalog-service","message":"User added item to shopping cart"}
{"timestamp":"2026-07-05T12:38:22.002Z","level":"INFO","service":"user-service","message":"Fetched product catalog data successfully"}
{"timestamp":"2026-07-05T12:38:38.725Z","level":"INFO","service":"notification-service","message":"Payment authorization token acquired"}
{"timestamp":"2026-07-05T12:39:10.101Z","level":"INFO","service":"catalog-service","message":"Cart session initialized"}
{"timestamp":"2026-07-05T12:39:26.861Z","level":"WARN","service":"cart-service","message":"Database connection pool threshold reached (80%)"}
{"timestamp":"2026-07-05T12:39:48.716Z","level":"INFO","service":"catalog-service","message":"User added item to shopping cart"}
{"timestamp":"2026-07-05T12:40:25.757Z","level":"INFO","service":"cart-service","message":"Payment authorization token acquired"}
{"timestamp":"2026-07-05T12:40:49.002Z","level":"INFO","service":"catalog-service","message":"Cart session initialized"}
{"timestamp":"2026-07-05T12:41:08.000Z","level":"INFO","service":"cart-service","message":"Payment authorization token acquired"}
{"timestamp":"2026-07-05T12:41:26.139Z","level":"INFO","service":"payment-service","message":"User added item to shopping cart"}
{"timestamp":"2026-07-05T12:41:55.666Z","level":"WARN","service":"catalog-service","message":"Slow query detected on order history catalog lookup"}
{"timestamp":"2026-07-05T12:42:34.786Z","level":"INFO","service":"user-service","message":"User login credentials validated"}
{"timestamp":"2026-07-05T12:43:00.385Z","level":"WARN","service":"cart-service","message":"Slow query detected on order history catalog lookup"}
{"timestamp":"2026-07-05T12:43:23.857Z","level":"WARN","service":"payment-service","message":"Slow query detected on order history catalog lookup"}
{"timestamp":"2026-07-05T12:43:28.801Z","level":"INFO","service":"user-service","message":"User login credentials validated"}
{"timestamp":"2026-07-05T12:43:55.200Z","level":"INFO","service":"notification-service","message":"User added item to shopping cart"}
{"timestamp":"2026-07-05T12:44:05.686Z","level":"WARN","service":"catalog-service","message":"Slow query detected on order history catalog lookup"}
{"timestamp":"2026-07-05T12:44:37.992Z","level":"WARN","service":"catalog-service","message":"Database connection pool threshold reached (80%)"}
{"timestamp":"2026-07-05T12:45:03.059Z","level":"INFO","service":"cart-service","message":"Cart session initialized"}
{"timestamp":"2026-07-05T12:45:38.663Z","level":"INFO","service":"catalog-service","message":"User added item to shopping cart"}
{"timestamp":"2026-07-05T12:45:51.027Z","level":"INFO","service":"notification-service","message":"Cart session initialized"}
{"timestamp":"2026-07-05T12:46:31.088Z","level":"WARN","service":"cart-service","message":"Slow query detected on order history catalog lookup"}
{"timestamp":"2026-07-05T12:47:11.056Z","level":"INFO","service":"catalog-service","message":"User added item to shopping cart"}
{"timestamp":"2026-07-05T12:47:19.159Z","level":"INFO","service":"payment-service","message":"Sending order email confirmation notification"}
{"timestamp":"2026-07-05T12:47:28.691Z","level":"WARN","service":"user-service","message":"Database connection pool threshold reached (80%)"}
{"timestamp":"2026-07-05T12:48:03.641Z","level":"WARN","service":"notification-service","message":"Slow query detected on order history catalog lookup"}
{"timestamp":"2026-07-05T12:48:09.395Z","level":"WARN","service":"catalog-service","message":"Database connection pool threshold reached (80%)"}
{"timestamp":"2026-07-05T12:48:27.343Z","level":"INFO","service":"payment-service","message":"Cart session initialized"}
{"timestamp":"2026-07-05T12:48:41.203Z","level":"INFO","service":"catalog-service","message":"User added item to shopping cart"}
{"timestamp":"2026-07-05T12:49:20.364Z","level":"INFO","service":"notification-service","message":"Cart session initialized"}
{"timestamp":"2026-07-05T12:49:29.889Z","level":"WARN","service":"payment-service","message":"Database connection pool threshold reached (80%)"}
{"timestamp":"2026-07-05T12:50:07.737Z","level":"ERROR","service":"cart-service","message":"Failed to retrieve exchange rate from external API provider","stack_trace":"java.io.IOException: connection reset by peer
\tat sun.net.www.http.HttpClient.parseHTTPHeader(HttpClient.java:712)
\tat sun.net.www.protocol.http.HttpURLConnection.getInputStream0(HttpURLConnection.java:1590) [req_ref: 0x38980bd]"}
{"timestamp":"2026-07-05T12:50:43.085Z","level":"INFO","service":"user-service","message":"User login credentials validated"}
{"timestamp":"2026-07-05T12:50:57.620Z","level":"INFO","service":"cart-service","message":"Sending order email confirmation notification"}
{"timestamp":"2026-07-05T12:51:03.041Z","level":"INFO","service":"user-service","message":"Sending order email confirmation notification"}
{"timestamp":"2026-07-05T12:51:37.850Z","level":"INFO","service":"cart-service","message":"Sending order email confirmation notification"}
{"timestamp":"2026-07-05T12:52:16.578Z","level":"INFO","service":"payment-service","message":"Sending order email confirmation notification"}
{"timestamp":"2026-07-05T12:52:25.212Z","level":"INFO","service":"payment-service","message":"User login credentials validated"}
{"timestamp":"2026-07-05T12:52:57.352Z","level":"ERROR","service":"notification-service","message":"Failed to retrieve exchange rate from external API provider","stack_trace":"java.io.IOException: connection reset by peer
\tat sun.net.www.http.HttpClient.parseHTTPHeader(HttpClient.java:712)
\tat sun.net.www.protocol.http.HttpURLConnection.getInputStream0(HttpURLConnection.java:1590) [req_ref: 0x3a307bf]"}
{"timestamp":"2026-07-05T12:53:15.129Z","level":"ERROR","service":"catalog-service","message":"Failed to retrieve exchange rate from external API provider","stack_trace":"java.io.IOException: connection reset by peer
\tat sun.net.www.http.HttpClient.parseHTTPHeader(HttpClient.java:712)
\tat sun.net.www.protocol.http.HttpURLConnection.getInputStream0(HttpURLConnection.java:1590) [req_ref: 0x2a8aca0]"
{"timestamp":"2026-07-05T12:53:55.206Z","level":"WARN","service":"catalog-service","message":"Database connection pool threshold reached (80%)"}
{"timestamp":"2026-07-05T12:54:21.583Z","level":"INFO","service":"user-service","message":"Payment authorization token acquired"}
{"timestamp":"2026-07-05T12:54:39.941Z","level":"INFO","service":"notification-service","message":"Cart session initialized"}
{"timestamp":"2026-07-05T12:54:46.096Z","level":"INFO","service":"user-service","message":"User login credentials validated"}
{"timestamp":"2026-07-05T12:54:52.834Z","level":"INFO","service":"catalog-service","message":"Payment authorization token acquired"}
{"timestamp":"2026-07-05T12:55:07.717Z","level":"WARN","service":"catalog-service","message":"Database connection pool threshold reached (80%)"}
{"timestamp":"2026-07-05T12:55:30.188Z","level":"WARN","service":"catalog-service","message":"Slow query detected on order history catalog lookup"}
{"timestamp":"2026-07-05T12:55:49.892Z","level":"INFO","service":"cart-service","message":"User added item to shopping cart"}
{"timestamp":"2026-07-05T12:56:03.499Z","level":"INFO","service":"payment-service","message":"User login credentials validated"}
{"timestamp":"2026-07-05T12:56:28.965Z","level":"INFO","service":"cart-service","message":"Sending order email confirmation notification"}
{"timestamp":"2026-07-05T12:56:48.500Z","level":"WARN","service":"cart-service","message":"Database connection pool threshold reached (80%)"}
{"timestamp":"2026-07-05T12:57:13.952Z","level":"WARN","service":"catalog-service","message":"Slow query detected on order history catalog lookup"}
{"timestamp":"2026-07-05T12:57:44.266Z","level":"WARN","service":"notification-service","message":"Slow query detected on order history catalog lookup"}
{"timestamp":"2026-07-05T12:58:21.300Z","level":"WARN","service":"notification-service","message":"Database connection pool threshold reached (80%)"}
{"timestamp":"2026-07-05T12:58:36.168Z","level":"INFO","service":"cart-service","message":"User login credentials validated"}
{"timestamp":"2026-07-05T12:59:04.850Z","level":"INFO","service":"user-service","message":"Fetched product catalog data successfully"}
{"timestamp":"2026-07-05T12:59:28.416Z","level":"INFO","service":"payment-service","message":"Payment authorization token acquired"}
{"timestamp":"2026-07-05T12:59:33.981Z","level":"INFO","service":"catalog-service","message":"Cart session initialized"}
{"timestamp":"2026-07-05T13:00:04.334Z","level":"ERROR","service":"catalog-service","message":"Failed to retrieve exchange rate from external API provider","stack_trace":"java.io.IOException: connection reset by peer
\tat sun.net.www.http.HttpClient.parseHTTPHeader(HttpClient.java:712)
\tat sun.net.www.protocol.http.HttpURLConnection.getInputStream0(HttpURLConnection.java:1590) [req_ref: 0x3443752]"}
{"timestamp":"2026-07-05T13:00:18.838Z","level":"WARN","service":"user-service","message":"Database connection pool threshold reached (80%)"}
{"timestamp":"2026-07-05T13:00:31.768Z","level":"WARN","service":"catalog-service","message":"Database connection pool threshold reached (80%)"}
{"timestamp":"2026-07-05T13:01:07.183Z","level":"INFO","service":"notification-service","message":"Sending order email confirmation notification"}
{"timestamp":"2026-07-05T13:01:32.719Z","level":"WARN","service":"user-service","message":"Slow query detected on order history catalog lookup"}
{"timestamp":"2026-07-05T13:01:50.263Z","level":"INFO","service":"cart-service","message":"Cart session initialized"}
{"timestamp":"2026-07-05T13:01:59.134Z","level":"INFO","service":"notification-service","message":"User added item to shopping cart"}
{"timestamp":"2026-07-05T13:02:23.447Z","level":"INFO","service":"cart-service","message":"Fetched product catalog data successfully"}
{"timestamp":"2026-07-05T13:02:39.150Z","level":"INFO","service":"payment-service","message":"User login credentials validated"}
{"timestamp":"2026-07-05T13:03:15.472Z","level":"INFO","service":"notification-service","message":"Fetched product catalog data successfully"}
{"timestamp":"2026-07-05T13:03:38.932Z","level":"WARN","service":"cart-service","message":"Slow query detected on order history catalog lookup"}
{"timestamp":"2026-07-05T13:04:12.878Z","level":"INFO","service":"payment-service","message":"Payment authorization token acquired"}
{"timestamp":"2026-07-05T13:04:24.884Z","level":"INFO","service":"notification-service","message":"User login credentials validated"}
{"timestamp":"2026-07-05T13:04:32.469Z","level":"INFO","service":"user-service","message":"Sending order email confirmation notification"}
{"timestamp":"2026-07-05T13:04:51.665Z","level":"ERROR","service":"notification-service","message":"Failed to retrieve exchange rate from external API provider","stack_trace":"java.io.IOException: connection reset by peer
\tat sun.net.www.http.HttpClient.parseHTTPHeader(HttpClient.java:712)
\tat sun.net.www.protocol.http.HttpURLConnection.getInputStream0(HttpURLConnection.java:1590) [req_ref: 0x1aaed2b]"
{"timestamp":"2026-07-05T13:05:24.568Z","level":"INFO","service":"payment-service","message":"Sending order email confirmation notification"}
{"timestamp":"2026-07-05T13:05:41.455Z","level":"INFO","service":"payment-service","message":"Fetched product catalog data successfully"}
{"timestamp":"2026-07-05T13:06:03.324Z","level":"WARN","service":"user-service","message":"Database connection pool threshold reached (80%)"}
{"timestamp":"2026-07-05T13:06:39.409Z","level":"INFO","service":"catalog-service","message":"Fetched product catalog data successfully"}
{"timestamp":"2026-07-05T13:07:09.201Z","level":"INFO","service":"catalog-service","message":"Sending order email confirmation notification"}
{"timestamp":"2026-07-05T13:07:22.869Z","level":"WARN","service":"notification-service","message":"Database connection pool threshold reached (80%)"}
{"timestamp":"2026-07-05T13:07:39.004Z","level":"INFO","service":"user-service","message":"User added item to shopping cart"}
{"timestamp":"2026-07-05T13:07:52.904Z","level":"INFO","service":"payment-service","message":"Fetched product catalog data successfully"}
{"timestamp":"2026-07-05T13:08:00.912Z","level":"INFO","service":"notification-service","message":"User login credentials validated"}
{"timestamp":"2026-07-05T13:08:37.940Z","level":"INFO","service":"cart-service","message":"Cart session initialized"}
{"timestamp":"2026-07-05T13:09:06.836Z","level":"ERROR","service":"cart-service","message":"Failed to retrieve exchange rate from external API provider","stack_trace":"java.io.IOException: connection reset by peer
\tat sun.net.www.http.HttpClient.parseHTTPHeader(HttpClient.java:712)
\tat sun.net.www.protocol.http.HttpURLConnection.getInputStream0(HttpURLConnection.java:1590) [req_ref: 0x2397035]"}
{"timestamp":"2026-07-05T13:09:24.433Z","level":"WARN","service":"catalog-service","message":"Database connection pool threshold reached (80%)"}
{"timestamp":"2026-07-05T13:09:30.969Z","level":"INFO","service":"notification-service","message":"Cart session initialized"}
{"timestamp":"2026-07-05T13:10:09.619Z","level":"WARN","service":"catalog-service","message":"Slow query detected on order history catalog lookup"}
{"timestamp":"2026-07-05T13:10:19.714Z","level":"WARN","service":"payment-service","message":"Database connection pool threshold reached (80%)"}
{"timestamp":"2026-07-05T13:10:24.872Z","level":"INFO","service":"cart-service","message":"User login credentials validated"}
{"timestamp":"2026-07-05T13:10:47.912Z","level":"INFO","service":"catalog-service","message":"Cart session initialized"}
{"timestamp":"2026-07-05T13:10:53.575Z","level":"WARN","service":"cart-service","message":"Database connection pool threshold reached (80%)"}
{"timestamp":"2026-07-05T13:11:15.581Z","level":"INFO","service":"user-service","message":"User added item to shopping cart"}
{"timestamp":"2026-07-05T13:11:32.149Z","level":"INFO","service":"cart-service","message":"Payment authorization token acquired"}
{"timestamp":"2026-07-05T13:11:42.929Z","level":"INFO","service":"notification-service","message":"Sending order email confirmation notification"}
{"timestamp":"2026-07-05T13:12:10.051Z","level":"INFO","service":"user-service","message":"User added item to shopping cart"}
{"timestamp":"2026-07-05T13:12:21.920Z","level":"INFO","service":"cart-service","message":"User login credentials validated"}
{"timestamp":"2026-07-05T13:12:51.112Z","level":"INFO","service":"catalog-service","message":"Payment authorization token acquired"}
{"timestamp":"2026-07-05T13:13:29.732Z","level":"ERROR","service":"user-service","message":"Failed to retrieve exchange rate from external API provider","stack_trace":"java.io.IOException: connection reset by peer
\tat sun.net.www.http.HttpClient.parseHTTPHeader(HttpClient.java:712)
\tat sun.net.www.protocol.http.HttpURLConnection.getInputStream0(HttpURLConnection.java:1590) [req_ref: 0xfc813c]"}
{"timestamp":"2026-07-05T13:14:07.751Z","level":"INFO","service":"notification-service","message":"Fetched product catalog data successfully"}
{"timestamp":"2026-07-05T13:14:22.050Z","level":"ERROR","service":"data-processor","message":"Failed to process streaming packet buffer","stack_trace":"java.lang.ArrayIndexOutOfBoundsException: Index 12 out of bounds for length 8
\tat com.data.Processor.processBuffer(Processor.java:214)
\tat com.data.Processor.run(Processor.java:98) [buffer_addr: 0x10245389beef]"}
{"timestamp":"2026-07-05T13:14:30.261Z","level":"INFO","service":"user-service","message":"Fetched product catalog data successfully"}
{"timestamp":"2026-07-05T13:14:53.062Z","level":"INFO","service":"cart-service","message":"Sending order email confirmation notification"}
{"timestamp":"2026-07-05T13:15:02.356Z","level":"WARN","service":"catalog-service","message":"Database connection pool threshold reached (80%)"}
{"timestamp":"2026-07-05T13:15:39.348Z","level":"INFO","service":"user-service","message":"Sending order email confirmation notification"}
{"timestamp":"2026-07-05T13:16:05.195Z","level":"INFO","service":"notification-service","message":"User added item to shopping cart"}
{"timestamp":"2026-07-05T13:16:27.527Z","level":"WARN","service":"payment-service","message":"Slow query detected on order history catalog lookup"}
{"timestamp":"2026-07-05T13:16:51.469Z","level":"INFO","service":"cart-service","message":"Payment authorization token acquired"}
{"timestamp":"2026-07-05T13:17:28.051Z","level":"INFO","service":"payment-service","message":"Fetched product catalog data successfully"}
{"timestamp":"2026-07-05T13:17:33.105Z","level":"ERROR","service":"catalog-service","message":"Failed to retrieve exchange rate from external API provider","stack_trace":"java.io.IOException: connection reset by peer
\tat sun.net.www.http.HttpClient.parseHTTPHeader(HttpClient.java:712)
\tat sun.net.www.protocol.http.HttpURLConnection.getInputStream0(HttpURLConnection.java:1590) [req_ref: 0x3235cdc]"}
{"timestamp":"2026-07-05T13:18:06.112Z","level":"WARN","service":"catalog-service","message":"Slow query detected on order history catalog lookup"}
{"timestamp":"2026-07-05T13:18:46.268Z","level":"INFO","service":"user-service","message":"User added item to shopping cart"}
{"timestamp":"2026-07-05T13:18:53.158Z","level":"INFO","service":"catalog-service","message":"User added item to shopping cart"}
{"timestamp":"2026-07-05T13:19:23.918Z","level":"ERROR","service":"notification-service","message":"Failed to retrieve exchange rate from external API provider","stack_trace":"java.io.IOException: connection reset by peer
\tat sun.net.www.http.HttpClient.parseHTTPHeader(HttpClient.java:712)
\tat sun.net.www.protocol.http.HttpURLConnection.getInputStream0(HttpURLConnection.java:1590) [req_ref: 0x510eacd]"}
{"timestamp":"2026-07-05T13:19:41.495Z","level":"WARN","service":"user-service","message":"Database connection pool threshold reached (80%)"}
{"timestamp":"2026-07-05T13:19:51.109Z","level":"ERROR","service":"cart-service","message":"Failed to retrieve exchange rate from external API provider","stack_trace":"java.io.IOException: connection reset by peer
\tat sun.net.www.http.HttpClient.parseHTTPHeader(HttpClient.java:712)
\tat sun.net.www.protocol.http.HttpURLConnection.getInputStream0(HttpURLConnection.java:1590) [req_ref: 0x3b5cc03]"}
{"timestamp":"2026-07-05T13:20:29.432Z","level":"INFO","service":"user-service","message":"User added item to shopping cart"}
{"timestamp":"2026-07-05T13:21:04.846Z","level":"WARN","service":"catalog-service","message":"Slow query detected on order history catalog lookup"}
{"timestamp":"2026-07-05T13:21:31.593Z","level":"INFO","service":"notification-service","message":"Sending order email confirmation notification"}
{"timestamp":"2026-07-05T13:21:48.163Z","level":"INFO","service":"catalog-service","message":"User added item to shopping cart"}
{"timestamp":"2026-07-05T13:22:23.890Z","level":"INFO","service":"user-service","message":"Payment authorization token acquired"}
{"timestamp":"2026-07-05T13:22:29.340Z","level":"INFO","service":"notification-service","message":"Sending order email confirmation notification"}
{"timestamp":"2026-07-05T13:22:57.194Z","level":"INFO","service":"cart-service","message":"Payment authorization token acquired"}
{"timestamp":"2026-07-05T13:23:36.068Z","level":"INFO","service":"notification-service","message":"Payment authorization token acquired"}
{"timestamp":"2026-07-05T13:24:08.335Z","level":"INFO","service":"catalog-service","message":"Cart session initialized"}
{"timestamp":"2026-07-05T13:24:47.378Z","level":"INFO","service":"payment-service","message":"Payment authorization token acquired"}
{"timestamp":"2026-07-05T13:25:07.253Z","level":"ERROR","service":"notification-service","message":"Failed to retrieve exchange rate from external API provider","stack_trace":"java.io.IOException: connection reset by peer
\tat sun.net.www.http.HttpClient.parseHTTPHeader(HttpClient.java:712)
\tat sun.net.www.protocol.http.HttpURLConnection.getInputStream0(HttpURLConnection.java:1590) [req_ref: 0x1e69af9]"}
{"timestamp":"2026-07-05T13:25:36.409Z","level":"INFO","service":"payment-service","message":"User added item to shopping cart"}
{"timestamp":"2026-07-05T13:26:10.927Z","level":"INFO","service":"catalog-service","message":"Payment authorization token acquired"}
{"timestamp":"2026-07-05T13:26:50.044Z","level":"INFO","service":"user-service","message":"Payment authorization token acquired"}
{"timestamp":"2026-07-05T13:27:29.833Z","level":"WARN","service":"cart-service","message":"Database connection pool threshold reached (80%)"}
{"timestamp":"2026-07-05T13:28:01.561Z","level":"INFO","service":"catalog-service","message":"Sending order email confirmation notification"}
{"timestamp":"2026-07-05T13:28:06.834Z","level":"INFO","service":"payment-service","message":"Fetched product catalog data successfully"}
{"timestamp":"2026-07-05T13:28:20.807Z","level":"INFO","service":"notification-service","message":"Payment authorization token acquired"}
{"timestamp":"2026-07-05T13:28:38.161Z","level":"INFO","service":"catalog-service","message":"Cart session initialized"}
{"timestamp":"2026-07-05T13:29:13.772Z","level":"WARN","service":"catalog-service","message":"Database connection pool threshold reached (80%)"}
{"timestamp":"2026-07-05T13:29:53.830Z","level":"INFO","service":"payment-service","message":"User login credentials validated"}
{"timestamp":"2026-07-05T13:30:18.071Z","level":"INFO","service":"cart-service","message":"Fetched product catalog data successfully"}
{"timestamp":"2026-07-05T13:30:33.327Z","level":"ERROR","service":"payment-service","message":"Failed to retrieve exchange rate from external API provider","stack_trace":"java.io.IOException: connection reset by peer
\tat sun.net.www.http.HttpClient.parseHTTPHeader(HttpClient.java:712)
\tat sun.net.www.protocol.http.HttpURLConnection.getInputStream0(HttpURLConnection.java:1590) [req_ref: 0x38f9c61]"}
{"timestamp":"2026-07-05T13:31:05.109Z","level":"INFO","service":"payment-service","message":"Fetched product catalog data successfully"}
{"timestamp":"2026-07-05T13:31:44.478Z","level":"INFO","service":"payment-service","message":"Fetched product catalog data successfully"}
{"timestamp":"2026-07-05T13:32:23.938Z","level":"WARN","service":"notification-service","message":"Slow query detected on order history catalog lookup"}
{"timestamp":"2026-07-05T13:32:36.907Z","level":"WARN","service":"user-service","message":"Slow query detected on order history catalog lookup"}
{"timestamp":"2026-07-05T13:32:55.568Z","level":"WARN","service":"payment-service","message":"Slow query detected on order history catalog lookup"}
{"timestamp":"2026-07-05T13:33:30.480Z","level":"INFO","service":"catalog-service","message":"User added item to shopping cart"}
{"timestamp":"2026-07-05T13:33:42.899Z","level":"INFO","service":"notification-service","message":"User login credentials validated"}
{"timestamp":"2026-07-05T13:33:55.326Z","level":"WARN","service":"payment-service","message":"Slow query detected on order history catalog lookup"}
{"timestamp":"2026-07-05T13:34:32.943Z","level":"INFO","service":"catalog-service","message":"Sending order email confirmation notification"}
{"timestamp":"2026-07-05T13:34:37.798Z","level":"INFO","service":"notification-service","message":"Fetched product catalog data successfully"}
{"timestamp":"2026-07-05T13:34:42.453Z","level":"INFO","service":"user-service","message":"Cart session initialized"}
{"timestamp":"2026-07-05T13:34:51.049Z","level":"INFO","service":"payment-service","message":"User login credentials validated"}
{"timestamp":"2026-07-05T13:35:05.198Z","level":"INFO","service":"cart-service","message":"User login credentials validated"}
{"timestamp":"2026-07-05T13:35:41.221Z","level":"INFO","service":"user-service","message":"Payment authorization token acquired"}
{"timestamp":"2026-07-05T13:36:16.869Z","level":"WARN","service":"catalog-service","message":"Slow query detected on order history catalog lookup"}
{"timestamp":"2026-07-05T13:36:27.775Z","level":"WARN","service":"notification-service","message":"Database connection pool threshold reached (80%)"}
{"timestamp":"2026-07-05T13:36:39.694Z","level":"WARN","service":"notification-service","message":"Slow query detected on order history catalog lookup"}
{"timestamp":"2026-07-05T13:36:50.385Z","level":"WARN","service":"cart-service","message":"Database connection pool threshold reached (80%)"}
{"timestamp":"2026-07-05T13:37:17.790Z","level":"WARN","service":"catalog-service","message":"Database connection pool threshold reached (80%)"}
{"timestamp":"2026-07-05T13:37:51.416Z","level":"INFO","service":"cart-service","message":"Fetched product catalog data successfully"}
{"timestamp":"2026-07-05T13:38:20.536Z","level":"INFO","service":"payment-service","message":"Sending order email confirmation notification"}
{"timestamp":"2026-07-05T13:38:43.797Z","level":"INFO","service":"cart-service","message":"Fetched product catalog data successfully"}
{"timestamp":"2026-07-05T13:38:49.629Z","level":"INFO","service":"cart-service","message":"Cart session initialized"}
{"timestamp":"2026-07-05T13:39:04.958Z","level":"INFO","service":"cart-service","message":"Cart session initialized"}
{"timestamp":"2026-07-05T13:39:33.698Z","level":"INFO","service":"cart-service","message":"Sending order email confirmation notification"}
{"timestamp":"2026-07-05T13:40:07.639Z","level":"INFO","service":"payment-service","message":"Cart session initialized"}
{"timestamp":"2026-07-05T13:40:20.857Z","level":"INFO","service":"user-service","message":"User added item to shopping cart"}
{"timestamp":"2026-07-05T13:40:41.249Z","level":"INFO","service":"notification-service","message":"Fetched product catalog data successfully"}
{"timestamp":"2026-07-05T13:41:15.021Z","level":"INFO","service":"cart-service","message":"User login credentials validated"}
{"timestamp":"2026-07-05T13:41:50.687Z","level":"WARN","service":"payment-service","message":"Database connection pool threshold reached (80%)"}
{"timestamp":"2026-07-05T13:41:58.780Z","level":"INFO","service":"user-service","message":"Payment authorization token acquired"}
{"timestamp":"2026-07-05T13:42:34.807Z","level":"INFO","service":"notification-service","message":"User added item to shopping cart"}
{"timestamp":"2026-07-05T13:42:44.929Z","level":"INFO","service":"cart-service","message":"Fetched product catalog data successfully"}
{"timestamp":"2026-07-05T13:42:55.044Z","level":"WARN","service":"user-service","message":"Database connection pool threshold reached (80%)"}
{"timestamp":"2026-07-05T13:43:09.429Z","level":"INFO","service":"user-service","message":"Fetched product catalog data successfully"}
{"timestamp":"2026-07-05T13:43:46.033Z","level":"WARN","service":"payment-service","message":"Database connection pool threshold reached (80%)"}
{"timestamp":"2026-07-05T13:44:13.573Z","level":"INFO","service":"notification-service","message":"Sending order email confirmation notification"}
{"timestamp":"2026-07-05T13:44:34.864Z","level":"INFO","service":"catalog-service","message":"Payment authorization token acquired"}
{"timestamp":"2026-07-05T13:45:08.884Z","level":"INFO","service":"notification-service","message":"Sending order email confirmation notification"}
{"timestamp":"2026-07-05T13:45:27.326Z","level":"ERROR","service":"cart-service","message":"Failed to retrieve exchange rate from external API provider","stack_trace":"java.io.IOException: connection reset by peer
\tat sun.net.www.http.HttpClient.parseHTTPHeader(HttpClient.java:712)
\tat sun.net.www.protocol.http.HttpURLConnection.getInputStream0(HttpURLConnection.java:1590) [req_ref: 0x49964e7]"}
{"timestamp":"2026-07-05T13:45:54.503Z","level":"INFO","service":"user-service","message":"Cart session initialized"}
{"timestamp":"2026-07-05T13:46:05.290Z","level":"WARN","service":"notification-service","message":"Database connection pool threshold reached (80%)"}
{"timestamp":"2026-07-05T13:46:40.583Z","level":"INFO","service":"user-service","message":"User login credentials validated"}
{"timestamp":"2026-07-05T13:47:09.248Z","level":"WARN","service":"notification-service","message":"Database connection pool threshold reached (80%)"}
{"timestamp":"2026-07-05T13:47:38.873Z","level":"INFO","service":"cart-service","message":"Sending order email confirmation notification"}
{"timestamp":"2026-07-05T13:47:52.023Z","level":"INFO","service":"payment-service","message":"User added item to shopping cart"}
{"timestamp":"2026-07-05T13:48:28.709Z","level":"WARN","service":"payment-service","message":"Database connection pool threshold reached (80%)"}
{"timestamp":"2026-07-05T13:49:00.373Z","level":"ERROR","service":"payment-service","message":"Failed to retrieve exchange rate from external API provider","stack_trace":"java.io.IOException: connection reset by peer
\tat sun.net.www.http.HttpClient.parseHTTPHeader(HttpClient.java:712)
\tat sun.net.www.protocol.http.HttpURLConnection.getInputStream0(HttpURLConnection.java:1590) [req_ref: 0x1bb6097]"}
{"timestamp":"2026-07-05T13:49:39.341Z","level":"INFO","service":"cart-service","message":"Cart session initialized"}
{"timestamp":"2026-07-05T13:50:15.685Z","level":"INFO","service":"payment-service","message":"User login credentials validated"}
{"timestamp":"2026-07-05T13:50:20.040Z","level":"INFO","service":"user-service","message":"Cart session initialized"}
{"timestamp":"2026-07-05T13:50:26.559Z","level":"INFO","service":"catalog-service","message":"Fetched product catalog data successfully"}
{"timestamp":"2026-07-05T13:50:36.311Z","level":"INFO","service":"catalog-service","message":"Fetched product catalog data successfully"}
{"timestamp":"2026-07-05T13:51:01.088Z","level":"INFO","service":"notification-service","message":"Fetched product catalog data successfully"}
{"timestamp":"2026-07-05T13:51:41.784Z","level":"INFO","service":"cart-service","message":"User login credentials validated"}
{"timestamp":"2026-07-05T13:51:59.843Z","level":"WARN","service":"payment-service","message":"Slow query detected on order history catalog lookup"}
{"timestamp":"2026-07-05T13:52:11.410Z","level":"INFO","service":"payment-service","message":"Fetched product catalog data successfully"}
{"timestamp":"2026-07-05T13:52:28.240Z","level":"WARN","service":"cart-service","message":"Database connection pool threshold reached (80%)"}
{"timestamp":"2026-07-05T13:52:46.390Z","level":"INFO","service":"notification-service","message":"Sending order email confirmation notification"}
{"timestamp":"2026-07-05T13:52:51.091Z","level":"INFO","service":"user-service","message":"Fetched product catalog data successfully"}
{"timestamp":"2026-07-05T13:52:58.603Z","level":"ERROR","service":"user-service","message":"Failed to retrieve exchange rate from external API provider","stack_trace":"java.io.IOException: connection reset by peer
\tat sun.net.www.http.HttpClient.parseHTTPHeader(HttpClient.java:712)
\tat sun.net.www.protocol.http.HttpURLConnection.getInputStream0(HttpURLConnection.java:1590) [req_ref: 0x55b88c4]"}
{"timestamp":"2026-07-05T13:53:07.566Z","level":"ERROR","service":"catalog-service","message":"Failed to retrieve exchange rate from external API provider","stack_trace":"java.io.IOException: connection reset by peer
\tat sun.net.www.http.HttpClient.parseHTTPHeader(HttpClient.java:712)
\tat sun.net.www.protocol.http.HttpURLConnection.getInputStream0(HttpURLConnection.java:1590) [req_ref: 0x181f957]"}
{"timestamp":"2026-07-05T13:53:31.874Z","level":"INFO","service":"notification-service","message":"Fetched product catalog data successfully"}
{"timestamp":"2026-07-05T13:53:47.539Z","level":"INFO","service":"payment-service","message":"Payment authorization token acquired"}
{"timestamp":"2026-07-05T13:54:09.066Z","level":"ERROR","service":"cart-service","message":"Failed to retrieve exchange rate from external API provider","stack_trace":"java.io.IOException: connection reset by peer
\tat sun.net.www.http.HttpClient.parseHTTPHeader(HttpClient.java:712)
\tat sun.net.www.protocol.http.HttpURLConnection.getInputStream0(HttpURLConnection.java:1590) [req_ref: 0x565aaf4]"}
{"timestamp":"2026-07-05T13:54:17.636Z","level":"INFO","service":"payment-service","message":"Fetched product catalog data successfully"}
{"timestamp":"2026-07-05T13:54:38.723Z","level":"WARN","service":"payment-service","message":"Slow query detected on order history catalog lookup"}
{"timestamp":"2026-07-05T13:55:09.434Z","level":"INFO","service":"user-service","message":"Sending order email confirmation notification"}
{"timestamp":"2026-07-05T13:55:40.403Z","level":"ERROR","service":"payment-service","message":"Failed to retrieve exchange rate from external API provider","stack_trace":"java.io.IOException: connection reset by peer
\tat sun.net.www.http.HttpClient.parseHTTPHeader(HttpClient.java:712)
\tat sun.net.www.protocol.http.HttpURLConnection.getInputStream0(HttpURLConnection.java:1590) [req_ref: 0x5bcd4ef]"
{"timestamp":"2026-07-05T13:55:50.143Z","level":"WARN","service":"payment-service","message":"Database connection pool threshold reached (80%)"}
{"timestamp":"2026-07-05T13:56:28.068Z","level":"INFO","service":"cart-service","message":"User login credentials validated"}
{"timestamp":"2026-07-05T13:57:02.915Z","level":"WARN","service":"cart-service","message":"Slow query detected on order history catalog lookup"}
{"timestamp":"2026-07-05T13:57:07.892Z","level":"INFO","service":"cart-service","message":"Sending order email confirmation notification"}
{"timestamp":"2026-07-05T13:57:16.848Z","level":"INFO","service":"user-service","message":"Fetched product catalog data successfully"}
{"timestamp":"2026-07-05T13:57:43.697Z","level":"INFO","service":"notification-service","message":"Sending order email confirmation notification"}
{"timestamp":"2026-07-05T13:58:03.008Z","level":"WARN","service":"notification-service","message":"Database connection pool threshold reached (80%)"}
{"timestamp":"2026-07-05T13:58:39.952Z","level":"WARN","service":"payment-service","message":"Slow query detected on order history catalog lookup"}
{"timestamp":"2026-07-05T13:59:16.297Z","level":"INFO","service":"payment-service","message":"User added item to shopping cart"}
{"timestamp":"2026-07-05T13:59:56.598Z","level":"INFO","service":"user-service","message":"User login credentials validated"}
{"timestamp":"2026-07-05T14:00:09.683Z","level":"INFO","service":"catalog-service","message":"Sending order email confirmation notification"}
{"timestamp":"2026-07-05T14:00:44.417Z","level":"INFO","service":"cart-service","message":"Fetched product catalog data successfully"}
{"timestamp":"2026-07-05T14:00:55.415Z","level":"WARN","service":"catalog-service","message":"Database connection pool threshold reached (80%)"}
{"timestamp":"2026-07-05T14:01:30.706Z","level":"ERROR","service":"user-service","message":"Failed to retrieve exchange rate from external API provider","stack_trace":"java.io.IOException: connection reset by peer
\tat sun.net.www.http.HttpClient.parseHTTPHeader(HttpClient.java:712)
\tat sun.net.www.protocol.http.HttpURLConnection.getInputStream0(HttpURLConnection.java:1590) [req_ref: 0x48ed6ae]"}
{"timestamp":"2026-07-05T14:01:43.673Z","level":"ERROR","service":"notification-service","message":"Failed to retrieve exchange rate from external API provider","stack_trace":"java.io.IOException: connection reset by peer
\tat sun.net.www.http.HttpClient.parseHTTPHeader(HttpClient.java:712)
\tat sun.net.www.protocol.http.HttpURLConnection.getInputStream0(HttpURLConnection.java:1590) [req_ref: 0x2547ac5]"}
{"timestamp":"2026-07-05T14:02:03.442Z","level":"ERROR","service":"notification-service","message":"Failed to retrieve exchange rate from external API provider","stack_trace":"java.io.IOException: connection reset by peer
\tat sun.net.www.http.HttpClient.parseHTTPHeader(HttpClient.java:712)
\tat sun.net.www.protocol.http.HttpURLConnection.getInputStream0(HttpURLConnection.java:1590) [req_ref: 0x5ea19dc]"}
{"timestamp":"2026-07-05T14:02:09.089Z","level":"INFO","service":"catalog-service","message":"Cart session initialized"}
{"timestamp":"2026-07-05T14:02:43.946Z","level":"INFO","service":"catalog-service","message":"Cart session initialized"}
{"timestamp":"2026-07-05T14:02:58.188Z","level":"WARN","service":"catalog-service","message":"Database connection pool threshold reached (80%)"}
{"timestamp":"2026-07-05T14:03:30.454Z","level":"ERROR","service":"notification-service","message":"Failed to retrieve exchange rate from external API provider","stack_trace":"java.io.IOException: connection reset by peer
\tat sun.net.www.http.HttpClient.parseHTTPHeader(HttpClient.java:712)
\tat sun.net.www.protocol.http.HttpURLConnection.getInputStream0(HttpURLConnection.java:1590) [req_ref: 0xaf82e3]"}
{"timestamp":"2026-07-05T14:03:47.458Z","level":"INFO","service":"catalog-service","message":"User added item to shopping cart"}
{"timestamp":"2026-07-05T14:04:17.836Z","level":"INFO","service":"cart-service","message":"Cart session initialized"}
{"timestamp":"2026-07-05T14:04:33.563Z","level":"ERROR","service":"notification-service","message":"Failed to retrieve exchange rate from external API provider","stack_trace":"java.io.IOException: connection reset by peer
\tat sun.net.www.http.HttpClient.parseHTTPHeader(HttpClient.java:712)
\tat sun.net.www.protocol.http.HttpURLConnection.getInputStream0(HttpURLConnection.java:1590) [req_ref: 0x57838be]"
{"timestamp":"2026-07-05T14:04:56.594Z","level":"INFO","service":"notification-service","message":"Sending order email confirmation notification"}
{"timestamp":"2026-07-05T14:05:21.579Z","level":"INFO","service":"notification-service","message":"User added item to shopping cart"}
{"timestamp":"2026-07-05T14:05:34.331Z","level":"WARN","service":"cart-service","message":"Slow query detected on order history catalog lookup"}
{"timestamp":"2026-07-05T14:06:09.476Z","level":"WARN","service":"payment-service","message":"Database connection pool threshold reached (80%)"}
{"timestamp":"2026-07-05T14:06:34.997Z","level":"WARN","service":"notification-service","message":"Slow query detected on order history catalog lookup"}
{"timestamp":"2026-07-05T14:07:03.303Z","level":"ERROR","service":"user-service","message":"Failed to retrieve exchange rate from external API provider","stack_trace":"java.io.IOException: connection reset by peer
\tat sun.net.www.http.HttpClient.parseHTTPHeader(HttpClient.java:712)
\tat sun.net.www.protocol.http.HttpURLConnection.getInputStream0(HttpURLConnection.java:1590) [req_ref: 0x219882e]"}
{"timestamp":"2026-07-05T14:07:31.982Z","level":"INFO","service":"notification-service","message":"Fetched product catalog data successfully"}
{"timestamp":"2026-07-05T14:07:56.030Z","level":"INFO","service":"user-service","message":"User login credentials validated"}
{"timestamp":"2026-07-05T14:08:08.791Z","level":"INFO","service":"catalog-service","message":"User added item to shopping cart"}
{"timestamp":"2026-07-05T14:08:37.337Z","level":"ERROR","service":"catalog-service","message":"Failed to retrieve exchange rate from external API provider","stack_trace":"java.io.IOException: connection reset by peer
\tat sun.net.www.http.HttpClient.parseHTTPHeader(HttpClient.java:712)
\tat sun.net.www.protocol.http.HttpURLConnection.getInputStream0(HttpURLConnection.java:1590) [req_ref: 0x541fb96]"
{"timestamp":"2026-07-05T14:08:46.976Z","level":"INFO","service":"payment-service","message":"Payment authorization token acquired"}
{"timestamp":"2026-07-05T14:09:16.359Z","level":"ERROR","service":"user-service","message":"Failed to retrieve exchange rate from external API provider","stack_trace":"java.io.IOException: connection reset by peer
\tat sun.net.www.http.HttpClient.parseHTTPHeader(HttpClient.java:712)
\tat sun.net.www.protocol.http.HttpURLConnection.getInputStream0(HttpURLConnection.java:1590) [req_ref: 0x4dbeb6e]"}
{"timestamp":"2026-07-05T14:09:28.861Z","level":"ERROR","service":"cart-service","message":"Failed to retrieve exchange rate from external API provider","stack_trace":"java.io.IOException: connection reset by peer
\tat sun.net.www.http.HttpClient.parseHTTPHeader(HttpClient.java:712)
\tat sun.net.www.protocol.http.HttpURLConnection.getInputStream0(HttpURLConnection.java:1590) [req_ref: 0x40637e9]"
{"timestamp":"2026-07-05T14:09:56.792Z","level":"INFO","service":"user-service","message":"Fetched product catalog data successfully"}
{"timestamp":"2026-07-05T14:10:12.268Z","level":"INFO","service":"cart-service","message":"Cart session initialized"}
{"timestamp":"2026-07-05T14:10:50.970Z","level":"ERROR","service":"catalog-service","message":"Failed to retrieve exchange rate from external API provider","stack_trace":"java.io.IOException: connection reset by peer
\tat sun.net.www.http.HttpClient.parseHTTPHeader(HttpClient.java:712)
\tat sun.net.www.protocol.http.HttpURLConnection.getInputStream0(HttpURLConnection.java:1590) [req_ref: 0x486b83e]"}
{"timestamp":"2026-07-05T14:11:24.050Z","level":"INFO","service":"payment-service","message":"Fetched product catalog data successfully"}
{"timestamp":"2026-07-05T14:11:38.603Z","level":"INFO","service":"payment-service","message":"Fetched product catalog data successfully"}
{"timestamp":"2026-07-05T14:11:50.104Z","level":"INFO","service":"payment-service","message":"Payment authorization token acquired"}
{"timestamp":"2026-07-05T14:11:55.065Z","level":"WARN","service":"notification-service","message":"Database connection pool threshold reached (80%)"}
{"timestamp":"2026-07-05T14:12:02.505Z","level":"INFO","service":"cart-service","message":"Cart session initialized"}
{"timestamp":"2026-07-05T14:12:08.411Z","level":"INFO","service":"notification-service","message":"Payment authorization token acquired"}
{"timestamp":"2026-07-05T14:12:22.185Z","level":"INFO","service":"payment-service","message":"Sending order email confirmation notification"}
{"timestamp":"2026-07-05T14:12:39.417Z","level":"INFO","service":"notification-service","message":"Sending order email confirmation notification"}
{"timestamp":"2026-07-05T14:12:51.649Z","level":"INFO","service":"notification-service","message":"Fetched product catalog data successfully"}
{"timestamp":"2026-07-05T14:13:20.172Z","level":"INFO","service":"user-service","message":"Fetched product catalog data successfully"}
{"timestamp":"2026-07-05T14:13:56.654Z","level":"INFO","service":"payment-service","message":"Fetched product catalog data successfully"}
{"timestamp":"2026-07-05T14:14:09.831Z","level":"INFO","service":"cart-service","message":"Cart session initialized"}
{"timestamp":"2026-07-05T14:14:38.666Z","level":"INFO","service":"catalog-service","message":"Cart session initialized"}
{"timestamp":"2026-07-05T14:14:59.718Z","level":"WARN","service":"notification-service","message":"Slow query detected on order history catalog lookup"}
{"timestamp":"2026-07-05T14:15:27.244Z","level":"INFO","service":"catalog-service","message":"User login credentials validated"}
{"timestamp":"2026-07-05T14:15:33.714Z","level":"WARN","service":"cart-service","message":"Slow query detected on order history catalog lookup"}
{"timestamp":"2026-07-05T14:15:43.826Z","level":"INFO","service":"cart-service","message":"User login credentials validated"}
{"timestamp":"2026-07-05T14:16:13.968Z","level":"INFO","service":"notification-service","message":"Payment authorization token acquired"}
{"timestamp":"2026-07-05T14:16:44.694Z","level":"INFO","service":"catalog-service","message":"User login credentials validated"}
{"timestamp":"2026-07-05T14:16:52.737Z","level":"ERROR","service":"catalog-service","message":"Failed to retrieve exchange rate from external API provider","stack_trace":"java.io.IOException: connection reset by peer
\tat sun.net.www.http.HttpClient.parseHTTPHeader(HttpClient.java:712)
\tat sun.net.www.protocol.http.HttpURLConnection.getInputStream0(HttpURLConnection.java:1590) [req_ref: 0x48a249a]"}
{"timestamp":"2026-07-05T14:17:20.661Z","level":"INFO","service":"cart-service","message":"User login credentials validated"}
{"timestamp":"2026-07-05T14:17:48.224Z","level":"INFO","service":"cart-service","message":"Payment authorization token acquired"}
{"timestamp":"2026-07-05T14:17:57.287Z","level":"WARN","service":"catalog-service","message":"Database connection pool threshold reached (80%)"}
{"timestamp":"2026-07-05T14:18:37.998Z","level":"WARN","service":"notification-service","message":"Database connection pool threshold reached (80%)"}
{"timestamp":"2026-07-05T14:19:04.949Z","level":"INFO","service":"notification-service","message":"Sending order email confirmation notification"}
{"timestamp":"2026-07-05T14:19:26.518Z","level":"INFO","service":"payment-service","message":"User login credentials validated"}
{"timestamp":"2026-07-05T14:20:06.759Z","level":"INFO","service":"payment-service","message":"Payment authorization token acquired"}
{"timestamp":"2026-07-05T14:20:46.967Z","level":"INFO","service":"catalog-service","message":"Cart session initialized"}
{"timestamp":"2026-07-05T14:21:17.852Z","level":"INFO","service":"catalog-service","message":"Sending order email confirmation notification"}
{"timestamp":"2026-07-05T14:21:49.401Z","level":"ERROR","service":"cart-service","message":"Failed to retrieve exchange rate from external API provider","stack_trace":"java.io.IOException: connection reset by peer
\tat sun.net.www.http.HttpClient.parseHTTPHeader(HttpClient.java:712)
\tat sun.net.www.protocol.http.HttpURLConnection.getInputStream0(HttpURLConnection.java:1590) [req_ref: 0x31a002c]"}
{"timestamp":"2026-07-05T14:21:55.881Z","level":"WARN","service":"catalog-service","message":"Slow query detected on order history catalog lookup"}
{"timestamp":"2026-07-05T14:22:23.537Z","level":"INFO","service":"catalog-service","message":"Fetched product catalog data successfully"}
{"timestamp":"2026-07-05T14:23:00.922Z","level":"INFO","service":"notification-service","message":"User login credentials validated"}
{"timestamp":"2026-07-05T14:23:20.162Z","level":"ERROR","service":"catalog-service","message":"Failed to retrieve exchange rate from external API provider","stack_trace":"java.io.IOException: connection reset by peer
\tat sun.net.www.http.HttpClient.parseHTTPHeader(HttpClient.java:712)
\tat sun.net.www.protocol.http.HttpURLConnection.getInputStream0(HttpURLConnection.java:1590) [req_ref: 0x257f593]"}
{"timestamp":"2026-07-05T14:23:41.307Z","level":"WARN","service":"payment-service","message":"Database connection pool threshold reached (80%)"}
{"timestamp":"2026-07-05T14:24:07.887Z","level":"INFO","service":"notification-service","message":"Fetched product catalog data successfully"}
{"timestamp":"2026-07-05T14:24:34.024Z","level":"INFO","service":"cart-service","message":"Payment authorization token acquired"}
{"timestamp":"2026-07-05T14:24:42.369Z","level":"INFO","service":"user-service","message":"Cart session initialized"}
{"timestamp":"2026-07-05T14:25:21.275Z","level":"WARN","service":"catalog-service","message":"Slow query detected on order history catalog lookup"}
{"timestamp":"2026-07-05T14:25:36.750Z","level":"INFO","service":"user-service","message":"Fetched product catalog data successfully"}
{"timestamp":"2026-07-05T14:26:10.201Z","level":"INFO","service":"cart-service","message":"Cart session initialized"}
{"timestamp":"2026-07-05T14:26:27.580Z","level":"WARN","service":"user-service","message":"Slow query detected on order history catalog lookup"}
{"timestamp":"2026-07-05T14:27:00.232Z","level":"INFO","service":"catalog-service","message":"Cart session initialized"}
{"timestamp":"2026-07-05T14:27:25.276Z","level":"INFO","service":"cart-service","message":"Fetched product catalog data successfully"}
{"timestamp":"2026-07-05T14:27:45.575Z","level":"INFO","service":"user-service","message":"User added item to shopping cart"}
{"timestamp":"2026-07-05T14:28:16.141Z","level":"ERROR","service":"cart-service","message":"Failed to retrieve exchange rate from external API provider","stack_trace":"java.io.IOException: connection reset by peer
\tat sun.net.www.http.HttpClient.parseHTTPHeader(HttpClient.java:712)
\tat sun.net.www.protocol.http.HttpURLConnection.getInputStream0(HttpURLConnection.java:1590) [req_ref: 0x367c5a0]"
{"timestamp":"2026-07-05T14:28:23.692Z","level":"INFO","service":"payment-service","message":"Fetched product catalog data successfully"}
{"timestamp":"2026-07-05T14:28:47.351Z","level":"INFO","service":"user-service","message":"Cart session initialized"}
{"timestamp":"2026-07-05T14:29:27.096Z","level":"INFO","service":"cart-service","message":"Sending order email confirmation notification"}
{"timestamp":"2026-07-05T14:29:53.232Z","level":"INFO","service":"user-service","message":"Cart session initialized"}
{"timestamp":"2026-07-05T14:30:27.610Z","level":"INFO","service":"cart-service","message":"Sending order email confirmation notification"}
{"timestamp":"2026-07-05T14:30:46.768Z","level":"INFO","service":"catalog-service","message":"Payment authorization token acquired"}
{"timestamp":"2026-07-05T14:31:03.080Z","level":"INFO","service":"user-service","message":"User added item to shopping cart"}
{"timestamp":"2026-07-05T14:31:17.244Z","level":"INFO","service":"cart-service","message":"Fetched product catalog data successfully"}
{"timestamp":"2026-07-05T14:31:39.889Z","level":"WARN","service":"payment-service","message":"Database connection pool threshold reached (80%)"}
{"timestamp":"2026-07-05T14:32:06.189Z","level":"INFO","service":"catalog-service","message":"User login credentials validated"}
{"timestamp":"2026-07-05T14:32:20.564Z","level":"WARN","service":"catalog-service","message":"Database connection pool threshold reached (80%)"}
{"timestamp":"2026-07-05T14:32:36.825Z","level":"INFO","service":"cart-service","message":"User added item to shopping cart"}
{"timestamp":"2026-07-05T14:32:44.536Z","level":"WARN","service":"cart-service","message":"Slow query detected on order history catalog lookup"}
{"timestamp":"2026-07-05T14:33:03.541Z","level":"ERROR","service":"payment-service","message":"Failed to retrieve exchange rate from external API provider","stack_trace":"java.io.IOException: connection reset by peer
\tat sun.net.www.http.HttpClient.parseHTTPHeader(HttpClient.java:712)
\tat sun.net.www.protocol.http.HttpURLConnection.getInputStream0(HttpURLConnection.java:1590) [req_ref: 0x3659655]"}
{"timestamp":"2026-07-05T14:33:29.977Z","level":"INFO","service":"user-service","message":"User login credentials validated"}
{"timestamp":"2026-07-05T14:34:01.041Z","level":"INFO","service":"notification-service","message":"User added item to shopping cart"}
{"timestamp":"2026-07-05T14:34:20.331Z","level":"INFO","service":"user-service","message":"User added item to shopping cart"}
{"timestamp":"2026-07-05T14:34:55.681Z","level":"INFO","service":"cart-service","message":"Payment authorization token acquired"}
{"timestamp":"2026-07-05T14:35:22.320Z","level":"WARN","service":"payment-service","message":"Slow query detected on order history catalog lookup"}
{"timestamp":"2026-07-05T14:35:29.945Z","level":"INFO","service":"catalog-service","message":"Cart session initialized"}
{"timestamp":"2026-07-05T14:36:04.190Z","level":"INFO","service":"notification-service","message":"User added item to shopping cart"}
{"timestamp":"2026-07-05T14:36:35.466Z","level":"INFO","service":"payment-service","message":"Sending order email confirmation notification"}
{"timestamp":"2026-07-05T14:37:08.256Z","level":"INFO","service":"catalog-service","message":"User added item to shopping cart"}
{"timestamp":"2026-07-05T14:37:21.866Z","level":"INFO","service":"user-service","message":"Payment authorization token acquired"}
{"timestamp":"2026-07-05T14:37:56.383Z","level":"INFO","service":"catalog-service","message":"Cart session initialized"}
{"timestamp":"2026-07-05T14:38:28.263Z","level":"INFO","service":"user-service","message":"Cart session initialized"}
{"timestamp":"2026-07-05T14:39:00.029Z","level":"INFO","service":"notification-service","message":"User login credentials validated"}
{"timestamp":"2026-07-05T14:39:38.121Z","level":"WARN","service":"notification-service","message":"Slow query detected on order history catalog lookup"}
{"timestamp":"2026-07-05T14:40:08.163Z","level":"INFO","service":"user-service","message":"Fetched product catalog data successfully"}
{"timestamp":"2026-07-05T14:40:40.584Z","level":"INFO","service":"payment-service","message":"User added item to shopping cart"}
{"timestamp":"2026-07-05T14:41:12.246Z","level":"INFO","service":"user-service","message":"Sending order email confirmation notification"}
{"timestamp":"2026-07-05T14:41:38.972Z","level":"WARN","service":"user-service","message":"Database connection pool threshold reached (80%)"}
{"timestamp":"2026-07-05T14:42:14.963Z","level":"INFO","service":"user-service","message":"User login credentials validated"}
{"timestamp":"2026-07-05T14:42:40.033Z","level":"ERROR","service":"cart-service","message":"Failed to retrieve exchange rate from external API provider","stack_trace":"java.io.IOException: connection reset by peer
\tat sun.net.www.http.HttpClient.parseHTTPHeader(HttpClient.java:712)
\tat sun.net.www.protocol.http.HttpURLConnection.getInputStream0(HttpURLConnection.java:1590) [req_ref: 0x1bd1f19]"}
{"timestamp":"2026-07-05T14:42:53.936Z","level":"WARN","service":"catalog-service","message":"Slow query detected on order history catalog lookup"}
{"timestamp":"2026-07-05T14:43:12.692Z","level":"INFO","service":"user-service","message":"Cart session initialized"}
{"timestamp":"2026-07-05T14:43:30.287Z","level":"ERROR","service":"payment-service","message":"Failed to retrieve exchange rate from external API provider","stack_trace":"java.io.IOException: connection reset by peer
\tat sun.net.www.http.HttpClient.parseHTTPHeader(HttpClient.java:712)
\tat sun.net.www.protocol.http.HttpURLConnection.getInputStream0(HttpURLConnection.java:1590) [req_ref: 0x50b62a4]"}
{"timestamp":"2026-07-05T14:43:37.315Z","level":"INFO","service":"notification-service","message":"Payment authorization token acquired"}
{"timestamp":"2026-07-05T14:43:47.673Z","level":"INFO","service":"cart-service","message":"Cart session initialized"}
{"timestamp":"2026-07-05T14:43:55.148Z","level":"INFO","service":"cart-service","message":"Sending order email confirmation notification"}
{"timestamp":"2026-07-05T14:44:25.304Z","level":"INFO","service":"cart-service","message":"Fetched product catalog data successfully"}
{"timestamp":"2026-07-05T14:44:39.566Z","level":"INFO","service":"payment-service","message":"Sending order email confirmation notification"}
{"timestamp":"2026-07-05T14:44:50.252Z","level":"INFO","service":"cart-service","message":"Cart session initialized"}
{"timestamp":"2026-07-05T14:45:25.370Z","level":"WARN","service":"cart-service","message":"Slow query detected on order history catalog lookup"}
{"timestamp":"2026-07-05T14:45:54.477Z","level":"INFO","service":"payment-service","message":"User added item to shopping cart"}
{"timestamp":"2026-07-05T14:46:06.735Z","level":"INFO","service":"cart-service","message":"User login credentials validated"}
{"timestamp":"2026-07-05T14:46:12.766Z","level":"INFO","service":"cart-service","message":"User login credentials validated"}
{"timestamp":"2026-07-05T14:46:29.916Z","level":"ERROR","service":"user-service","message":"Failed to retrieve exchange rate from external API provider","stack_trace":"java.io.IOException: connection reset by peer
\tat sun.net.www.http.HttpClient.parseHTTPHeader(HttpClient.java:712)
\tat sun.net.www.protocol.http.HttpURLConnection.getInputStream0(HttpURLConnection.java:1590) [req_ref: 0x2389598]"}
{"timestamp":"2026-07-05T14:46:49.446Z","level":"INFO","service":"notification-service","message":"Payment authorization token acquired"}
{"timestamp":"2026-07-05T14:47:08.937Z","level":"INFO","service":"user-service","message":"Fetched product catalog data successfully"}
{"timestamp":"2026-07-05T14:47:23.680Z","level":"WARN","service":"notification-service","message":"Slow query detected on order history catalog lookup"}
{"timestamp":"2026-07-05T14:47:58.121Z","level":"INFO","service":"user-service","message":"Payment authorization token acquired"}
{"timestamp":"2026-07-05T14:48:04.417Z","level":"INFO","service":"payment-service","message":"User added item to shopping cart"}
{"timestamp":"2026-07-05T14:48:38.619Z","level":"WARN","service":"payment-service","message":"Database connection pool threshold reached (80%)"}
{"timestamp":"2026-07-05T14:49:04.828Z","level":"WARN","service":"user-service","message":"Slow query detected on order history catalog lookup"}
{"timestamp":"2026-07-05T14:49:22.877Z","level":"ERROR","service":"payment-service","message":"Failed to retrieve exchange rate from external API provider","stack_trace":"java.io.IOException: connection reset by peer
\tat sun.net.www.http.HttpClient.parseHTTPHeader(HttpClient.java:712)
\tat sun.net.www.protocol.http.HttpURLConnection.getInputStream0(HttpURLConnection.java:1590) [req_ref: 0x17d0701]"}
{"timestamp":"2026-07-05T14:49:36.701Z","level":"INFO","service":"notification-service","message":"User added item to shopping cart"}
{"timestamp":"2026-07-05T14:49:44.748Z","level":"WARN","service":"notification-service","message":"Slow query detected on order history catalog lookup"}
{"timestamp":"2026-07-05T14:50:03.839Z","level":"INFO","service":"notification-service","message":"Cart session initialized"}
{"timestamp":"2026-07-05T14:50:18.100Z","level":"ERROR","service":"notification-service","message":"Failed to retrieve exchange rate from external API provider","stack_trace":"java.io.IOException: connection reset by peer
\tat sun.net.www.http.HttpClient.parseHTTPHeader(HttpClient.java:712)
\tat sun.net.www.protocol.http.HttpURLConnection.getInputStream0(HttpURLConnection.java:1590) [req_ref: 0x290c6a8]"}
{"timestamp":"2026-07-05T14:50:27.805Z","level":"WARN","service":"cart-service","message":"Slow query detected on order history catalog lookup"}
{"timestamp":"2026-07-05T14:50:45.695Z","level":"WARN","service":"catalog-service","message":"Database connection pool threshold reached (80%)"}
{"timestamp":"2026-07-05T14:51:20.116Z","level":"INFO","service":"user-service","message":"Payment authorization token acquired"}
{"timestamp":"2026-07-05T14:51:33.578Z","level":"WARN","service":"notification-service","message":"Slow query detected on order history catalog lookup"}
{"timestamp":"2026-07-05T14:52:09.001Z","level":"INFO","service":"catalog-service","message":"User login credentials validated"}
{"timestamp":"2026-07-05T14:52:36.870Z","level":"INFO","service":"notification-service","message":"User added item to shopping cart"}
{"timestamp":"2026-07-05T14:53:04.884Z","level":"INFO","service":"payment-service","message":"Fetched product catalog data successfully"}
{"timestamp":"2026-07-05T14:53:25.280Z","level":"INFO","service":"cart-service","message":"Fetched product catalog data successfully"}
{"timestamp":"2026-07-05T14:53:30.828Z","level":"INFO","service":"payment-service","message":"Fetched product catalog data successfully"}
{"timestamp":"2026-07-05T14:53:43.794Z","level":"ERROR","service":"catalog-service","message":"Failed to retrieve exchange rate from external API provider","stack_trace":"java.io.IOException: connection reset by peer
\tat sun.net.www.http.HttpClient.parseHTTPHeader(HttpClient.java:712)
\tat sun.net.www.protocol.http.HttpURLConnection.getInputStream0(HttpURLConnection.java:1590) [req_ref: 0x28c5f8c]"}
{"timestamp":"2026-07-05T14:54:23.627Z","level":"INFO","service":"user-service","message":"Sending order email confirmation notification"}
{"timestamp":"2026-07-05T14:54:47.653Z","level":"INFO","service":"cart-service","message":"Fetched product catalog data successfully"}
{"timestamp":"2026-07-05T14:55:02.608Z","level":"ERROR","service":"cart-service","message":"Failed to retrieve exchange rate from external API provider","stack_trace":"java.io.IOException: connection reset by peer
\tat sun.net.www.http.HttpClient.parseHTTPHeader(HttpClient.java:712)
\tat sun.net.www.protocol.http.HttpURLConnection.getInputStream0(HttpURLConnection.java:1590) [req_ref: 0x3cb4e85]"}
{"timestamp":"2026-07-05T14:55:32.048Z","level":"INFO","service":"payment-service","message":"Fetched product catalog data successfully"}
{"timestamp":"2026-07-05T14:55:54.008Z","level":"INFO","service":"notification-service","message":"Sending order email confirmation notification"}
{"timestamp":"2026-07-05T14:56:16.417Z","level":"INFO","service":"catalog-service","message":"Payment authorization token acquired"}
{"timestamp":"2026-07-05T14:56:40.640Z","level":"ERROR","service":"user-service","message":"Failed to retrieve exchange rate from external API provider","stack_trace":"java.io.IOException: connection reset by peer
\tat sun.net.www.http.HttpClient.parseHTTPHeader(HttpClient.java:712)
\tat sun.net.www.protocol.http.HttpURLConnection.getInputStream0(HttpURLConnection.java:1590) [req_ref: 0x1c3ff20]"}
{"timestamp":"2026-07-05T14:57:12.554Z","level":"INFO","service":"notification-service","message":"User added item to shopping cart"}
{"timestamp":"2026-07-05T14:57:19.077Z","level":"ERROR","service":"payment-service","message":"Failed to retrieve exchange rate from external API provider","stack_trace":"java.io.IOException: connection reset by peer
\tat sun.net.www.http.HttpClient.parseHTTPHeader(HttpClient.java:712)
\tat sun.net.www.protocol.http.HttpURLConnection.getInputStream0(HttpURLConnection.java:1590) [req_ref: 0x5ea9229]"
{"timestamp":"2026-07-05T14:57:35.073Z","level":"INFO","service":"user-service","message":"Payment authorization token acquired"}
{"timestamp":"2026-07-05T14:57:46.249Z","level":"INFO","service":"payment-service","message":"User login credentials validated"}
{"timestamp":"2026-07-05T14:58:15.061Z","level":"ERROR","service":"user-service","message":"Failed to retrieve exchange rate from external API provider","stack_trace":"java.io.IOException: connection reset by peer
\tat sun.net.www.http.HttpClient.parseHTTPHeader(HttpClient.java:712)
\tat sun.net.www.protocol.http.HttpURLConnection.getInputStream0(HttpURLConnection.java:1590) [req_ref: 0x3148038]"
{"timestamp":"2026-07-05T14:58:20.100Z","level":"ERROR","service":"payment-service","message":"Failed to retrieve exchange rate from external API provider","stack_trace":"java.io.IOException: connection reset by peer
\tat sun.net.www.http.HttpClient.parseHTTPHeader(HttpClient.java:712)
\tat sun.net.www.protocol.http.HttpURLConnection.getInputStream0(HttpURLConnection.java:1590) [req_ref: 0x5db37a6]"}
{"timestamp":"2026-07-05T14:58:48.815Z","level":"INFO","service":"payment-service","message":"Cart session initialized"}
{"timestamp":"2026-07-05T14:58:55.789Z","level":"INFO","service":"notification-service","message":"Sending order email confirmation notification"}
{"timestamp":"2026-07-05T14:59:04.902Z","level":"ERROR","service":"catalog-service","message":"Failed to retrieve exchange rate from external API provider","stack_trace":"java.io.IOException: connection reset by peer
\tat sun.net.www.http.HttpClient.parseHTTPHeader(HttpClient.java:712)
\tat sun.net.www.protocol.http.HttpURLConnection.getInputStream0(HttpURLConnection.java:1590) [req_ref: 0x1918a27]"}
{"timestamp":"2026-07-05T14:59:35.227Z","level":"INFO","service":"catalog-service","message":"Fetched product catalog data successfully"}
{"timestamp":"2026-07-05T14:59:55.550Z","level":"INFO","service":"notification-service","message":"User added item to shopping cart"}
{"timestamp":"2026-07-05T15:00:30.251Z","level":"INFO","service":"catalog-service","message":"Fetched product catalog data successfully"}
{"timestamp":"2026-07-05T15:01:04.767Z","level":"INFO","service":"notification-service","message":"User login credentials validated"}
{"timestamp":"2026-07-05T15:01:40.438Z","level":"INFO","service":"catalog-service","message":"Cart session initialized"}
{"timestamp":"2026-07-05T15:01:47.043Z","level":"INFO","service":"user-service","message":"Payment authorization token acquired"}
{"timestamp":"2026-07-05T15:02:00.082Z","level":"INFO","service":"cart-service","message":"User added item to shopping cart"}
{"timestamp":"2026-07-05T15:02:08.989Z","level":"INFO","service":"catalog-service","message":"Fetched product catalog data successfully"}
{"timestamp":"2026-07-05T15:02:42.116Z","level":"INFO","service":"catalog-service","message":"Sending order email confirmation notification"}
{"timestamp":"2026-07-05T15:03:04.574Z","level":"INFO","service":"cart-service","message":"Fetched product catalog data successfully"}
{"timestamp":"2026-07-05T15:03:43.858Z","level":"INFO","service":"notification-service","message":"Payment authorization token acquired"}
{"timestamp":"2026-07-05T15:03:54.184Z","level":"WARN","service":"payment-service","message":"Slow query detected on order history catalog lookup"}
{"timestamp":"2026-07-05T15:03:59.541Z","level":"INFO","service":"cart-service","message":"User added item to shopping cart"}
{"timestamp":"2026-07-05T15:04:11.903Z","level":"INFO","service":"notification-service","message":"User added item to shopping cart"}
{"timestamp":"2026-07-05T15:04:32.817Z","level":"INFO","service":"cart-service","message":"Payment authorization token acquired"}
{"timestamp":"2026-07-05T15:04:53.957Z","level":"WARN","service":"cart-service","message":"Database connection pool threshold reached (80%)"}
{"timestamp":"2026-07-05T15:05:28.145Z","level":"WARN","service":"notification-service","message":"Database connection pool threshold reached (80%)"}
{"timestamp":"2026-07-05T15:05:55.346Z","level":"INFO","service":"catalog-service","message":"User added item to shopping cart"}
{"timestamp":"2026-07-05T15:06:11.464Z","level":"WARN","service":"catalog-service","message":"Slow query detected on order history catalog lookup"}
{"timestamp":"2026-07-05T15:06:21.241Z","level":"WARN","service":"catalog-service","message":"Slow query detected on order history catalog lookup"}
{"timestamp":"2026-07-05T15:06:33.704Z","level":"ERROR","service":"notification-service","message":"Failed to retrieve exchange rate from external API provider","stack_trace":"java.io.IOException: connection reset by peer
\tat sun.net.www.http.HttpClient.parseHTTPHeader(HttpClient.java:712)
\tat sun.net.www.protocol.http.HttpURLConnection.getInputStream0(HttpURLConnection.java:1590) [req_ref: 0x3eb1182]"}
{"timestamp":"2026-07-05T15:07:05.246Z","level":"INFO","service":"notification-service","message":"Payment authorization token acquired"}
{"timestamp":"2026-07-05T15:07:35.109Z","level":"WARN","service":"payment-service","message":"Database connection pool threshold reached (80%)"}
{"timestamp":"2026-07-05T15:08:04.945Z","level":"ERROR","service":"catalog-service","message":"Failed to retrieve exchange rate from external API provider","stack_trace":"java.io.IOException: connection reset by peer
\tat sun.net.www.http.HttpClient.parseHTTPHeader(HttpClient.java:712)
\tat sun.net.www.protocol.http.HttpURLConnection.getInputStream0(HttpURLConnection.java:1590) [req_ref: 0x2589b0d]"}
{"timestamp":"2026-07-05T15:08:32.372Z","level":"INFO","service":"catalog-service","message":"Sending order email confirmation notification"}
{"timestamp":"2026-07-05T15:09:06.100Z","level":"ERROR","service":"payment-service","message":"Failed to retrieve exchange rate from external API provider","stack_trace":"java.io.IOException: connection reset by peer
\tat sun.net.www.http.HttpClient.parseHTTPHeader(HttpClient.java:712)
\tat sun.net.www.protocol.http.HttpURLConnection.getInputStream0(HttpURLConnection.java:1590) [req_ref: 0x4cb4827]"}
{"timestamp":"2026-07-05T15:09:29.842Z","level":"INFO","service":"user-service","message":"Cart session initialized"}
{"timestamp":"2026-07-05T15:09:42.222Z","level":"WARN","service":"cart-service","message":"Database connection pool threshold reached (80%)"}
{"timestamp":"2026-07-05T15:09:51.309Z","level":"WARN","service":"cart-service","message":"Database connection pool threshold reached (80%)"}
{"timestamp":"2026-07-05T15:10:20.180Z","level":"WARN","service":"catalog-service","message":"Database connection pool threshold reached (80%)"}
{"timestamp":"2026-07-05T15:10:38.744Z","level":"INFO","service":"payment-service","message":"Fetched product catalog data successfully"}
{"timestamp":"2026-07-05T15:11:01.974Z","level":"INFO","service":"user-service","message":"User added item to shopping cart"}
{"timestamp":"2026-07-05T15:11:35.426Z","level":"INFO","service":"user-service","message":"User login credentials validated"}
{"timestamp":"2026-07-05T15:11:51.641Z","level":"INFO","service":"user-service","message":"Payment authorization token acquired"}
{"timestamp":"2026-07-05T15:12:07.302Z","level":"INFO","service":"notification-service","message":"Sending order email confirmation notification"}
{"timestamp":"2026-07-05T15:12:19.615Z","level":"ERROR","service":"catalog-service","message":"Failed to retrieve exchange rate from external API provider","stack_trace":"java.io.IOException: connection reset by peer
\tat sun.net.www.http.HttpClient.parseHTTPHeader(HttpClient.java:712)
\tat sun.net.www.protocol.http.HttpURLConnection.getInputStream0(HttpURLConnection.java:1590) [req_ref: 0x3f7d0f3]"}
{"timestamp":"2026-07-05T15:12:50.268Z","level":"INFO","service":"catalog-service","message":"Fetched product catalog data successfully"}
{"timestamp":"2026-07-05T15:13:11.397Z","level":"WARN","service":"cart-service","message":"Database connection pool threshold reached (80%)"}
{"timestamp":"2026-07-05T15:13:50.578Z","level":"ERROR","service":"catalog-service","message":"Failed to retrieve exchange rate from external API provider","stack_trace":"java.io.IOException: connection reset by peer
\tat sun.net.www.http.HttpClient.parseHTTPHeader(HttpClient.java:712)
\tat sun.net.www.protocol.http.HttpURLConnection.getInputStream0(HttpURLConnection.java:1590) [req_ref: 0x475d89d]"}
{"timestamp":"2026-07-05T15:14:08.386Z","level":"ERROR","service":"notification-service","message":"Failed to retrieve exchange rate from external API provider","stack_trace":"java.io.IOException: connection reset by peer
\tat sun.net.www.http.HttpClient.parseHTTPHeader(HttpClient.java:712)
\tat sun.net.www.protocol.http.HttpURLConnection.getInputStream0(HttpURLConnection.java:1590) [req_ref: 0x2725843]"
{"timestamp":"2026-07-05T15:14:30.554Z","level":"WARN","service":"payment-service","message":"Slow query detected on order history catalog lookup"}
{"timestamp":"2026-07-05T15:14:49.411Z","level":"INFO","service":"payment-service","message":"User added item to shopping cart"}
{"timestamp":"2026-07-05T15:15:16.590Z","level":"INFO","service":"payment-service","message":"Cart session initialized"}
{"timestamp":"2026-07-05T15:15:28.677Z","level":"WARN","service":"payment-service","message":"Slow query detected on order history catalog lookup"}
{"timestamp":"2026-07-05T15:15:36.392Z","level":"INFO","service":"cart-service","message":"Sending order email confirmation notification"}
{"timestamp":"2026-07-05T15:15:58.065Z","level":"INFO","service":"user-service","message":"User login credentials validated"}
{"timestamp":"2026-07-05T15:16:06.386Z","level":"INFO","service":"payment-service","message":"User added item to shopping cart"}
{"timestamp":"2026-07-05T15:16:16.556Z","level":"INFO","service":"catalog-service","message":"Cart session initialized"}
{"timestamp":"2026-07-05T15:16:29.525Z","level":"INFO","service":"payment-service","message":"User login credentials validated"}
{"timestamp":"2026-07-05T15:17:04.127Z","level":"INFO","service":"notification-service","message":"Sending order email confirmation notification"}
{"timestamp":"2026-07-05T15:17:10.089Z","level":"INFO","service":"notification-service","message":"User added item to shopping cart"}
{"timestamp":"2026-07-05T15:17:43.713Z","level":"WARN","service":"notification-service","message":"Database connection pool threshold reached (80%)"}
{"timestamp":"2026-07-05T15:17:51.868Z","level":"INFO","service":"catalog-service","message":"Payment authorization token acquired"}
{"timestamp":"2026-07-05T15:18:24.538Z","level":"ERROR","service":"notification-service","message":"Failed to retrieve exchange rate from external API provider","stack_trace":"java.io.IOException: connection reset by peer
\tat sun.net.www.http.HttpClient.parseHTTPHeader(HttpClient.java:712)
\tat sun.net.www.protocol.http.HttpURLConnection.getInputStream0(HttpURLConnection.java:1590) [req_ref: 0x5d86bf9]"}
{"timestamp":"2026-07-05T15:18:59.915Z","level":"WARN","service":"cart-service","message":"Slow query detected on order history catalog lookup"}
{"timestamp":"2026-07-05T15:19:07.323Z","level":"INFO","service":"payment-service","message":"Cart session initialized"}
{"timestamp":"2026-07-05T15:19:18.502Z","level":"INFO","service":"user-service","message":"User added item to shopping cart"}
{"timestamp":"2026-07-05T15:19:40.559Z","level":"INFO","service":"catalog-service","message":"Payment authorization token acquired"}
{"timestamp":"2026-07-05T15:20:11.364Z","level":"INFO","service":"notification-service","message":"User added item to shopping cart"}
{"timestamp":"2026-07-05T15:20:51.634Z","level":"INFO","service":"notification-service","message":"User added item to shopping cart"}
{"timestamp":"2026-07-05T15:20:56.443Z","level":"WARN","service":"user-service","message":"Slow query detected on order history catalog lookup"}
{"timestamp":"2026-07-05T15:21:14.647Z","level":"WARN","service":"cart-service","message":"Database connection pool threshold reached (80%)"}
{"timestamp":"2026-07-05T15:21:34.096Z","level":"INFO","service":"catalog-service","message":"Sending order email confirmation notification"}
{"timestamp":"2026-07-05T15:21:45.172Z","level":"WARN","service":"notification-service","message":"Slow query detected on order history catalog lookup"}
{"timestamp":"2026-07-05T15:22:13.852Z","level":"WARN","service":"cart-service","message":"Slow query detected on order history catalog lookup"}
{"timestamp":"2026-07-05T15:22:29.762Z","level":"INFO","service":"catalog-service","message":"User added item to shopping cart"}
{"timestamp":"2026-07-05T15:23:00.611Z","level":"WARN","service":"cart-service","message":"Database connection pool threshold reached (80%)"}
{"timestamp":"2026-07-05T15:23:18.499Z","level":"ERROR","service":"notification-service","message":"Failed to retrieve exchange rate from external API provider","stack_trace":"java.io.IOException: connection reset by peer
\tat sun.net.www.http.HttpClient.parseHTTPHeader(HttpClient.java:712)
\tat sun.net.www.protocol.http.HttpURLConnection.getInputStream0(HttpURLConnection.java:1590) [req_ref: 0x12a0efc]"
{"timestamp":"2026-07-05T15:23:36.538Z","level":"INFO","service":"notification-service","message":"Fetched product catalog data successfully"}
{"timestamp":"2026-07-05T15:24:06.543Z","level":"INFO","service":"payment-service","message":"Fetched product catalog data successfully"}
{"timestamp":"2026-07-05T15:24:18.781Z","level":"INFO","service":"payment-service","message":"Fetched product catalog data successfully"}
{"timestamp":"2026-07-05T15:24:54.078Z","level":"WARN","service":"catalog-service","message":"Slow query detected on order history catalog lookup"}
{"timestamp":"2026-07-05T15:25:21.193Z","level":"INFO","service":"payment-service","message":"User added item to shopping cart"}
{"timestamp":"2026-07-05T15:25:50.227Z","level":"WARN","service":"payment-service","message":"Database connection pool threshold reached (80%)"}
{"timestamp":"2026-07-05T15:26:02.821Z","level":"INFO","service":"payment-service","message":"User added item to shopping cart"}
{"timestamp":"2026-07-05T15:26:37.628Z","level":"INFO","service":"notification-service","message":"Payment authorization token acquired"}
{"timestamp":"2026-07-05T15:26:59.592Z","level":"INFO","service":"user-service","message":"Fetched product catalog data successfully"}
{"timestamp":"2026-07-05T15:27:23.705Z","level":"INFO","service":"notification-service","message":"Fetched product catalog data successfully"}
{"timestamp":"2026-07-05T15:27:43.487Z","level":"INFO","service":"payment-service","message":"Payment authorization token acquired"}
{"timestamp":"2026-07-05T15:28:06.380Z","level":"INFO","service":"notification-service","message":"Payment authorization token acquired"}
{"timestamp":"2026-07-05T15:28:43.230Z","level":"WARN","service":"cart-service","message":"Database connection pool threshold reached (80%)"}
{"timestamp":"2026-07-05T15:29:03.696Z","level":"ERROR","service":"notification-service","message":"Failed to retrieve exchange rate from external API provider","stack_trace":"java.io.IOException: connection reset by peer
\tat sun.net.www.http.HttpClient.parseHTTPHeader(HttpClient.java:712)
\tat sun.net.www.protocol.http.HttpURLConnection.getInputStream0(HttpURLConnection.java:1590) [req_ref: 0x195d930]"
{"timestamp":"2026-07-05T15:29:25.750Z","level":"INFO","service":"payment-service","message":"Cart session initialized"}
{"timestamp":"2026-07-05T15:29:39.932Z","level":"INFO","service":"cart-service","message":"Payment authorization token acquired"}
{"timestamp":"2026-07-05T15:29:50.448Z","level":"INFO","service":"cart-service","message":"User added item to shopping cart"}
{"timestamp":"2026-07-05T15:30:06.330Z","level":"INFO","service":"notification-service","message":"User added item to shopping cart"}
{"timestamp":"2026-07-05T15:30:27.852Z","level":"WARN","service":"catalog-service","message":"Database connection pool threshold reached (80%)"}
{"timestamp":"2026-07-05T15:30:43.926Z","level":"INFO","service":"user-service","message":"Cart session initialized"}
{"timestamp":"2026-07-05T15:31:00.415Z","level":"INFO","service":"user-service","message":"User added item to shopping cart"}
{"timestamp":"2026-07-05T15:31:39.404Z","level":"INFO","service":"payment-service","message":"User login credentials validated"}
{"timestamp":"2026-07-05T15:32:06.264Z","level":"INFO","service":"user-service","message":"Sending order email confirmation notification"}
{"timestamp":"2026-07-05T15:32:46.257Z","level":"INFO","service":"cart-service","message":"Sending order email confirmation notification"}
{"timestamp":"2026-07-05T15:32:57.321Z","level":"INFO","service":"catalog-service","message":"Sending order email confirmation notification"}
{"timestamp":"2026-07-05T15:33:05.617Z","level":"INFO","service":"payment-service","message":"Fetched product catalog data successfully"}
{"timestamp":"2026-07-05T15:33:40.612Z","level":"ERROR","service":"catalog-service","message":"Failed to retrieve exchange rate from external API provider","stack_trace":"java.io.IOException: connection reset by peer
\tat sun.net.www.http.HttpClient.parseHTTPHeader(HttpClient.java:712)
\tat sun.net.www.protocol.http.HttpURLConnection.getInputStream0(HttpURLConnection.java:1590) [req_ref: 0x5e34b3a]"}
{"timestamp":"2026-07-05T15:33:47.666Z","level":"WARN","service":"notification-service","message":"Database connection pool threshold reached (80%)"}
{"timestamp":"2026-07-05T15:34:11.371Z","level":"ERROR","service":"notification-service","message":"Failed to retrieve exchange rate from external API provider","stack_trace":"java.io.IOException: connection reset by peer
\tat sun.net.www.http.HttpClient.parseHTTPHeader(HttpClient.java:712)
\tat sun.net.www.protocol.http.HttpURLConnection.getInputStream0(HttpURLConnection.java:1590) [req_ref: 0x45086da]"
{"timestamp":"2026-07-05T15:34:33.936Z","level":"ERROR","service":"user-service","message":"Failed to retrieve exchange rate from external API provider","stack_trace":"java.io.IOException: connection reset by peer
\tat sun.net.www.http.HttpClient.parseHTTPHeader(HttpClient.java:712)
\tat sun.net.www.protocol.http.HttpURLConnection.getInputStream0(HttpURLConnection.java:1590) [req_ref: 0x57c7cb8]"}
{"timestamp":"2026-07-05T15:34:49.719Z","level":"WARN","service":"user-service","message":"Slow query detected on order history catalog lookup"}
{"timestamp":"2026-07-05T15:35:24.651Z","level":"INFO","service":"payment-service","message":"Payment authorization token acquired"}
{"timestamp":"2026-07-05T15:35:34.428Z","level":"ERROR","service":"catalog-service","message":"Failed to retrieve exchange rate from external API provider","stack_trace":"java.io.IOException: connection reset by peer
\tat sun.net.www.http.HttpClient.parseHTTPHeader(HttpClient.java:712)
\tat sun.net.www.protocol.http.HttpURLConnection.getInputStream0(HttpURLConnection.java:1590) [req_ref: 0x11c6bec]"
{"timestamp":"2026-07-05T15:35:52.220Z","level":"WARN","service":"notification-service","message":"Slow query detected on order history catalog lookup"}
{"timestamp":"2026-07-05T15:36:09.956Z","level":"WARN","service":"catalog-service","message":"Slow query detected on order history catalog lookup"}
{"timestamp":"2026-07-05T15:36:15.489Z","level":"INFO","service":"payment-service","message":"User added item to shopping cart"}
{"timestamp":"2026-07-05T15:36:50.672Z","level":"INFO","service":"payment-service","message":"User login credentials validated"}
{"timestamp":"2026-07-05T15:36:55.723Z","level":"INFO","service":"payment-service","message":"User login credentials validated"}
{"timestamp":"2026-07-05T15:37:08.666Z","level":"INFO","service":"payment-service","message":"Cart session initialized"}
{"timestamp":"2026-07-05T15:37:30.096Z","level":"ERROR","service":"notification-service","message":"Failed to retrieve exchange rate from external API provider","stack_trace":"java.io.IOException: connection reset by peer
\tat sun.net.www.http.HttpClient.parseHTTPHeader(HttpClient.java:712)
\tat sun.net.www.protocol.http.HttpURLConnection.getInputStream0(HttpURLConnection.java:1590) [req_ref: 0x26eac7c]"}
{"timestamp":"2026-07-05T15:37:38.421Z","level":"INFO","service":"payment-service","message":"Cart session initialized"}
{"timestamp":"2026-07-05T15:37:58.444Z","level":"INFO","service":"cart-service","message":"User login credentials validated"}
{"timestamp":"2026-07-05T15:38:03.096Z","level":"INFO","service":"notification-service","message":"User added item to shopping cart"}
{"timestamp":"2026-07-05T15:38:27.297Z","level":"INFO","service":"cart-service","message":"Cart session initialized"}
{"timestamp":"2026-07-05T15:38:50.779Z","level":"INFO","service":"notification-service","message":"User login credentials validated"}
{"timestamp":"2026-07-05T15:39:04.685Z","level":"INFO","service":"user-service","message":"Cart session initialized"}
{"timestamp":"2026-07-05T15:39:26.250Z","level":"INFO","service":"cart-service","message":"Fetched product catalog data successfully"}
{"timestamp":"2026-07-05T15:39:50.449Z","level":"INFO","service":"catalog-service","message":"Payment authorization token acquired"}
{"timestamp":"2026-07-05T15:40:00.120Z","level":"WARN","service":"notification-service","message":"Database connection pool threshold reached (80%)"}
{"timestamp":"2026-07-05T15:40:09.344Z","level":"INFO","service":"catalog-service","message":"User login credentials validated"}
{"timestamp":"2026-07-05T15:40:14.627Z","level":"INFO","service":"notification-service","message":"User login credentials validated"}
{"timestamp":"2026-07-05T15:40:25.316Z","level":"INFO","service":"catalog-service","message":"Payment authorization token acquired"}
{"timestamp":"2026-07-05T15:40:42.635Z","level":"INFO","service":"notification-service","message":"User added item to shopping cart"}
{"timestamp":"2026-07-05T15:40:59.478Z","level":"INFO","service":"user-service","message":"Payment authorization token acquired"}
{"timestamp":"2026-07-05T15:41:23.850Z","level":"INFO","service":"payment-service","message":"User login credentials validated"}
{"timestamp":"2026-07-05T15:41:48.095Z","level":"INFO","service":"notification-service","message":"Fetched product catalog data successfully"}
{"timestamp":"2026-07-05T15:42:25.931Z","level":"WARN","service":"payment-service","message":"Database connection pool threshold reached (80%)"}
{"timestamp":"2026-07-05T15:42:34.683Z","level":"INFO","service":"user-service","message":"Fetched product catalog data successfully"}
{"timestamp":"2026-07-05T15:42:51.325Z","level":"INFO","service":"catalog-service","message":"Payment authorization token acquired"}
{"timestamp":"2026-07-05T15:43:13.185Z","level":"INFO","service":"notification-service","message":"Cart session initialized"}
{"timestamp":"2026-07-05T15:43:20.649Z","level":"INFO","service":"payment-service","message":"Sending order email confirmation notification"}
{"timestamp":"2026-07-05T15:43:55.391Z","level":"WARN","service":"catalog-service","message":"Database connection pool threshold reached (80%)"}
{"timestamp":"2026-07-05T15:44:27.614Z","level":"INFO","service":"payment-service","message":"Cart session initialized"}
{"timestamp":"2026-07-05T15:44:54.239Z","level":"ERROR","service":"payment-service","message":"Failed to retrieve exchange rate from external API provider","stack_trace":"java.io.IOException: connection reset by peer
\tat sun.net.www.http.HttpClient.parseHTTPHeader(HttpClient.java:712)
\tat sun.net.www.protocol.http.HttpURLConnection.getInputStream0(HttpURLConnection.java:1590) [req_ref: 0x3aa740e]"
{"timestamp":"2026-07-05T15:45:15.095Z","level":"ERROR","service":"user-service","message":"Failed to retrieve exchange rate from external API provider","stack_trace":"java.io.IOException: connection reset by peer
\tat sun.net.www.http.HttpClient.parseHTTPHeader(HttpClient.java:712)
\tat sun.net.www.protocol.http.HttpURLConnection.getInputStream0(HttpURLConnection.java:1590) [req_ref: 0x2218c0a]"}
{"timestamp":"2026-07-05T15:45:22.891Z","level":"ERROR","service":"auth-service","message":"Authentication framework failed during LDAP lookup",
"stack_trace":"java.lang.NullPointerException
\tat com.auth.provider.LDAPProvider.authenticate(LDAPProvider.java:88)
\tat com.auth.service.AuthManager.verify(AuthManager.java:34) [session_ctx: 0x685f653477753b75357934]
\tat com.auth.controller.LoginController.login(LoginController.java:12)"}
{"timestamp":"2026-07-05T15:45:31.855Z","level":"INFO","service":"notification-service","message":"Sending order email confirmation notification"}
{"timestamp":"2026-07-05T15:45:55.129Z","level":"INFO","service":"cart-service","message":"Cart session initialized"}
{"timestamp":"2026-07-05T15:46:18.002Z","level":"WARN","service":"catalog-service","message":"Database connection pool threshold reached (80%)"}
{"timestamp":"2026-07-05T15:46:34.524Z","level":"INFO","service":"payment-service","message":"User login credentials validated"}
{"timestamp":"2026-07-05T15:47:05.195Z","level":"INFO","service":"payment-service","message":"User login credentials validated"}
{"timestamp":"2026-07-05T15:47:43.551Z","level":"INFO","service":"notification-service","message":"Sending order email confirmation notification"}
{"timestamp":"2026-07-05T15:48:03.263Z","level":"WARN","service":"payment-service","message":"Slow query detected on order history catalog lookup"}
{"timestamp":"2026-07-05T15:48:31.104Z","level":"WARN","service":"notification-service","message":"Database connection pool threshold reached (80%)"}
{"timestamp":"2026-07-05T15:49:03.924Z","level":"INFO","service":"notification-service","message":"User login credentials validated"}
{"timestamp":"2026-07-05T15:49:10.519Z","level":"INFO","service":"catalog-service","message":"Payment authorization token acquired"}
{"timestamp":"2026-07-05T15:49:33.179Z","level":"INFO","service":"cart-service","message":"Sending order email confirmation notification"}
{"timestamp":"2026-07-05T15:50:13.180Z","level":"INFO","service":"catalog-service","message":"Cart session initialized"}
{"timestamp":"2026-07-05T15:50:53.337Z","level":"INFO","service":"cart-service","message":"Fetched product catalog data successfully"}
{"timestamp":"2026-07-05T15:51:26.275Z","level":"INFO","service":"payment-service","message":"Payment authorization token acquired"}
{"timestamp":"2026-07-05T15:51:32.591Z","level":"INFO","service":"cart-service","message":"Cart session initialized"}
{"timestamp":"2026-07-05T15:52:12.648Z","level":"INFO","service":"notification-service","message":"Payment authorization token acquired"}
{"timestamp":"2026-07-05T15:52:34.900Z","level":"INFO","service":"catalog-service","message":"Fetched product catalog data successfully"}
{"timestamp":"2026-07-05T15:52:54.582Z","level":"WARN","service":"catalog-service","message":"Database connection pool threshold reached (80%)"}
{"timestamp":"2026-07-05T15:53:17.334Z","level":"INFO","service":"payment-service","message":"Payment authorization token acquired"}
{"timestamp":"2026-07-05T15:53:28.859Z","level":"WARN","service":"catalog-service","message":"Database connection pool threshold reached (80%)"}
{"timestamp":"2026-07-05T15:53:54.045Z","level":"WARN","service":"cart-service","message":"Slow query detected on order history catalog lookup"}
{"timestamp":"2026-07-05T15:54:06.821Z","level":"ERROR","service":"notification-service","message":"Failed to retrieve exchange rate from external API provider","stack_trace":"java.io.IOException: connection reset by peer
\tat sun.net.www.http.HttpClient.parseHTTPHeader(HttpClient.java:712)
\tat sun.net.www.protocol.http.HttpURLConnection.getInputStream0(HttpURLConnection.java:1590) [req_ref: 0x23512e7]"
{"timestamp":"2026-07-05T15:54:32.280Z","level":"ERROR","service":"payment-service","message":"Failed to retrieve exchange rate from external API provider","stack_trace":"java.io.IOException: connection reset by peer
\tat sun.net.www.http.HttpClient.parseHTTPHeader(HttpClient.java:712)
\tat sun.net.www.protocol.http.HttpURLConnection.getInputStream0(HttpURLConnection.java:1590) [req_ref: 0x4aa522c]"}
{"timestamp":"2026-07-05T15:54:50.956Z","level":"INFO","service":"cart-service","message":"User login credentials validated"}
{"timestamp":"2026-07-05T15:55:20.682Z","level":"ERROR","service":"catalog-service","message":"Failed to retrieve exchange rate from external API provider","stack_trace":"java.io.IOException: connection reset by peer
\tat sun.net.www.http.HttpClient.parseHTTPHeader(HttpClient.java:712)
\tat sun.net.www.protocol.http.HttpURLConnection.getInputStream0(HttpURLConnection.java:1590) [req_ref: 0x410add8]"}
{"timestamp":"2026-07-05T15:55:59.625Z","level":"INFO","service":"notification-service","message":"User login credentials validated"}
{"timestamp":"2026-07-05T15:56:33.016Z","level":"INFO","service":"catalog-service","message":"User added item to shopping cart"}
{"timestamp":"2026-07-05T15:57:07.717Z","level":"WARN","service":"user-service","message":"Database connection pool threshold reached (80%)"}
{"timestamp":"2026-07-05T15:57:15.087Z","level":"WARN","service":"cart-service","message":"Slow query detected on order history catalog lookup"}
{"timestamp":"2026-07-05T15:57:25.082Z","level":"INFO","service":"user-service","message":"Sending order email confirmation notification"}
{"timestamp":"2026-07-05T15:58:03.266Z","level":"INFO","service":"catalog-service","message":"User added item to shopping cart"}
{"timestamp":"2026-07-05T15:58:29.401Z","level":"INFO","service":"catalog-service","message":"Payment authorization token acquired"}
{"timestamp":"2026-07-05T15:59:00.442Z","level":"INFO","service":"cart-service","message":"Fetched product catalog data successfully"}
{"timestamp":"2026-07-05T15:59:26.078Z","level":"ERROR","service":"notification-service","message":"Failed to retrieve exchange rate from external API provider","stack_trace":"java.io.IOException: connection reset by peer
\tat sun.net.www.http.HttpClient.parseHTTPHeader(HttpClient.java:712)
\tat sun.net.www.protocol.http.HttpURLConnection.getInputStream0(HttpURLConnection.java:1590) [req_ref: 0x3f99df3]"}
{"timestamp":"2026-07-05T15:59:37.393Z","level":"INFO","service":"catalog-service","message":"User login credentials validated"}
{"timestamp":"2026-07-05T15:59:58.576Z","level":"INFO","service":"payment-service","message":"Sending order email confirmation notification"}
{"timestamp":"2026-07-05T16:00:21.710Z","level":"INFO","service":"payment-service","message":"Payment authorization token acquired"}
{"timestamp":"2026-07-05T16:00:53.589Z","level":"INFO","service":"notification-service","message":"Payment authorization token acquired"}
{"timestamp":"2026-07-05T16:00:59.904Z","level":"INFO","service":"cart-service","message":"Payment authorization token acquired"}
{"timestamp":"2026-07-05T16:01:05.661Z","level":"WARN","service":"cart-service","message":"Database connection pool threshold reached (80%)"}
{"timestamp":"2026-07-05T16:01:36.877Z","level":"INFO","service":"notification-service","message":"Sending order email confirmation notification"}
{"timestamp":"2026-07-05T16:02:12.351Z","level":"INFO","service":"cart-service","message":"Fetched product catalog data successfully"}
{"timestamp":"2026-07-05T16:02:25.844Z","level":"INFO","service":"cart-service","message":"Cart session initialized"}
{"timestamp":"2026-07-05T16:03:05.445Z","level":"WARN","service":"user-service","message":"Slow query detected on order history catalog lookup"}
{"timestamp":"2026-07-05T16:03:44.601Z","level":"INFO","service":"payment-service","message":"Payment authorization token acquired"}
{"timestamp":"2026-07-05T16:04:17.127Z","level":"INFO","service":"cart-service","message":"Fetched product catalog data successfully"}
{"timestamp":"2026-07-05T16:04:30.338Z","level":"INFO","service":"user-service","message":"Sending order email confirmation notification"}
{"timestamp":"2026-07-05T16:05:09.331Z","level":"WARN","service":"catalog-service","message":"Database connection pool threshold reached (80%)"}
{"timestamp":"2026-07-05T16:05:25.773Z","level":"INFO","service":"catalog-service","message":"User login credentials validated"}
{"timestamp":"2026-07-05T16:06:02.808Z","level":"WARN","service":"user-service","message":"Database connection pool threshold reached (80%)"}
{"timestamp":"2026-07-05T16:06:22.529Z","level":"INFO","service":"cart-service","message":"Sending order email confirmation notification"}
{"timestamp":"2026-07-05T16:06:53.880Z","level":"INFO","service":"notification-service","message":"Fetched product catalog data successfully"}
{"timestamp":"2026-07-05T16:07:22.200Z","level":"ERROR","service":"cart-service","message":"Failed to retrieve exchange rate from external API provider","stack_trace":"java.io.IOException: connection reset by peer
\tat sun.net.www.http.HttpClient.parseHTTPHeader(HttpClient.java:712)
\tat sun.net.www.protocol.http.HttpURLConnection.getInputStream0(HttpURLConnection.java:1590) [req_ref: 0x3670390]"}
{"timestamp":"2026-07-05T16:07:32.022Z","level":"INFO","service":"user-service","message":"Cart session initialized"}
{"timestamp":"2026-07-05T16:08:05.562Z","level":"WARN","service":"notification-service","message":"Database connection pool threshold reached (80%)"}
{"timestamp":"2026-07-05T16:08:31.086Z","level":"INFO","service":"notification-service","message":"Sending order email confirmation notification"}
{"timestamp":"2026-07-05T16:08:36.777Z","level":"ERROR","service":"cart-service","message":"Failed to retrieve exchange rate from external API provider","stack_trace":"java.io.IOException: connection reset by peer
\tat sun.net.www.http.HttpClient.parseHTTPHeader(HttpClient.java:712)
\tat sun.net.www.protocol.http.HttpURLConnection.getInputStream0(HttpURLConnection.java:1590) [req_ref: 0x38c0a70]"
{"timestamp":"2026-07-05T16:09:12.470Z","level":"ERROR","service":"cart-service","message":"Failed to retrieve exchange rate from external API provider","stack_trace":"java.io.IOException: connection reset by peer
\tat sun.net.www.http.HttpClient.parseHTTPHeader(HttpClient.java:712)
\tat sun.net.www.protocol.http.HttpURLConnection.getInputStream0(HttpURLConnection.java:1590) [req_ref: 0x39abbde]"}
{"timestamp":"2026-07-05T16:09:20.912Z","level":"WARN","service":"payment-service","message":"Database connection pool threshold reached (80%)"}
{"timestamp":"2026-07-05T16:09:45.424Z","level":"INFO","service":"payment-service","message":"Fetched product catalog data successfully"}
{"timestamp":"2026-07-05T16:10:02.765Z","level":"INFO","service":"catalog-service","message":"Sending order email confirmation notification"}
{"timestamp":"2026-07-05T16:10:23.311Z","level":"INFO","service":"cart-service","message":"Sending order email confirmation notification"}
{"timestamp":"2026-07-05T16:10:44.412Z","level":"WARN","service":"notification-service","message":"Database connection pool threshold reached (80%)"}
{"timestamp":"2026-07-05T16:11:04.238Z","level":"ERROR","service":"user-service","message":"Failed to retrieve exchange rate from external API provider","stack_trace":"java.io.IOException: connection reset by peer
\tat sun.net.www.http.HttpClient.parseHTTPHeader(HttpClient.java:712)
\tat sun.net.www.protocol.http.HttpURLConnection.getInputStream0(HttpURLConnection.java:1590) [req_ref: 0x12beb69]"}
{"timestamp":"2026-07-05T16:11:18.200Z","level":"INFO","service":"payment-service","message":"Payment authorization token acquired"}
{"timestamp":"2026-07-05T16:11:51.695Z","level":"INFO","service":"catalog-service","message":"User added item to shopping cart"}
{"timestamp":"2026-07-05T16:12:26.731Z","level":"WARN","service":"user-service","message":"Slow query detected on order history catalog lookup"}
{"timestamp":"2026-07-05T16:12:45.858Z","level":"WARN","service":"user-service","message":"Slow query detected on order history catalog lookup"}
{"timestamp":"2026-07-05T16:13:09.286Z","level":"WARN","service":"cart-service","message":"Slow query detected on order history catalog lookup"}
{"timestamp":"2026-07-05T16:13:43.907Z","level":"INFO","service":"catalog-service","message":"Cart session initialized"}
{"timestamp":"2026-07-05T16:14:14.911Z","level":"WARN","service":"payment-service","message":"Database connection pool threshold reached (80%)"}
{"timestamp":"2026-07-05T16:14:34.965Z","level":"WARN","service":"catalog-service","message":"Slow query detected on order history catalog lookup"}
{"timestamp":"2026-07-05T16:15:13.320Z","level":"ERROR","service":"user-service","message":"Failed to retrieve exchange rate from external API provider","stack_trace":"java.io.IOException: connection reset by peer
\tat sun.net.www.http.HttpClient.parseHTTPHeader(HttpClient.java:712)
\tat sun.net.www.protocol.http.HttpURLConnection.getInputStream0(HttpURLConnection.java:1590) [req_ref: 0x5829415]"}
{"timestamp":"2026-07-05T16:15:53.936Z","level":"WARN","service":"notification-service","message":"Slow query detected on order history catalog lookup"}
{"timestamp":"2026-07-05T16:16:29.271Z","level":"INFO","service":"catalog-service","message":"Payment authorization token acquired"}
{"timestamp":"2026-07-05T16:16:51.700Z","level":"INFO","service":"cart-service","message":"Sending order email confirmation notification"}
{"timestamp":"2026-07-05T16:17:14.859Z","level":"INFO","service":"notification-service","message":"Payment authorization token acquired"}
{"timestamp":"2026-07-05T16:17:27.601Z","level":"INFO","service":"cart-service","message":"Sending order email confirmation notification"}
{"timestamp":"2026-07-05T16:18:00.767Z","level":"INFO","service":"catalog-service","message":"User login credentials validated"}
{"timestamp":"2026-07-05T16:18:06.985Z","level":"WARN","service":"payment-service","message":"Slow query detected on order history catalog lookup"}
{"timestamp":"2026-07-05T16:18:35.476Z","level":"ERROR","service":"catalog-service","message":"Failed to retrieve exchange rate from external API provider","stack_trace":"java.io.IOException: connection reset by peer
\tat sun.net.www.http.HttpClient.parseHTTPHeader(HttpClient.java:712)
\tat sun.net.www.protocol.http.HttpURLConnection.getInputStream0(HttpURLConnection.java:1590) [req_ref: 0x4660af7]"}
{"timestamp":"2026-07-05T16:18:56.893Z","level":"INFO","service":"payment-service","message":"Fetched product catalog data successfully"}
{"timestamp":"2026-07-05T16:19:31.431Z","level":"INFO","service":"catalog-service","message":"Payment authorization token acquired"}
{"timestamp":"2026-07-05T16:19:41.315Z","level":"WARN","service":"notification-service","message":"Slow query detected on order history catalog lookup"}
{"timestamp":"2026-07-05T16:20:08.204Z","level":"INFO","service":"cart-service","message":"User added item to shopping cart"}
{"timestamp":"2026-07-05T16:20:17.324Z","level":"INFO","service":"catalog-service","message":"Sending order email confirmation notification"}
{"timestamp":"2026-07-05T16:20:35.060Z","level":"INFO","service":"notification-service","message":"Fetched product catalog data successfully"}
{"timestamp":"2026-07-05T16:20:42.658Z","level":"INFO","service":"user-service","message":"User login credentials validated"}
{"timestamp":"2026-07-05T16:20:49.815Z","level":"INFO","service":"catalog-service","message":"Payment authorization token acquired"}
{"timestamp":"2026-07-05T16:21:19.365Z","level":"INFO","service":"notification-service","message":"Cart session initialized"}
{"timestamp":"2026-07-05T16:21:39.762Z","level":"INFO","service":"cart-service","message":"User login credentials validated"}
{"timestamp":"2026-07-05T16:22:05.250Z","level":"INFO","service":"notification-service","message":"Payment authorization token acquired"}
{"timestamp":"2026-07-05T16:22:37.374Z","level":"INFO","service":"payment-service","message":"Payment authorization token acquired"}
{"timestamp":"2026-07-05T16:22:53.935Z","level":"INFO","service":"payment-service","message":"Cart session initialized"}
{"timestamp":"2026-07-05T16:23:24.440Z","level":"INFO","service":"user-service","message":"Fetched product catalog data successfully"}
{"timestamp":"2026-07-05T16:23:31.266Z","level":"INFO","service":"catalog-service","message":"Fetched product catalog data successfully"}
{"timestamp":"2026-07-05T16:23:41.071Z","level":"INFO","service":"user-service","message":"Sending order email confirmation notification"}
{"timestamp":"2026-07-05T16:24:05.598Z","level":"WARN","service":"cart-service","message":"Database connection pool threshold reached (80%)"}
{"timestamp":"2026-07-05T16:24:14.080Z","level":"ERROR","service":"notification-service","message":"Failed to retrieve exchange rate from external API provider","stack_trace":"java.io.IOException: connection reset by peer
\tat sun.net.www.http.HttpClient.parseHTTPHeader(HttpClient.java:712)
\tat sun.net.www.protocol.http.HttpURLConnection.getInputStream0(HttpURLConnection.java:1590) [req_ref: 0x5233b07]"}
{"timestamp":"2026-07-05T16:24:44.853Z","level":"INFO","service":"cart-service","message":"User added item to shopping cart"}
{"timestamp":"2026-07-05T16:24:54.560Z","level":"INFO","service":"user-service","message":"Payment authorization token acquired"}
{"timestamp":"2026-07-05T16:25:31.220Z","level":"INFO","service":"catalog-service","message":"User login credentials validated"}
{"timestamp":"2026-07-05T16:26:01.436Z","level":"INFO","service":"user-service","message":"User login credentials validated"}
{"timestamp":"2026-07-05T16:26:25.481Z","level":"WARN","service":"catalog-service","message":"Database connection pool threshold reached (80%)"}
{"timestamp":"2026-07-05T16:26:35.522Z","level":"ERROR","service":"catalog-service","message":"Failed to retrieve exchange rate from external API provider","stack_trace":"java.io.IOException: connection reset by peer
\tat sun.net.www.http.HttpClient.parseHTTPHeader(HttpClient.java:712)
\tat sun.net.www.protocol.http.HttpURLConnection.getInputStream0(HttpURLConnection.java:1590) [req_ref: 0x47dadc4]"}
{"timestamp":"2026-07-05T16:26:57.737Z","level":"WARN","service":"catalog-service","message":"Database connection pool threshold reached (80%)"}
{"timestamp":"2026-07-05T16:27:27.687Z","level":"ERROR","service":"catalog-service","message":"Failed to retrieve exchange rate from external API provider","stack_trace":"java.io.IOException: connection reset by peer
\tat sun.net.www.http.HttpClient.parseHTTPHeader(HttpClient.java:712)
\tat sun.net.www.protocol.http.HttpURLConnection.getInputStream0(HttpURLConnection.java:1590) [req_ref: 0x1c62dcb]"}
{"timestamp":"2026-07-05T16:27:33.758Z","level":"INFO","service":"cart-service","message":"Cart session initialized"}
{"timestamp":"2026-07-05T16:28:01.413Z","level":"INFO","service":"cart-service","message":"Payment authorization token acquired"}
{"timestamp":"2026-07-05T16:28:07.539Z","level":"INFO","service":"notification-service","message":"User added item to shopping cart"}
{"timestamp":"2026-07-05T16:28:29.735Z","level":"INFO","service":"payment-service","message":"Sending order email confirmation notification"}
{"timestamp":"2026-07-05T16:28:48.003Z","level":"INFO","service":"payment-service","message":"Cart session initialized"}
{"timestamp":"2026-07-05T16:29:24.432Z","level":"INFO","service":"cart-service","message":"Fetched product catalog data successfully"}
{"timestamp":"2026-07-05T16:29:49.284Z","level":"INFO","service":"catalog-service","message":"Sending order email confirmation notification"}
{"timestamp":"2026-07-05T16:30:28.432Z","level":"INFO","service":"payment-service","message":"Cart session initialized"}
{"timestamp":"2026-07-05T16:30:37.259Z","level":"INFO","service":"user-service","message":"Payment authorization token acquired"}
{"timestamp":"2026-07-05T16:30:46.221Z","level":"ERROR","service":"user-service","message":"Failed to retrieve exchange rate from external API provider","stack_trace":"java.io.IOException: connection reset by peer
\tat sun.net.www.http.HttpClient.parseHTTPHeader(HttpClient.java:712)
\tat sun.net.www.protocol.http.HttpURLConnection.getInputStream0(HttpURLConnection.java:1590) [req_ref: 0x3b4567c]"}
{"timestamp":"2026-07-05T16:31:10.496Z","level":"WARN","service":"cart-service","message":"Slow query detected on order history catalog lookup"}
{"timestamp":"2026-07-05T16:31:30.218Z","level":"INFO","service":"notification-service","message":"User added item to shopping cart"}
{"timestamp":"2026-07-05T16:31:51.464Z","level":"INFO","service":"notification-service","message":"Payment authorization token acquired"}
{"timestamp":"2026-07-05T16:32:06.267Z","level":"INFO","service":"catalog-service","message":"User login credentials validated"}
{"timestamp":"2026-07-05T16:32:30.847Z","level":"INFO","service":"payment-service","message":"Fetched product catalog data successfully"}
{"timestamp":"2026-07-05T16:32:47.335Z","level":"INFO","service":"notification-service","message":"User login credentials validated"}
{"timestamp":"2026-07-05T16:33:10.105Z","level":"INFO","service":"user-service","message":"Cart session initialized"}
{"timestamp":"2026-07-05T16:33:29.801Z","level":"WARN","service":"notification-service","message":"Slow query detected on order history catalog lookup"}
{"timestamp":"2026-07-05T16:33:48.858Z","level":"INFO","service":"cart-service","message":"User added item to shopping cart"}
{"timestamp":"2026-07-05T16:34:27.937Z","level":"WARN","service":"catalog-service","message":"Database connection pool threshold reached (80%)"}
{"timestamp":"2026-07-05T16:34:51.947Z","level":"WARN","service":"catalog-service","message":"Slow query detected on order history catalog lookup"}
{"timestamp":"2026-07-05T16:35:15.097Z","level":"INFO","service":"payment-service","message":"User added item to shopping cart"}
{"timestamp":"2026-07-05T16:35:33.940Z","level":"INFO","service":"cart-service","message":"User added item to shopping cart"}
{"timestamp":"2026-07-05T16:36:10.690Z","level":"INFO","service":"payment-service","message":"Fetched product catalog data successfully"}
{"timestamp":"2026-07-05T16:36:24.363Z","level":"INFO","service":"notification-service","message":"Payment authorization token acquired"}
{"timestamp":"2026-07-05T16:36:41.273Z","level":"INFO","service":"catalog-service","message":"Payment authorization token acquired"}
{"timestamp":"2026-07-05T16:37:20.834Z","level":"INFO","service":"user-service","message":"Payment authorization token acquired"}
{"timestamp":"2026-07-05T16:37:38.973Z","level":"ERROR","service":"notification-service","message":"Failed to retrieve exchange rate from external API provider","stack_trace":"java.io.IOException: connection reset by peer
\tat sun.net.www.http.HttpClient.parseHTTPHeader(HttpClient.java:712)
\tat sun.net.www.protocol.http.HttpURLConnection.getInputStream0(HttpURLConnection.java:1590) [req_ref: 0x4e656c0]"}
{"timestamp":"2026-07-05T16:37:53.710Z","level":"WARN","service":"user-service","message":"Slow query detected on order history catalog lookup"}
{"timestamp":"2026-07-05T16:38:33.616Z","level":"INFO","service":"cart-service","message":"Payment authorization token acquired"}
{"timestamp":"2026-07-05T16:38:41.828Z","level":"ERROR","service":"notification-service","message":"Failed to retrieve exchange rate from external API provider","stack_trace":"java.io.IOException: connection reset by peer
\tat sun.net.www.http.HttpClient.parseHTTPHeader(HttpClient.java:712)
\tat sun.net.www.protocol.http.HttpURLConnection.getInputStream0(HttpURLConnection.java:1590) [req_ref: 0x3065656]"}
{"timestamp":"2026-07-05T16:38:50.938Z","level":"ERROR","service":"payment-service","message":"Failed to retrieve exchange rate from external API provider","stack_trace":"java.io.IOException: connection reset by peer
\tat sun.net.www.http.HttpClient.parseHTTPHeader(HttpClient.java:712)
\tat sun.net.www.protocol.http.HttpURLConnection.getInputStream0(HttpURLConnection.java:1590) [req_ref: 0x398cf2f]"}
{"timestamp":"2026-07-05T16:39:28.859Z","level":"WARN","service":"user-service","message":"Database connection pool threshold reached (80%)"}
{"timestamp":"2026-07-05T16:40:02.353Z","level":"INFO","service":"notification-service","message":"Cart session initialized"}
{"timestamp":"2026-07-05T16:40:20.550Z","level":"INFO","service":"payment-service","message":"User added item to shopping cart"}
{"timestamp":"2026-07-05T16:40:39.318Z","level":"INFO","service":"notification-service","message":"User added item to shopping cart"}
{"timestamp":"2026-07-05T16:41:19.912Z","level":"INFO","service":"user-service","message":"Fetched product catalog data successfully"}
{"timestamp":"2026-07-05T16:41:36.983Z","level":"INFO","service":"notification-service","message":"User added item to shopping cart"}
{"timestamp":"2026-07-05T16:41:57.886Z","level":"INFO","service":"catalog-service","message":"Sending order email confirmation notification"}
{"timestamp":"2026-07-05T16:42:18.130Z","level":"INFO","service":"notification-service","message":"Cart session initialized"}
{"timestamp":"2026-07-05T16:42:42.936Z","level":"INFO","service":"payment-service","message":"User added item to shopping cart"}
{"timestamp":"2026-07-05T16:43:10.588Z","level":"INFO","service":"catalog-service","message":"Sending order email confirmation notification"}
{"timestamp":"2026-07-05T16:43:18.860Z","level":"INFO","service":"notification-service","message":"User added item to shopping cart"}
{"timestamp":"2026-07-05T16:43:34.064Z","level":"INFO","service":"notification-service","message":"Payment authorization token acquired"}
{"timestamp":"2026-07-05T16:43:48.483Z","level":"INFO","service":"payment-service","message":"User login credentials validated"}
{"timestamp":"2026-07-05T16:43:58.089Z","level":"WARN","service":"cart-service","message":"Database connection pool threshold reached (80%)"}
{"timestamp":"2026-07-05T16:44:08.201Z","level":"INFO","service":"payment-service","message":"User added item to shopping cart"}
{"timestamp":"2026-07-05T16:44:34.903Z","level":"INFO","service":"cart-service","message":"Payment authorization token acquired"}
{"timestamp":"2026-07-05T16:44:51.869Z","level":"INFO","service":"user-service","message":"User added item to shopping cart"}
{"timestamp":"2026-07-05T16:45:16.228Z","level":"INFO","service":"user-service","message":"Sending order email confirmation notification"}
{"timestamp":"2026-07-05T16:45:24.827Z","level":"INFO","service":"cart-service","message":"User login credentials validated"}
{"timestamp":"2026-07-05T16:45:29.460Z","level":"ERROR","service":"catalog-service","message":"Failed to retrieve exchange rate from external API provider","stack_trace":"java.io.IOException: connection reset by peer
\tat sun.net.www.http.HttpClient.parseHTTPHeader(HttpClient.java:712)
\tat sun.net.www.protocol.http.HttpURLConnection.getInputStream0(HttpURLConnection.java:1590) [req_ref: 0x14cb619]"}
{"timestamp":"2026-07-05T16:45:40.915Z","level":"WARN","service":"user-service","message":"Database connection pool threshold reached (80%)"}
{"timestamp":"2026-07-05T16:46:08.628Z","level":"INFO","service":"notification-service","message":"User login credentials validated"}
{"timestamp":"2026-07-05T16:46:33.327Z","level":"WARN","service":"catalog-service","message":"Database connection pool threshold reached (80%)"}
{"timestamp":"2026-07-05T16:47:05.243Z","level":"INFO","service":"cart-service","message":"Payment authorization token acquired"}
{"timestamp":"2026-07-05T16:47:29.122Z","level":"INFO","service":"notification-service","message":"Cart session initialized"}
{"timestamp":"2026-07-05T16:47:40.144Z","level":"INFO","service":"catalog-service","message":"User login credentials validated"}
{"timestamp":"2026-07-05T16:48:06.156Z","level":"WARN","service":"user-service","message":"Database connection pool threshold reached (80%)"}
{"timestamp":"2026-07-05T16:48:30.700Z","level":"INFO","service":"user-service","message":"User added item to shopping cart"}
{"timestamp":"2026-07-05T16:48:36.429Z","level":"WARN","service":"user-service","message":"Database connection pool threshold reached (80%)"}
{"timestamp":"2026-07-05T16:49:05.706Z","level":"INFO","service":"notification-service","message":"User added item to shopping cart"}
{"timestamp":"2026-07-05T16:49:11.060Z","level":"INFO","service":"notification-service","message":"Cart session initialized"}
{"timestamp":"2026-07-05T16:49:26.680Z","level":"INFO","service":"cart-service","message":"Cart session initialized"}
{"timestamp":"2026-07-05T16:49:38.414Z","level":"INFO","service":"notification-service","message":"Cart session initialized"}
{"timestamp":"2026-07-05T16:50:04.777Z","level":"ERROR","service":"data-processor","message":"Failed to process streaming packet buffer","stack_trace":"java.lang.ArrayIndexOutOfBoundsException: Index 12 out of bounds for length 8
\tat com.data.Processor.processBuffer(Processor.java:214)
\tat com.data.Processor.run(Processor.java:98) [buffer_addr: 0xdeadbeefc0de]"}
{"timestamp":"2026-07-05T16:50:09.844Z","level":"INFO","service":"notification-service","message":"Cart session initialized"}
{"timestamp":"2026-07-05T16:50:23.703Z","level":"WARN","service":"user-service","message":"Slow query detected on order history catalog lookup"}
{"timestamp":"2026-07-05T16:50:50.950Z","level":"INFO","service":"catalog-service","message":"Cart session initialized"}
{"timestamp":"2026-07-05T16:51:19.855Z","level":"WARN","service":"notification-service","message":"Database connection pool threshold reached (80%)"}
{"timestamp":"2026-07-05T16:51:33.031Z","level":"INFO","service":"notification-service","message":"Sending order email confirmation notification"}
{"timestamp":"2026-07-05T16:51:55.508Z","level":"INFO","service":"notification-service","message":"User added item to shopping cart"}
{"timestamp":"2026-07-05T16:52:00.011Z","level":"INFO","service":"cart-service","message":"Sending order email confirmation notification"}
{"timestamp":"2026-07-05T16:52:13.677Z","level":"WARN","service":"cart-service","message":"Slow query detected on order history catalog lookup"}
{"timestamp":"2026-07-05T16:52:26.778Z","level":"ERROR","service":"payment-service","message":"Failed to retrieve exchange rate from external API provider","stack_trace":"java.io.IOException: connection reset by peer
\tat sun.net.www.http.HttpClient.parseHTTPHeader(HttpClient.java:712)
\tat sun.net.www.protocol.http.HttpURLConnection.getInputStream0(HttpURLConnection.java:1590) [req_ref: 0x59d4aee]"}
{"timestamp":"2026-07-05T16:52:43.161Z","level":"INFO","service":"payment-service","message":"Fetched product catalog data successfully"}
{"timestamp":"2026-07-05T16:52:50.983Z","level":"INFO","service":"catalog-service","message":"User login credentials validated"}
{"timestamp":"2026-07-05T16:53:30.347Z","level":"WARN","service":"notification-service","message":"Slow query detected on order history catalog lookup"}
{"timestamp":"2026-07-05T16:53:43.260Z","level":"ERROR","service":"payment-service","message":"Failed to retrieve exchange rate from external API provider","stack_trace":"java.io.IOException: connection reset by peer
\tat sun.net.www.http.HttpClient.parseHTTPHeader(HttpClient.java:712)
\tat sun.net.www.protocol.http.HttpURLConnection.getInputStream0(HttpURLConnection.java:1590) [req_ref: 0x44cfa1e]"}
{"timestamp":"2026-07-05T16:53:57.624Z","level":"INFO","service":"cart-service","message":"User added item to shopping cart"}
{"timestamp":"2026-07-05T16:54:20.342Z","level":"INFO","service":"payment-service","message":"Fetched product catalog data successfully"}
{"timestamp":"2026-07-05T16:54:46.693Z","level":"INFO","service":"notification-service","message":"Fetched product catalog data successfully"}
{"timestamp":"2026-07-05T16:55:00.935Z","level":"WARN","service":"notification-service","message":"Database connection pool threshold reached (80%)"}
{"timestamp":"2026-07-05T16:55:06.825Z","level":"INFO","service":"catalog-service","message":"Fetched product catalog data successfully"}
{"timestamp":"2026-07-05T16:55:29.565Z","level":"INFO","service":"user-service","message":"Cart session initialized"}
{"timestamp":"2026-07-05T16:55:45.268Z","level":"WARN","service":"user-service","message":"Database connection pool threshold reached (80%)"}
{"timestamp":"2026-07-05T16:56:12.867Z","level":"WARN","service":"cart-service","message":"Slow query detected on order history catalog lookup"}
{"timestamp":"2026-07-05T16:56:33.461Z","level":"INFO","service":"catalog-service","message":"Payment authorization token acquired"}
{"timestamp":"2026-07-05T16:56:40.735Z","level":"INFO","service":"notification-service","message":"Fetched product catalog data successfully"}
{"timestamp":"2026-07-05T16:57:01.891Z","level":"ERROR","service":"user-service","message":"Failed to retrieve exchange rate from external API provider","stack_trace":"java.io.IOException: connection reset by peer
\tat sun.net.www.http.HttpClient.parseHTTPHeader(HttpClient.java:712)
\tat sun.net.www.protocol.http.HttpURLConnection.getInputStream0(HttpURLConnection.java:1590) [req_ref: 0x5457cce]"}
{"timestamp":"2026-07-05T16:57:33.401Z","level":"INFO","service":"cart-service","message":"Sending order email confirmation notification"}
{"timestamp":"2026-07-05T16:57:40.096Z","level":"INFO","service":"catalog-service","message":"Payment authorization token acquired"}
{"timestamp":"2026-07-05T16:58:07.441Z","level":"INFO","service":"payment-service","message":"Sending order email confirmation notification"}
{"timestamp":"2026-07-05T16:58:44.572Z","level":"ERROR","service":"catalog-service","message":"Failed to retrieve exchange rate from external API provider","stack_trace":"java.io.IOException: connection reset by peer
\tat sun.net.www.http.HttpClient.parseHTTPHeader(HttpClient.java:712)
\tat sun.net.www.protocol.http.HttpURLConnection.getInputStream0(HttpURLConnection.java:1590) [req_ref: 0x4aa525e]"}
{"timestamp":"2026-07-05T16:59:17.745Z","level":"INFO","service":"catalog-service","message":"Payment authorization token acquired"}
{"timestamp":"2026-07-05T16:59:49.713Z","level":"INFO","service":"notification-service","message":"Sending order email confirmation notification"}
{"timestamp":"2026-07-05T16:59:58.210Z","level":"INFO","service":"catalog-service","message":"Fetched product catalog data successfully"}
{"timestamp":"2026-07-05T17:00:29.662Z","level":"INFO","service":"payment-service","message":"Cart session initialized"}
{"timestamp":"2026-07-05T17:00:35.905Z","level":"INFO","service":"user-service","message":"User added item to shopping cart"}
{"timestamp":"2026-07-05T17:00:52.569Z","level":"INFO","service":"catalog-service","message":"Fetched product catalog data successfully"}
{"timestamp":"2026-07-05T17:01:14.493Z","level":"INFO","service":"notification-service","message":"User login credentials validated"}
{"timestamp":"2026-07-05T17:01:47.924Z","level":"INFO","service":"user-service","message":"Fetched product catalog data successfully"}
{"timestamp":"2026-07-05T17:02:05.521Z","level":"INFO","service":"user-service","message":"Sending order email confirmation notification"}
{"timestamp":"2026-07-05T17:02:31.124Z","level":"ERROR","service":"cart-service","message":"Failed to retrieve exchange rate from external API provider","stack_trace":"java.io.IOException: connection reset by peer
\tat sun.net.www.http.HttpClient.parseHTTPHeader(HttpClient.java:712)
\tat sun.net.www.protocol.http.HttpURLConnection.getInputStream0(HttpURLConnection.java:1590) [req_ref: 0x54a7bf3]"}
{"timestamp":"2026-07-05T17:02:56.747Z","level":"ERROR","service":"payment-service","message":"Failed to retrieve exchange rate from external API provider","stack_trace":"java.io.IOException: connection reset by peer
\tat sun.net.www.http.HttpClient.parseHTTPHeader(HttpClient.java:712)
\tat sun.net.www.protocol.http.HttpURLConnection.getInputStream0(HttpURLConnection.java:1590) [req_ref: 0x1f1a6f7]"}
{"timestamp":"2026-07-05T17:03:19.315Z","level":"INFO","service":"user-service","message":"User added item to shopping cart"}
{"timestamp":"2026-07-05T17:03:40.470Z","level":"INFO","service":"notification-service","message":"Fetched product catalog data successfully"}
{"timestamp":"2026-07-05T17:04:08.238Z","level":"WARN","service":"cart-service","message":"Slow query detected on order history catalog lookup"}
{"timestamp":"2026-07-05T17:04:21.574Z","level":"INFO","service":"payment-service","message":"Payment authorization token acquired"}
{"timestamp":"2026-07-05T17:04:31.980Z","level":"WARN","service":"catalog-service","message":"Slow query detected on order history catalog lookup"}
{"timestamp":"2026-07-05T17:04:49.654Z","level":"INFO","service":"user-service","message":"Payment authorization token acquired"}
{"timestamp":"2026-07-05T17:05:08.129Z","level":"WARN","service":"catalog-service","message":"Slow query detected on order history catalog lookup"}
{"timestamp":"2026-07-05T17:05:13.827Z","level":"INFO","service":"notification-service","message":"User login credentials validated"}
{"timestamp":"2026-07-05T17:05:50.777Z","level":"WARN","service":"notification-service","message":"Database connection pool threshold reached (80%)"}
{"timestamp":"2026-07-05T17:06:28.766Z","level":"INFO","service":"catalog-service","message":"Payment authorization token acquired"}
{"timestamp":"2026-07-05T17:06:57.705Z","level":"INFO","service":"payment-service","message":"Cart session initialized"}
{"timestamp":"2026-07-05T17:07:25.792Z","level":"INFO","service":"notification-service","message":"Cart session initialized"}
{"timestamp":"2026-07-05T17:07:40.538Z","level":"ERROR","service":"payment-service","message":"Failed to retrieve exchange rate from external API provider","stack_trace":"java.io.IOException: connection reset by peer
\tat sun.net.www.http.HttpClient.parseHTTPHeader(HttpClient.java:712)
\tat sun.net.www.protocol.http.HttpURLConnection.getInputStream0(HttpURLConnection.java:1590) [req_ref: 0x9be2d1]"}
{"timestamp":"2026-07-05T17:07:52.539Z","level":"INFO","service":"payment-service","message":"Cart session initialized"}
{"timestamp":"2026-07-05T17:08:12.382Z","level":"INFO","service":"payment-service","message":"Fetched product catalog data successfully"}
{"timestamp":"2026-07-05T17:08:44.919Z","level":"ERROR","service":"notification-service","message":"Failed to retrieve exchange rate from external API provider","stack_trace":"java.io.IOException: connection reset by peer
\tat sun.net.www.http.HttpClient.parseHTTPHeader(HttpClient.java:712)
\tat sun.net.www.protocol.http.HttpURLConnection.getInputStream0(HttpURLConnection.java:1590) [req_ref: 0x356bd9e]"}
{"timestamp":"2026-07-05T17:09:08.697Z","level":"WARN","service":"catalog-service","message":"Slow query detected on order history catalog lookup"}
{"timestamp":"2026-07-05T17:09:39.654Z","level":"ERROR","service":"catalog-service","message":"Failed to retrieve exchange rate from external API provider","stack_trace":"java.io.IOException: connection reset by peer
\tat sun.net.www.http.HttpClient.parseHTTPHeader(HttpClient.java:712)
\tat sun.net.www.protocol.http.HttpURLConnection.getInputStream0(HttpURLConnection.java:1590) [req_ref: 0xbe6b33]"}
{"timestamp":"2026-07-05T17:10:09.285Z","level":"ERROR","service":"cart-service","message":"Failed to retrieve exchange rate from external API provider","stack_trace":"java.io.IOException: connection reset by peer
\tat sun.net.www.http.HttpClient.parseHTTPHeader(HttpClient.java:712)
\tat sun.net.www.protocol.http.HttpURLConnection.getInputStream0(HttpURLConnection.java:1590) [req_ref: 0x258b66b]"}
{"timestamp":"2026-07-05T17:10:31.751Z","level":"INFO","service":"cart-service","message":"Payment authorization token acquired"}
{"timestamp":"2026-07-05T17:11:06.342Z","level":"INFO","service":"payment-service","message":"User added item to shopping cart"}
{"timestamp":"2026-07-05T17:11:25.365Z","level":"INFO","service":"payment-service","message":"User added item to shopping cart"}
{"timestamp":"2026-07-05T17:12:00.330Z","level":"INFO","service":"cart-service","message":"Payment authorization token acquired"}
{"timestamp":"2026-07-05T17:12:15.945Z","level":"WARN","service":"notification-service","message":"Slow query detected on order history catalog lookup"}
{"timestamp":"2026-07-05T17:12:37.550Z","level":"INFO","service":"catalog-service","message":"User login credentials validated"}
{"timestamp":"2026-07-05T17:12:47.990Z","level":"INFO","service":"user-service","message":"User login credentials validated"}
{"timestamp":"2026-07-05T17:13:25.395Z","level":"WARN","service":"payment-service","message":"Database connection pool threshold reached (80%)"}
{"timestamp":"2026-07-05T17:13:58.330Z","level":"INFO","service":"user-service","message":"User added item to shopping cart"}
{"timestamp":"2026-07-05T17:14:34.434Z","level":"INFO","service":"cart-service","message":"Payment authorization token acquired"}
{"timestamp":"2026-07-05T17:14:53.274Z","level":"WARN","service":"notification-service","message":"Database connection pool threshold reached (80%)"}
{"timestamp":"2026-07-05T17:15:20.806Z","level":"INFO","service":"cart-service","message":"User added item to shopping cart"}
{"timestamp":"2026-07-05T17:15:47.797Z","level":"INFO","service":"catalog-service","message":"User login credentials validated"}
{"timestamp":"2026-07-05T17:15:59.626Z","level":"WARN","service":"catalog-service","message":"Slow query detected on order history catalog lookup"}
{"timestamp":"2026-07-05T17:16:37.613Z","level":"INFO","service":"catalog-service","message":"Sending order email confirmation notification"}
{"timestamp":"2026-07-05T17:16:42.935Z","level":"INFO","service":"user-service","message":"Sending order email confirmation notification"}
{"timestamp":"2026-07-05T17:17:09.754Z","level":"INFO","service":"notification-service","message":"Cart session initialized"}
{"timestamp":"2026-07-05T17:17:17.855Z","level":"WARN","service":"user-service","message":"Database connection pool threshold reached (80%)"}
{"timestamp":"2026-07-05T17:17:34.857Z","level":"INFO","service":"user-service","message":"User added item to shopping cart"}
{"timestamp":"2026-07-05T17:17:59.589Z","level":"INFO","service":"catalog-service","message":"Cart session initialized"}
{"timestamp":"2026-07-05T17:18:15.944Z","level":"INFO","service":"cart-service","message":"Cart session initialized"}
{"timestamp":"2026-07-05T17:18:28.536Z","level":"ERROR","service":"cart-service","message":"Failed to retrieve exchange rate from external API provider","stack_trace":"java.io.IOException: connection reset by peer
\tat sun.net.www.http.HttpClient.parseHTTPHeader(HttpClient.java:712)
\tat sun.net.www.protocol.http.HttpURLConnection.getInputStream0(HttpURLConnection.java:1590) [req_ref: 0x250d6db]"}
{"timestamp":"2026-07-05T17:18:43.491Z","level":"WARN","service":"catalog-service","message":"Database connection pool threshold reached (80%)"}
{"timestamp":"2026-07-05T17:19:23.049Z","level":"ERROR","service":"notification-service","message":"Failed to retrieve exchange rate from external API provider","stack_trace":"java.io.IOException: connection reset by peer
\tat sun.net.www.http.HttpClient.parseHTTPHeader(HttpClient.java:712)
\tat sun.net.www.protocol.http.HttpURLConnection.getInputStream0(HttpURLConnection.java:1590) [req_ref: 0x2a0dc80]"}
{"timestamp":"2026-07-05T17:19:31.977Z","level":"ERROR","service":"user-service","message":"Failed to retrieve exchange rate from external API provider","stack_trace":"java.io.IOException: connection reset by peer
\tat sun.net.www.http.HttpClient.parseHTTPHeader(HttpClient.java:712)
\tat sun.net.www.protocol.http.HttpURLConnection.getInputStream0(HttpURLConnection.java:1590) [req_ref: 0xdd5f45]"}
{"timestamp":"2026-07-05T17:19:49.201Z","level":"ERROR","service":"cart-service","message":"Failed to retrieve exchange rate from external API provider","stack_trace":"java.io.IOException: connection reset by peer
\tat sun.net.www.http.HttpClient.parseHTTPHeader(HttpClient.java:712)
\tat sun.net.www.protocol.http.HttpURLConnection.getInputStream0(HttpURLConnection.java:1590) [req_ref: 0xa2d82a]"
{"timestamp":"2026-07-05T17:20:15.891Z","level":"WARN","service":"payment-service","message":"Slow query detected on order history catalog lookup"}
{"timestamp":"2026-07-05T17:20:35.383Z","level":"WARN","service":"notification-service","message":"Database connection pool threshold reached (80%)"}
{"timestamp":"2026-07-05T17:21:05.764Z","level":"INFO","service":"catalog-service","message":"User added item to shopping cart"}
{"timestamp":"2026-07-05T17:21:32.334Z","level":"INFO","service":"cart-service","message":"User login credentials validated"}
{"timestamp":"2026-07-05T17:22:03.901Z","level":"INFO","service":"user-service","message":"Payment authorization token acquired"}
{"timestamp":"2026-07-05T17:22:23.599Z","level":"WARN","service":"payment-service","message":"Database connection pool threshold reached (80%)"}
{"timestamp":"2026-07-05T17:22:30.629Z","level":"WARN","service":"catalog-service","message":"Slow query detected on order history catalog lookup"}
{"timestamp":"2026-07-05T17:22:52.953Z","level":"INFO","service":"catalog-service","message":"Cart session initialized"}
{"timestamp":"2026-07-05T17:23:28.139Z","level":"INFO","service":"user-service","message":"Payment authorization token acquired"}
{"timestamp":"2026-07-05T17:23:46.404Z","level":"INFO","service":"cart-service","message":"User added item to shopping cart"}
{"timestamp":"2026-07-05T17:23:57.613Z","level":"ERROR","service":"payment-service","message":"Failed to retrieve exchange rate from external API provider","stack_trace":"java.io.IOException: connection reset by peer
\tat sun.net.www.http.HttpClient.parseHTTPHeader(HttpClient.java:712)
\tat sun.net.www.protocol.http.HttpURLConnection.getInputStream0(HttpURLConnection.java:1590) [req_ref: 0x36363ae]"}
{"timestamp":"2026-07-05T17:24:11.822Z","level":"INFO","service":"notification-service","message":"Payment authorization token acquired"}
{"timestamp":"2026-07-05T17:24:18.174Z","level":"INFO","service":"user-service","message":"Payment authorization token acquired"}
{"timestamp":"2026-07-05T17:24:43.739Z","level":"ERROR","service":"payment-service","message":"Failed to retrieve exchange rate from external API provider","stack_trace":"java.io.IOException: connection reset by peer
\tat sun.net.www.http.HttpClient.parseHTTPHeader(HttpClient.java:712)
\tat sun.net.www.protocol.http.HttpURLConnection.getInputStream0(HttpURLConnection.java:1590) [req_ref: 0x29030fe]"}
{"timestamp":"2026-07-05T17:25:19.464Z","level":"INFO","service":"cart-service","message":"Payment authorization token acquired"}
{"timestamp":"2026-07-05T17:25:59.142Z","level":"INFO","service":"user-service","message":"Cart session initialized"}
{"timestamp":"2026-07-05T17:26:28.186Z","level":"INFO","service":"catalog-service","message":"User login credentials validated"}
{"timestamp":"2026-07-05T17:26:46.965Z","level":"INFO","service":"notification-service","message":"Payment authorization token acquired"}
{"timestamp":"2026-07-05T17:27:16.489Z","level":"INFO","service":"notification-service","message":"User login credentials validated"}
{"timestamp":"2026-07-05T17:27:39.766Z","level":"INFO","service":"catalog-service","message":"Fetched product catalog data successfully"}
{"timestamp":"2026-07-05T17:28:12.574Z","level":"INFO","service":"notification-service","message":"Fetched product catalog data successfully"}
{"timestamp":"2026-07-05T17:28:47.850Z","level":"INFO","service":"cart-service","message":"User added item to shopping cart"}
{"timestamp":"2026-07-05T17:28:58.621Z","level":"INFO","service":"notification-service","message":"User added item to shopping cart"}
{"timestamp":"2026-07-05T17:29:32.494Z","level":"INFO","service":"cart-service","message":"Payment authorization token acquired"}
{"timestamp":"2026-07-05T17:29:41.156Z","level":"INFO","service":"notification-service","message":"User login credentials validated"}
{"timestamp":"2026-07-05T17:30:05.098Z","level":"INFO","service":"cart-service","message":"Cart session initialized"}
{"timestamp":"2026-07-05T17:30:31.210Z","level":"WARN","service":"user-service","message":"Database connection pool threshold reached (80%)"}
{"timestamp":"2026-07-05T17:30:53.634Z","level":"INFO","service":"notification-service","message":"Cart session initialized"}
{"timestamp":"2026-07-05T17:31:31.777Z","level":"ERROR","service":"payment-service","message":"Failed to retrieve exchange rate from external API provider","stack_trace":"java.io.IOException: connection reset by peer
\tat sun.net.www.http.HttpClient.parseHTTPHeader(HttpClient.java:712)
\tat sun.net.www.protocol.http.HttpURLConnection.getInputStream0(HttpURLConnection.java:1590) [req_ref: 0x5bfb09e]"}
{"timestamp":"2026-07-05T17:32:06.278Z","level":"WARN","service":"catalog-service","message":"Slow query detected on order history catalog lookup"}
{"timestamp":"2026-07-05T17:32:38.358Z","level":"INFO","service":"catalog-service","message":"Payment authorization token acquired"}
{"timestamp":"2026-07-05T17:32:45.492Z","level":"INFO","service":"user-service","message":"Payment authorization token acquired"}
{"timestamp":"2026-07-05T17:33:10.310Z","level":"INFO","service":"notification-service","message":"User login credentials validated"}
{"timestamp":"2026-07-05T17:33:28.653Z","level":"INFO","service":"cart-service","message":"Sending order email confirmation notification"}
{"timestamp":"2026-07-05T17:34:00.549Z","level":"WARN","service":"catalog-service","message":"Slow query detected on order history catalog lookup"}
{"timestamp":"2026-07-05T17:34:11.344Z","level":"INFO","service":"catalog-service","message":"Cart session initialized"}
{"timestamp":"2026-07-05T17:34:25.743Z","level":"INFO","service":"user-service","message":"User login credentials validated"}
{"timestamp":"2026-07-05T17:34:33.498Z","level":"INFO","service":"catalog-service","message":"Sending order email confirmation notification"}
{"timestamp":"2026-07-05T17:34:57.885Z","level":"INFO","service":"user-service","message":"Payment authorization token acquired"}
{"timestamp":"2026-07-05T17:35:15.368Z","level":"WARN","service":"notification-service","message":"Slow query detected on order history catalog lookup"}
{"timestamp":"2026-07-05T17:35:49.127Z","level":"INFO","service":"user-service","message":"Fetched product catalog data successfully"}
{"timestamp":"2026-07-05T17:36:01.126Z","level":"INFO","service":"cart-service","message":"User login credentials validated"}
{"timestamp":"2026-07-05T17:36:35.465Z","level":"INFO","service":"payment-service","message":"User login credentials validated"}
{"timestamp":"2026-07-05T17:36:56.246Z","level":"INFO","service":"user-service","message":"User login credentials validated"}
{"timestamp":"2026-07-05T17:37:35.495Z","level":"INFO","service":"payment-service","message":"Cart session initialized"}
{"timestamp":"2026-07-05T17:38:02.965Z","level":"WARN","service":"cart-service","message":"Slow query detected on order history catalog lookup"}
{"timestamp":"2026-07-05T17:38:39.344Z","level":"INFO","service":"catalog-service","message":"User login credentials validated"}
{"timestamp":"2026-07-05T17:38:50.228Z","level":"INFO","service":"cart-service","message":"User login credentials validated"}
{"timestamp":"2026-07-05T17:39:26.316Z","level":"WARN","service":"user-service","message":"Database connection pool threshold reached (80%)"}
{"timestamp":"2026-07-05T17:40:05.336Z","level":"WARN","service":"cart-service","message":"Slow query detected on order history catalog lookup"}
{"timestamp":"2026-07-05T17:40:23.634Z","level":"INFO","service":"cart-service","message":"Cart session initialized"}
{"timestamp":"2026-07-05T17:40:43.881Z","level":"ERROR","service":"payment-service","message":"Failed to retrieve exchange rate from external API provider","stack_trace":"java.io.IOException: connection reset by peer
\tat sun.net.www.http.HttpClient.parseHTTPHeader(HttpClient.java:712)
\tat sun.net.www.protocol.http.HttpURLConnection.getInputStream0(HttpURLConnection.java:1590) [req_ref: 0x387a0a2]"}
{"timestamp":"2026-07-05T17:41:10.565Z","level":"INFO","service":"user-service","message":"Payment authorization token acquired"}
{"timestamp":"2026-07-05T17:41:46.764Z","level":"INFO","service":"notification-service","message":"User login credentials validated"}
{"timestamp":"2026-07-05T17:42:22.370Z","level":"INFO","service":"notification-service","message":"User added item to shopping cart"}
{"timestamp":"2026-07-05T17:42:53.412Z","level":"INFO","service":"user-service","message":"Cart session initialized"}
{"timestamp":"2026-07-05T17:43:31.791Z","level":"INFO","service":"cart-service","message":"User added item to shopping cart"}
{"timestamp":"2026-07-05T17:43:48.420Z","level":"INFO","service":"payment-service","message":"Sending order email confirmation notification"}
{"timestamp":"2026-07-05T17:44:06.759Z","level":"WARN","service":"cart-service","message":"Slow query detected on order history catalog lookup"}
{"timestamp":"2026-07-05T17:44:11.307Z","level":"WARN","service":"user-service","message":"Slow query detected on order history catalog lookup"}
{"timestamp":"2026-07-05T17:44:22.257Z","level":"WARN","service":"catalog-service","message":"Slow query detected on order history catalog lookup"}
{"timestamp":"2026-07-05T17:44:33.260Z","level":"WARN","service":"catalog-service","message":"Slow query detected on order history catalog lookup"}
{"timestamp":"2026-07-05T17:44:53.997Z","level":"INFO","service":"cart-service","message":"User added item to shopping cart"}
{"timestamp":"2026-07-05T17:45:33.357Z","level":"INFO","service":"cart-service","message":"Payment authorization token acquired"}
{"timestamp":"2026-07-05T17:45:40.530Z","level":"WARN","service":"payment-service","message":"Slow query detected on order history catalog lookup"}
{"timestamp":"2026-07-05T17:46:03.381Z","level":"INFO","service":"catalog-service","message":"Fetched product catalog data successfully"}
{"timestamp":"2026-07-05T17:46:15.472Z","level":"INFO","service":"user-service","message":"Sending order email confirmation notification"}
{"timestamp":"2026-07-05T17:46:44.103Z","level":"INFO","service":"user-service","message":"User added item to shopping cart"}
{"timestamp":"2026-07-05T17:47:18.356Z","level":"INFO","service":"notification-service","message":"Fetched product catalog data successfully"}
{"timestamp":"2026-07-05T17:47:25.776Z","level":"WARN","service":"user-service","message":"Slow query detected on order history catalog lookup"}
{"timestamp":"2026-07-05T17:47:32.962Z","level":"WARN","service":"catalog-service","message":"Slow query detected on order history catalog lookup"}
{"timestamp":"2026-07-05T17:47:54.588Z","level":"WARN","service":"user-service","message":"Slow query detected on order history catalog lookup"}
{"timestamp":"2026-07-05T17:48:33.442Z","level":"INFO","service":"notification-service","message":"Cart session initialized"}
{"timestamp":"2026-07-05T17:49:11.320Z","level":"INFO","service":"cart-service","message":"User added item to shopping cart"}
{"timestamp":"2026-07-05T17:49:41.925Z","level":"INFO","service":"payment-service","message":"User added item to shopping cart"}
{"timestamp":"2026-07-05T17:50:09.592Z","level":"ERROR","service":"payment-service","message":"Failed to retrieve exchange rate from external API provider","stack_trace":"java.io.IOException: connection reset by peer
\tat sun.net.www.http.HttpClient.parseHTTPHeader(HttpClient.java:712)
\tat sun.net.www.protocol.http.HttpURLConnection.getInputStream0(HttpURLConnection.java:1590) [req_ref: 0x54770b9]"}
{"timestamp":"2026-07-05T17:50:39.693Z","level":"INFO","service":"payment-service","message":"Payment authorization token acquired"}
{"timestamp":"2026-07-05T17:50:56.809Z","level":"WARN","service":"catalog-service","message":"Slow query detected on order history catalog lookup"}
{"timestamp":"2026-07-05T17:51:16.376Z","level":"ERROR","service":"cart-service","message":"Failed to retrieve exchange rate from external API provider","stack_trace":"java.io.IOException: connection reset by peer
\tat sun.net.www.http.HttpClient.parseHTTPHeader(HttpClient.java:712)
\tat sun.net.www.protocol.http.HttpURLConnection.getInputStream0(HttpURLConnection.java:1590) [req_ref: 0x559cf29]"}
{"timestamp":"2026-07-05T17:51:52.059Z","level":"INFO","service":"catalog-service","message":"Cart session initialized"}
{"timestamp":"2026-07-05T17:52:05.546Z","level":"INFO","service":"notification-service","message":"Sending order email confirmation notification"}
{"timestamp":"2026-07-05T17:52:27.797Z","level":"INFO","service":"user-service","message":"Sending order email confirmation notification"}
{"timestamp":"2026-07-05T17:52:46.820Z","level":"INFO","service":"cart-service","message":"User added item to shopping cart"}
{"timestamp":"2026-07-05T17:53:03.626Z","level":"INFO","service":"user-service","message":"User added item to shopping cart"}
{"timestamp":"2026-07-05T17:53:25.194Z","level":"WARN","service":"user-service","message":"Slow query detected on order history catalog lookup"}
{"timestamp":"2026-07-05T17:53:49.168Z","level":"INFO","service":"catalog-service","message":"User login credentials validated"}
{"timestamp":"2026-07-05T17:54:08.442Z","level":"INFO","service":"catalog-service","message":"Sending order email confirmation notification"}
{"timestamp":"2026-07-05T17:54:33.491Z","level":"WARN","service":"notification-service","message":"Database connection pool threshold reached (80%)"}
{"timestamp":"2026-07-05T17:55:06.787Z","level":"INFO","service":"user-service","message":"User login credentials validated"}
{"timestamp":"2026-07-05T17:55:44.986Z","level":"INFO","service":"user-service","message":"Sending order email confirmation notification"}
{"timestamp":"2026-07-05T17:55:49.680Z","level":"WARN","service":"user-service","message":"Slow query detected on order history catalog lookup"}
{"timestamp":"2026-07-05T17:56:08.823Z","level":"WARN","service":"cart-service","message":"Database connection pool threshold reached (80%)"}
{"timestamp":"2026-07-05T17:56:36.574Z","level":"WARN","service":"payment-service","message":"Database connection pool threshold reached (80%)"}
{"timestamp":"2026-07-05T17:56:42.525Z","level":"INFO","service":"payment-service","message":"Payment authorization token acquired"}
{"timestamp":"2026-07-05T17:56:58.971Z","level":"INFO","service":"catalog-service","message":"Sending order email confirmation notification"}
{"timestamp":"2026-07-05T17:57:33.829Z","level":"INFO","service":"notification-service","message":"User login credentials validated"}
{"timestamp":"2026-07-05T17:57:42.144Z","level":"ERROR","service":"notification-service","message":"Failed to retrieve exchange rate from external API provider","stack_trace":"java.io.IOException: connection reset by peer
\tat sun.net.www.http.HttpClient.parseHTTPHeader(HttpClient.java:712)
\tat sun.net.www.protocol.http.HttpURLConnection.getInputStream0(HttpURLConnection.java:1590) [req_ref: 0x3b80131]"}
{"timestamp":"2026-07-05T17:57:53.090Z","level":"INFO","service":"payment-service","message":"Cart session initialized"}
{"timestamp":"2026-07-05T17:58:10.815Z","level":"INFO","service":"payment-service","message":"User added item to shopping cart"}
{"timestamp":"2026-07-05T17:58:31.641Z","level":"INFO","service":"payment-service","message":"Payment authorization token acquired"}
{"timestamp":"2026-07-05T17:58:46.824Z","level":"INFO","service":"catalog-service","message":"User added item to shopping cart"}
{"timestamp":"2026-07-05T17:58:57.599Z","level":"ERROR","service":"catalog-service","message":"Failed to retrieve exchange rate from external API provider","stack_trace":"java.io.IOException: connection reset by peer
\tat sun.net.www.http.HttpClient.parseHTTPHeader(HttpClient.java:712)
\tat sun.net.www.protocol.http.HttpURLConnection.getInputStream0(HttpURLConnection.java:1590) [req_ref: 0x5230cf6]"}
{"timestamp":"2026-07-05T17:59:11.863Z","level":"INFO","service":"cart-service","message":"User login credentials validated"}
{"timestamp":"2026-07-05T17:59:41.776Z","level":"WARN","service":"cart-service","message":"Slow query detected on order history catalog lookup"}
{"timestamp":"2026-07-05T18:00:02.644Z","level":"WARN","service":"cart-service","message":"Database connection pool threshold reached (80%)"}
{"timestamp":"2026-07-05T18:00:30.716Z","level":"INFO","service":"payment-service","message":"Cart session initialized"}
{"timestamp":"2026-07-05T18:00:58.702Z","level":"INFO","service":"cart-service","message":"User login credentials validated"}
{"timestamp":"2026-07-05T18:01:21.946Z","level":"INFO","service":"user-service","message":"User added item to shopping cart"}
{"timestamp":"2026-07-05T18:01:59.099Z","level":"INFO","service":"notification-service","message":"Payment authorization token acquired"}
{"timestamp":"2026-07-05T18:02:09.218Z","level":"WARN","service":"catalog-service","message":"Slow query detected on order history catalog lookup"}
{"timestamp":"2026-07-05T18:02:26.523Z","level":"INFO","service":"user-service","message":"Payment authorization token acquired"}
{"timestamp":"2026-07-05T18:02:40.059Z","level":"ERROR","service":"payment-service","message":"Failed to retrieve exchange rate from external API provider","stack_trace":"java.io.IOException: connection reset by peer
\tat sun.net.www.http.HttpClient.parseHTTPHeader(HttpClient.java:712)
\tat sun.net.www.protocol.http.HttpURLConnection.getInputStream0(HttpURLConnection.java:1590) [req_ref: 0x5c7d4bc]"}
{"timestamp":"2026-07-05T18:02:51.706Z","level":"INFO","service":"notification-service","message":"Sending order email confirmation notification"}
{"timestamp":"2026-07-05T18:03:24.857Z","level":"ERROR","service":"catalog-service","message":"Failed to retrieve exchange rate from external API provider","stack_trace":"java.io.IOException: connection reset by peer
\tat sun.net.www.http.HttpClient.parseHTTPHeader(HttpClient.java:712)
\tat sun.net.www.protocol.http.HttpURLConnection.getInputStream0(HttpURLConnection.java:1590) [req_ref: 0x300d913]"}
{"timestamp":"2026-07-05T18:04:03.797Z","level":"WARN","service":"cart-service","message":"Slow query detected on order history catalog lookup"}
{"timestamp":"2026-07-05T18:04:13.266Z","level":"INFO","service":"catalog-service","message":"Cart session initialized"}
{"timestamp":"2026-07-05T18:04:28.028Z","level":"INFO","service":"user-service","message":"User login credentials validated"}
{"timestamp":"2026-07-05T18:05:06.249Z","level":"INFO","service":"payment-service","message":"Sending order email confirmation notification"}
{"timestamp":"2026-07-05T18:05:31.273Z","level":"INFO","service":"user-service","message":"User added item to shopping cart"}
{"timestamp":"2026-07-05T18:05:43.189Z","level":"INFO","service":"catalog-service","message":"Cart session initialized"}
{"timestamp":"2026-07-05T18:06:22.212Z","level":"INFO","service":"catalog-service","message":"Fetched product catalog data successfully"}
{"timestamp":"2026-07-05T18:06:39.001Z","level":"WARN","service":"notification-service","message":"Slow query detected on order history catalog lookup"}
{"timestamp":"2026-07-05T18:07:09.942Z","level":"WARN","service":"cart-service","message":"Slow query detected on order history catalog lookup"}
{"timestamp":"2026-07-05T18:07:44.047Z","level":"INFO","service":"notification-service","message":"Fetched product catalog data successfully"}
{"timestamp":"2026-07-05T18:08:15.677Z","level":"WARN","service":"catalog-service","message":"Database connection pool threshold reached (80%)"}
{"timestamp":"2026-07-05T18:08:26.994Z","level":"INFO","service":"notification-service","message":"Sending order email confirmation notification"}
{"timestamp":"2026-07-05T18:09:00.386Z","level":"INFO","service":"payment-service","message":"Payment authorization token acquired"}
{"timestamp":"2026-07-05T18:09:05.494Z","level":"WARN","service":"catalog-service","message":"Slow query detected on order history catalog lookup"}
{"timestamp":"2026-07-05T18:09:14.651Z","level":"INFO","service":"catalog-service","message":"Cart session initialized"}
{"timestamp":"2026-07-05T18:09:25.510Z","level":"INFO","service":"payment-service","message":"Fetched product catalog data successfully"}
{"timestamp":"2026-07-05T18:09:48.558Z","level":"ERROR","service":"notification-service","message":"Failed to retrieve exchange rate from external API provider","stack_trace":"java.io.IOException: connection reset by peer
\tat sun.net.www.http.HttpClient.parseHTTPHeader(HttpClient.java:712)
\tat sun.net.www.protocol.http.HttpURLConnection.getInputStream0(HttpURLConnection.java:1590) [req_ref: 0x3c10a2a]"}
{"timestamp":"2026-07-05T18:10:12.105Z","level":"WARN","service":"notification-service","message":"Database connection pool threshold reached (80%)"}
{"timestamp":"2026-07-05T18:10:31.045Z","level":"INFO","service":"payment-service","message":"Cart session initialized"}
{"timestamp":"2026-07-05T18:11:00.865Z","level":"INFO","service":"cart-service","message":"Payment authorization token acquired"}
{"timestamp":"2026-07-05T18:11:30.262Z","level":"WARN","service":"notification-service","message":"Database connection pool threshold reached (80%)"}
{"timestamp":"2026-07-05T18:12:04.305Z","level":"INFO","service":"user-service","message":"User added item to shopping cart"}
{"timestamp":"2026-07-05T18:12:34.037Z","level":"INFO","service":"cart-service","message":"Sending order email confirmation notification"}
{"timestamp":"2026-07-05T18:12:40.396Z","level":"INFO","service":"cart-service","message":"Fetched product catalog data successfully"}
{"timestamp":"2026-07-05T18:13:16.660Z","level":"INFO","service":"user-service","message":"Sending order email confirmation notification"}
{"timestamp":"2026-07-05T18:13:40.133Z","level":"INFO","service":"cart-service","message":"User added item to shopping cart"}
{"timestamp":"2026-07-05T18:14:13.699Z","level":"INFO","service":"user-service","message":"User added item to shopping cart"}
{"timestamp":"2026-07-05T18:14:53.070Z","level":"ERROR","service":"cart-service","message":"Failed to retrieve exchange rate from external API provider","stack_trace":"java.io.IOException: connection reset by peer
\tat sun.net.www.http.HttpClient.parseHTTPHeader(HttpClient.java:712)
\tat sun.net.www.protocol.http.HttpURLConnection.getInputStream0(HttpURLConnection.java:1590) [req_ref: 0x52fdeb2]"
{"timestamp":"2026-07-05T18:15:23.557Z","level":"WARN","service":"payment-service","message":"Database connection pool threshold reached (80%)"}
{"timestamp":"2026-07-05T18:15:57.977Z","level":"WARN","service":"user-service","message":"Slow query detected on order history catalog lookup"}
{"timestamp":"2026-07-05T18:16:19.179Z","level":"INFO","service":"user-service","message":"Payment authorization token acquired"}
{"timestamp":"2026-07-05T18:16:39.068Z","level":"INFO","service":"notification-service","message":"Sending order email confirmation notification"}
{"timestamp":"2026-07-05T18:17:09.746Z","level":"INFO","service":"payment-service","message":"Payment authorization token acquired"}
{"timestamp":"2026-07-05T18:17:24.411Z","level":"INFO","service":"user-service","message":"Cart session initialized"}
{"timestamp":"2026-07-05T18:17:40.115Z","level":"INFO","service":"catalog-service","message":"Fetched product catalog data successfully"}
{"timestamp":"2026-07-05T18:18:20.724Z","level":"WARN","service":"notification-service","message":"Slow query detected on order history catalog lookup"}
{"timestamp":"2026-07-05T18:18:48.811Z","level":"ERROR","service":"cart-service","message":"Failed to retrieve exchange rate from external API provider","stack_trace":"java.io.IOException: connection reset by peer
\tat sun.net.www.http.HttpClient.parseHTTPHeader(HttpClient.java:712)
\tat sun.net.www.protocol.http.HttpURLConnection.getInputStream0(HttpURLConnection.java:1590) [req_ref: 0xae04ee]"
{"timestamp":"2026-07-05T18:19:07.203Z","level":"ERROR","service":"cart-service","message":"Failed to retrieve exchange rate from external API provider","stack_trace":"java.io.IOException: connection reset by peer
\tat sun.net.www.http.HttpClient.parseHTTPHeader(HttpClient.java:712)
\tat sun.net.www.protocol.http.HttpURLConnection.getInputStream0(HttpURLConnection.java:1590) [req_ref: 0x2713f24]"}
{"timestamp":"2026-07-05T18:19:31.196Z","level":"INFO","service":"notification-service","message":"User added item to shopping cart"}
{"timestamp":"2026-07-05T18:19:36.418Z","level":"WARN","service":"cart-service","message":"Slow query detected on order history catalog lookup"}
{"timestamp":"2026-07-05T18:19:56.906Z","level":"INFO","service":"cart-service","message":"User added item to shopping cart"}
{"timestamp":"2026-07-05T18:20:07.534Z","level":"ERROR","service":"auth-service","message":"Authentication framework failed during LDAP lookup",
"stack_trace":"java.lang.NullPointerException
\tat com.auth.provider.LDAPProvider.authenticate(LDAPProvider.java:88)
\tat com.auth.service.AuthManager.verify(AuthManager.java:34) [session_ctx: 0x346f5f3377646b3c7b6523]
\tat com.auth.controller.LoginController.login(LoginController.java:12)"}
{"timestamp":"2026-07-05T18:20:31.318Z","level":"INFO","service":"cart-service","message":"User login credentials validated"}
{"timestamp":"2026-07-05T18:21:00.587Z","level":"INFO","service":"payment-service","message":"Payment authorization token acquired"}
{"timestamp":"2026-07-05T18:21:12.026Z","level":"INFO","service":"payment-service","message":"User added item to shopping cart"}
{"timestamp":"2026-07-05T18:21:36.048Z","level":"INFO","service":"user-service","message":"Cart session initialized"}
{"timestamp":"2026-07-05T18:22:15.250Z","level":"INFO","service":"payment-service","message":"User added item to shopping cart"}
{"timestamp":"2026-07-05T18:22:41.376Z","level":"WARN","service":"notification-service","message":"Slow query detected on order history catalog lookup"}
{"timestamp":"2026-07-05T18:22:46.954Z","level":"INFO","service":"payment-service","message":"Payment authorization token acquired"}
{"timestamp":"2026-07-05T18:23:20.102Z","level":"WARN","service":"catalog-service","message":"Slow query detected on order history catalog lookup"}
{"timestamp":"2026-07-05T18:23:30.877Z","level":"INFO","service":"catalog-service","message":"Fetched product catalog data successfully"}
{"timestamp":"2026-07-05T18:23:47.033Z","level":"WARN","service":"cart-service","message":"Database connection pool threshold reached (80%)"}
{"timestamp":"2026-07-05T18:24:24.462Z","level":"INFO","service":"user-service","message":"User login credentials validated"}
{"timestamp":"2026-07-05T18:24:33.132Z","level":"WARN","service":"cart-service","message":"Database connection pool threshold reached (80%)"}
{"timestamp":"2026-07-05T18:24:38.337Z","level":"WARN","service":"user-service","message":"Database connection pool threshold reached (80%)"}
{"timestamp":"2026-07-05T18:24:59.553Z","level":"ERROR","service":"payment-service","message":"Failed to retrieve exchange rate from external API provider","stack_trace":"java.io.IOException: connection reset by peer
\tat sun.net.www.http.HttpClient.parseHTTPHeader(HttpClient.java:712)
\tat sun.net.www.protocol.http.HttpURLConnection.getInputStream0(HttpURLConnection.java:1590) [req_ref: 0x552213c]"}
{"timestamp":"2026-07-05T18:25:19.458Z","level":"ERROR","service":"catalog-service","message":"Failed to retrieve exchange rate from external API provider","stack_trace":"java.io.IOException: connection reset by peer
\tat sun.net.www.http.HttpClient.parseHTTPHeader(HttpClient.java:712)
\tat sun.net.www.protocol.http.HttpURLConnection.getInputStream0(HttpURLConnection.java:1590) [req_ref: 0x2aabfb0]"
{"timestamp":"2026-07-05T18:25:59.464Z","level":"WARN","service":"catalog-service","message":"Slow query detected on order history catalog lookup"}
{"timestamp":"2026-07-05T18:26:33.886Z","level":"INFO","service":"catalog-service","message":"Fetched product catalog data successfully"}
{"timestamp":"2026-07-05T18:26:38.397Z","level":"INFO","service":"cart-service","message":"Sending order email confirmation notification"}
{"timestamp":"2026-07-05T18:27:02.332Z","level":"WARN","service":"notification-service","message":"Slow query detected on order history catalog lookup"}
{"timestamp":"2026-07-05T18:27:21.862Z","level":"WARN","service":"user-service","message":"Slow query detected on order history catalog lookup"}
{"timestamp":"2026-07-05T18:27:41.045Z","level":"INFO","service":"payment-service","message":"Sending order email confirmation notification"}
{"timestamp":"2026-07-05T18:27:57.270Z","level":"WARN","service":"notification-service","message":"Database connection pool threshold reached (80%)"}
{"timestamp":"2026-07-05T18:28:30.341Z","level":"INFO","service":"catalog-service","message":"User login credentials validated"}
{"timestamp":"2026-07-05T18:28:56.119Z","level":"INFO","service":"user-service","message":"User login credentials validated"}
{"timestamp":"2026-07-05T18:29:35.287Z","level":"INFO","service":"notification-service","message":"Fetched product catalog data successfully"}
{"timestamp":"2026-07-05T18:29:59.717Z","level":"INFO","service":"catalog-service","message":"Sending order email confirmation notification"}
{"timestamp":"2026-07-05T18:30:11.554Z","level":"INFO","service":"user-service","message":"Payment authorization token acquired"}
{"timestamp":"2026-07-05T18:30:40.020Z","level":"INFO","service":"cart-service","message":"User login credentials validated"}
{"timestamp":"2026-07-05T18:30:55.495Z","level":"WARN","service":"user-service","message":"Slow query detected on order history catalog lookup"}
{"timestamp":"2026-07-05T18:31:23.837Z","level":"INFO","service":"notification-service","message":"User login credentials validated"}
{"timestamp":"2026-07-05T18:31:58.423Z","level":"INFO","service":"user-service","message":"User added item to shopping cart"}
{"timestamp":"2026-07-05T18:32:09.052Z","level":"WARN","service":"catalog-service","message":"Slow query detected on order history catalog lookup"}
{"timestamp":"2026-07-05T18:32:39.314Z","level":"INFO","service":"catalog-service","message":"Payment authorization token acquired"}
{"timestamp":"2026-07-05T18:33:02.689Z","level":"WARN","service":"cart-service","message":"Database connection pool threshold reached (80%)"}
{"timestamp":"2026-07-05T18:33:28.472Z","level":"ERROR","service":"payment-service","message":"Failed to retrieve exchange rate from external API provider","stack_trace":"java.io.IOException: connection reset by peer
\tat sun.net.www.http.HttpClient.parseHTTPHeader(HttpClient.java:712)
\tat sun.net.www.protocol.http.HttpURLConnection.getInputStream0(HttpURLConnection.java:1590) [req_ref: 0x51e4513]"}
{"timestamp":"2026-07-05T18:33:42.170Z","level":"INFO","service":"catalog-service","message":"Sending order email confirmation notification"}
{"timestamp":"2026-07-05T18:34:05.519Z","level":"INFO","service":"cart-service","message":"User login credentials validated"}
{"timestamp":"2026-07-05T18:34:11.776Z","level":"INFO","service":"payment-service","message":"Fetched product catalog data successfully"}
{"timestamp":"2026-07-05T18:34:48.264Z","level":"ERROR","service":"catalog-service","message":"Failed to retrieve exchange rate from external API provider","stack_trace":"java.io.IOException: connection reset by peer
\tat sun.net.www.http.HttpClient.parseHTTPHeader(HttpClient.java:712)
\tat sun.net.www.protocol.http.HttpURLConnection.getInputStream0(HttpURLConnection.java:1590) [req_ref: 0x363155f]"}
{"timestamp":"2026-07-05T18:34:53.863Z","level":"WARN","service":"catalog-service","message":"Database connection pool threshold reached (80%)"}
{"timestamp":"2026-07-05T18:35:09.944Z","level":"INFO","service":"catalog-service","message":"User added item to shopping cart"}
{"timestamp":"2026-07-05T18:35:27.531Z","level":"WARN","service":"payment-service","message":"Database connection pool threshold reached (80%)"}
{"timestamp":"2026-07-05T18:36:07.487Z","level":"WARN","service":"user-service","message":"Slow query detected on order history catalog lookup"}
{"timestamp":"2026-07-05T18:36:40.911Z","level":"WARN","service":"catalog-service","message":"Slow query detected on order history catalog lookup"}
{"timestamp":"2026-07-05T18:37:08.479Z","level":"INFO","service":"user-service","message":"Sending order email confirmation notification"}
{"timestamp":"2026-07-05T18:37:39.147Z","level":"INFO","service":"catalog-service","message":"Sending order email confirmation notification"}
{"timestamp":"2026-07-05T18:38:15.479Z","level":"INFO","service":"notification-service","message":"Cart session initialized"}
{"timestamp":"2026-07-05T18:38:48.071Z","level":"INFO","service":"user-service","message":"Fetched product catalog data successfully"}
{"timestamp":"2026-07-05T18:39:21.777Z","level":"INFO","service":"payment-service","message":"Payment authorization token acquired"}
{"timestamp":"2026-07-05T18:39:33.133Z","level":"WARN","service":"notification-service","message":"Database connection pool threshold reached (80%)"}
{"timestamp":"2026-07-05T18:39:49.191Z","level":"WARN","service":"user-service","message":"Database connection pool threshold reached (80%)"}
{"timestamp":"2026-07-05T18:40:28.990Z","level":"INFO","service":"payment-service","message":"User login credentials validated"}
{"timestamp":"2026-07-05T18:40:45.167Z","level":"INFO","service":"payment-service","message":"Sending order email confirmation notification"}
{"timestamp":"2026-07-05T18:41:05.053Z","level":"INFO","service":"payment-service","message":"Sending order email confirmation notification"}
{"timestamp":"2026-07-05T18:41:24.258Z","level":"WARN","service":"cart-service","message":"Database connection pool threshold reached (80%)"}
{"timestamp":"2026-07-05T18:41:30.806Z","level":"INFO","service":"catalog-service","message":"Fetched product catalog data successfully"}
{"timestamp":"2026-07-05T18:41:59.579Z","level":"INFO","service":"cart-service","message":"Sending order email confirmation notification"}
{"timestamp":"2026-07-05T18:42:04.408Z","level":"INFO","service":"notification-service","message":"Payment authorization token acquired"}
{"timestamp":"2026-07-05T18:42:17.195Z","level":"WARN","service":"cart-service","message":"Slow query detected on order history catalog lookup"}
{"timestamp":"2026-07-05T18:42:56.901Z","level":"INFO","service":"catalog-service","message":"Payment authorization token acquired"}
{"timestamp":"2026-07-05T18:43:09.613Z","level":"INFO","service":"cart-service","message":"User added item to shopping cart"}
{"timestamp":"2026-07-05T18:43:22.517Z","level":"INFO","service":"cart-service","message":"Sending order email confirmation notification"}
{"timestamp":"2026-07-05T18:43:57.732Z","level":"INFO","service":"user-service","message":"Fetched product catalog data successfully"}
{"timestamp":"2026-07-05T18:44:26.882Z","level":"INFO","service":"cart-service","message":"User login credentials validated"}
{"timestamp":"2026-07-05T18:45:04.907Z","level":"INFO","service":"notification-service","message":"Payment authorization token acquired"}
{"timestamp":"2026-07-05T18:45:27.544Z","level":"INFO","service":"catalog-service","message":"Payment authorization token acquired"}
{"timestamp":"2026-07-05T18:45:47.109Z","level":"ERROR","service":"user-service","message":"Failed to retrieve exchange rate from external API provider","stack_trace":"java.io.IOException: connection reset by peer
\tat sun.net.www.http.HttpClient.parseHTTPHeader(HttpClient.java:712)
\tat sun.net.www.protocol.http.HttpURLConnection.getInputStream0(HttpURLConnection.java:1590) [req_ref: 0xacab86]"}
{"timestamp":"2026-07-05T18:46:15.358Z","level":"INFO","service":"cart-service","message":"Cart session initialized"}
{"timestamp":"2026-07-05T18:46:53.821Z","level":"INFO","service":"user-service","message":"Payment authorization token acquired"}
{"timestamp":"2026-07-05T18:47:13.997Z","level":"WARN","service":"catalog-service","message":"Database connection pool threshold reached (80%)"}
{"timestamp":"2026-07-05T18:47:37.993Z","level":"INFO","service":"payment-service","message":"Payment authorization token acquired"}
{"timestamp":"2026-07-05T18:48:03.819Z","level":"WARN","service":"user-service","message":"Slow query detected on order history catalog lookup"}
{"timestamp":"2026-07-05T18:48:43.880Z","level":"ERROR","service":"catalog-service","message":"Failed to retrieve exchange rate from external API provider","stack_trace":"java.io.IOException: connection reset by peer
\tat sun.net.www.http.HttpClient.parseHTTPHeader(HttpClient.java:712)
\tat sun.net.www.protocol.http.HttpURLConnection.getInputStream0(HttpURLConnection.java:1590) [req_ref: 0x4d618f3]"}
{"timestamp":"2026-07-05T18:49:16.557Z","level":"INFO","service":"catalog-service","message":"Fetched product catalog data successfully"}
{"timestamp":"2026-07-05T18:49:32.043Z","level":"INFO","service":"payment-service","message":"Cart session initialized"}
{"timestamp":"2026-07-05T18:49:47.125Z","level":"INFO","service":"payment-service","message":"User added item to shopping cart"}
{"timestamp":"2026-07-05T18:50:22.035Z","level":"INFO","service":"user-service","message":"Payment authorization token acquired"}
{"timestamp":"2026-07-05T18:51:02.410Z","level":"INFO","service":"catalog-service","message":"Sending order email confirmation notification"}
{"timestamp":"2026-07-05T18:51:15.552Z","level":"ERROR","service":"catalog-service","message":"Failed to retrieve exchange rate from external API provider","stack_trace":"java.io.IOException: connection reset by peer
\tat sun.net.www.http.HttpClient.parseHTTPHeader(HttpClient.java:712)
\tat sun.net.www.protocol.http.HttpURLConnection.getInputStream0(HttpURLConnection.java:1590) [req_ref: 0x477e4d8]"
{"timestamp":"2026-07-05T18:51:53.508Z","level":"INFO","service":"payment-service","message":"User added item to shopping cart"}
{"timestamp":"2026-07-05T18:52:14.820Z","level":"INFO","service":"payment-service","message":"User login credentials validated"}
{"timestamp":"2026-07-05T18:52:42.816Z","level":"INFO","service":"catalog-service","message":"Cart session initialized"}
{"timestamp":"2026-07-05T18:52:54.485Z","level":"WARN","service":"notification-service","message":"Database connection pool threshold reached (80%)"}
{"timestamp":"2026-07-05T18:53:18.307Z","level":"WARN","service":"user-service","message":"Database connection pool threshold reached (80%)"}
{"timestamp":"2026-07-05T18:53:23.240Z","level":"INFO","service":"payment-service","message":"Cart session initialized"}
{"timestamp":"2026-07-05T18:54:02.570Z","level":"INFO","service":"notification-service","message":"Fetched product catalog data successfully"}
{"timestamp":"2026-07-05T18:54:37.004Z","level":"INFO","service":"user-service","message":"Payment authorization token acquired"}
{"timestamp":"2026-07-05T18:54:47.718Z","level":"INFO","service":"user-service","message":"Cart session initialized"}
{"timestamp":"2026-07-05T18:55:25.499Z","level":"INFO","service":"cart-service","message":"Payment authorization token acquired"}
{"timestamp":"2026-07-05T18:55:35.153Z","level":"INFO","service":"user-service","message":"Cart session initialized"}
{"timestamp":"2026-07-05T18:55:50.748Z","level":"INFO","service":"user-service","message":"User added item to shopping cart"}
{"timestamp":"2026-07-05T18:56:26.369Z","level":"INFO","service":"cart-service","message":"Payment authorization token acquired"}
{"timestamp":"2026-07-05T18:56:48.068Z","level":"INFO","service":"catalog-service","message":"User login credentials validated"}
{"timestamp":"2026-07-05T18:57:26.510Z","level":"INFO","service":"notification-service","message":"Cart session initialized"}
{"timestamp":"2026-07-05T18:57:35.056Z","level":"WARN","service":"cart-service","message":"Database connection pool threshold reached (80%)"}
{"timestamp":"2026-07-05T18:58:06.134Z","level":"INFO","service":"catalog-service","message":"Payment authorization token acquired"}
{"timestamp":"2026-07-05T18:58:12.798Z","level":"INFO","service":"user-service","message":"Payment authorization token acquired"}
{"timestamp":"2026-07-05T18:58:27.415Z","level":"WARN","service":"notification-service","message":"Slow query detected on order history catalog lookup"}
{"timestamp":"2026-07-05T18:58:48.282Z","level":"INFO","service":"payment-service","message":"Fetched product catalog data successfully"}
{"timestamp":"2026-07-05T18:59:07.888Z","level":"INFO","service":"catalog-service","message":"Fetched product catalog data successfully"}
{"timestamp":"2026-07-05T18:59:42.547Z","level":"INFO","service":"cart-service","message":"User login credentials validated"}
{"timestamp":"2026-07-05T19:00:21.954Z","level":"INFO","service":"payment-service","message":"Sending order email confirmation notification"}
{"timestamp":"2026-07-05T19:00:26.586Z","level":"ERROR","service":"cart-service","message":"Failed to retrieve exchange rate from external API provider","stack_trace":"java.io.IOException: connection reset by peer
\tat sun.net.www.http.HttpClient.parseHTTPHeader(HttpClient.java:712)
\tat sun.net.www.protocol.http.HttpURLConnection.getInputStream0(HttpURLConnection.java:1590) [req_ref: 0x48b181b]"
{"timestamp":"2026-07-05T19:00:46.705Z","level":"INFO","service":"notification-service","message":"Sending order email confirmation notification"}
{"timestamp":"2026-07-05T19:01:16.547Z","level":"WARN","service":"user-service","message":"Database connection pool threshold reached (80%)"}
{"timestamp":"2026-07-05T19:01:24.814Z","level":"INFO","service":"user-service","message":"User login credentials validated"}
{"timestamp":"2026-07-05T19:01:50.456Z","level":"INFO","service":"notification-service","message":"Cart session initialized"}
{"timestamp":"2026-07-05T19:02:09.137Z","level":"WARN","service":"catalog-service","message":"Slow query detected on order history catalog lookup"}
{"timestamp":"2026-07-05T19:02:18.274Z","level":"INFO","service":"notification-service","message":"Payment authorization token acquired"}
{"timestamp":"2026-07-05T19:02:55.720Z","level":"WARN","service":"user-service","message":"Slow query detected on order history catalog lookup"}
{"timestamp":"2026-07-05T19:03:00.097Z","level":"INFO","service":"cart-service","message":"Fetched product catalog data successfully"}
{"timestamp":"2026-07-05T19:03:11.579Z","level":"WARN","service":"catalog-service","message":"Slow query detected on order history catalog lookup"}
{"timestamp":"2026-07-05T19:03:46.685Z","level":"INFO","service":"payment-service","message":"Fetched product catalog data successfully"}
{"timestamp":"2026-07-05T19:03:59.358Z","level":"INFO","service":"user-service","message":"Cart session initialized"}
{"timestamp":"2026-07-05T19:04:06.122Z","level":"INFO","service":"notification-service","message":"Cart session initialized"}
{"timestamp":"2026-07-05T19:04:46.741Z","level":"INFO","service":"cart-service","message":"Cart session initialized"}
{"timestamp":"2026-07-05T19:05:06.232Z","level":"WARN","service":"payment-service","message":"Slow query detected on order history catalog lookup"}
{"timestamp":"2026-07-05T19:05:11.851Z","level":"INFO","service":"cart-service","message":"Sending order email confirmation notification"}
{"timestamp":"2026-07-05T19:05:46.599Z","level":"ERROR","service":"cart-service","message":"Failed to retrieve exchange rate from external API provider","stack_trace":"java.io.IOException: connection reset by peer
\tat sun.net.www.http.HttpClient.parseHTTPHeader(HttpClient.java:712)
\tat sun.net.www.protocol.http.HttpURLConnection.getInputStream0(HttpURLConnection.java:1590) [req_ref: 0x1e3644b]"}
{"timestamp":"2026-07-05T19:05:57.351Z","level":"INFO","service":"notification-service","message":"Payment authorization token acquired"}
{"timestamp":"2026-07-05T19:06:22.830Z","level":"INFO","service":"user-service","message":"User added item to shopping cart"}
{"timestamp":"2026-07-05T19:06:54.862Z","level":"WARN","service":"payment-service","message":"Slow query detected on order history catalog lookup"}
{"timestamp":"2026-07-05T19:07:04.289Z","level":"INFO","service":"notification-service","message":"Cart session initialized"}
{"timestamp":"2026-07-05T19:07:10.925Z","level":"INFO","service":"catalog-service","message":"Payment authorization token acquired"}
{"timestamp":"2026-07-05T19:07:44.309Z","level":"INFO","service":"user-service","message":"User login credentials validated"}
{"timestamp":"2026-07-05T19:08:00.306Z","level":"WARN","service":"notification-service","message":"Slow query detected on order history catalog lookup"}
{"timestamp":"2026-07-05T19:08:20.596Z","level":"INFO","service":"catalog-service","message":"Cart session initialized"}
{"timestamp":"2026-07-05T19:08:49.133Z","level":"INFO","service":"cart-service","message":"User added item to shopping cart"}
{"timestamp":"2026-07-05T19:09:27.947Z","level":"INFO","service":"notification-service","message":"Sending order email confirmation notification"}
{"timestamp":"2026-07-05T19:09:36.182Z","level":"WARN","service":"cart-service","message":"Slow query detected on order history catalog lookup"}
{"timestamp":"2026-07-05T19:10:09.241Z","level":"WARN","service":"catalog-service","message":"Slow query detected on order history catalog lookup"}
{"timestamp":"2026-07-05T19:10:44.175Z","level":"INFO","service":"cart-service","message":"User login credentials validated"}
{"timestamp":"2026-07-05T19:11:01.650Z","level":"INFO","service":"cart-service","message":"Sending order email confirmation notification"}
{"timestamp":"2026-07-05T19:11:27.880Z","level":"WARN","service":"cart-service","message":"Slow query detected on order history catalog lookup"}
{"timestamp":"2026-07-05T19:12:05.507Z","level":"WARN","service":"payment-service","message":"Database connection pool threshold reached (80%)"}
{"timestamp":"2026-07-05T19:12:33.487Z","level":"INFO","service":"user-service","message":"Payment authorization token acquired"}
{"timestamp":"2026-07-05T19:13:03.770Z","level":"INFO","service":"cart-service","message":"Sending order email confirmation notification"}
{"timestamp":"2026-07-05T19:13:41.887Z","level":"INFO","service":"user-service","message":"Cart session initialized"}
{"timestamp":"2026-07-05T19:13:49.781Z","level":"INFO","service":"payment-service","message":"User login credentials validated"}
{"timestamp":"2026-07-05T19:14:28.662Z","level":"INFO","service":"user-service","message":"User login credentials validated"}
{"timestamp":"2026-07-05T19:14:41.300Z","level":"WARN","service":"catalog-service","message":"Database connection pool threshold reached (80%)"}
{"timestamp":"2026-07-05T19:14:49.641Z","level":"INFO","service":"user-service","message":"Fetched product catalog data successfully"}
{"timestamp":"2026-07-05T19:15:12.009Z","level":"INFO","service":"notification-service","message":"User added item to shopping cart"}
{"timestamp":"2026-07-05T19:15:43.715Z","level":"WARN","service":"cart-service","message":"Slow query detected on order history catalog lookup"}
{"timestamp":"2026-07-05T19:16:02.489Z","level":"INFO","service":"catalog-service","message":"Cart session initialized"}
{"timestamp":"2026-07-05T19:16:25.900Z","level":"WARN","service":"payment-service","message":"Database connection pool threshold reached (80%)"}
{"timestamp":"2026-07-05T19:16:54.711Z","level":"INFO","service":"payment-service","message":"Cart session initialized"}
{"timestamp":"2026-07-05T19:17:22.267Z","level":"INFO","service":"notification-service","message":"Cart session initialized"}
{"timestamp":"2026-07-05T19:17:29.226Z","level":"INFO","service":"catalog-service","message":"Sending order email confirmation notification"}
{"timestamp":"2026-07-05T19:17:37.609Z","level":"INFO","service":"user-service","message":"User login credentials validated"}
{"timestamp":"2026-07-05T19:17:45.934Z","level":"INFO","service":"user-service","message":"Payment authorization token acquired"}
{"timestamp":"2026-07-05T19:17:59.477Z","level":"INFO","service":"payment-service","message":"User added item to shopping cart"}
{"timestamp":"2026-07-05T19:18:11.770Z","level":"INFO","service":"catalog-service","message":"Cart session initialized"}
{"timestamp":"2026-07-05T19:18:27.405Z","level":"INFO","service":"cart-service","message":"User added item to shopping cart"}
{"timestamp":"2026-07-05T19:18:48.503Z","level":"WARN","service":"cart-service","message":"Database connection pool threshold reached (80%)"}
{"timestamp":"2026-07-05T19:18:53.899Z","level":"INFO","service":"user-service","message":"User added item to shopping cart"}
{"timestamp":"2026-07-05T19:19:31.272Z","level":"INFO","service":"payment-service","message":"Sending order email confirmation notification"}
{"timestamp":"2026-07-05T19:19:49.337Z","level":"ERROR","service":"notification-service","message":"Failed to retrieve exchange rate from external API provider","stack_trace":"java.io.IOException: connection reset by peer
\tat sun.net.www.http.HttpClient.parseHTTPHeader(HttpClient.java:712)
\tat sun.net.www.protocol.http.HttpURLConnection.getInputStream0(HttpURLConnection.java:1590) [req_ref: 0x2c77b52]"}
{"timestamp":"2026-07-05T19:20:13.167Z","level":"ERROR","service":"payment-service","message":"Failed to retrieve exchange rate from external API provider","stack_trace":"java.io.IOException: connection reset by peer
\tat sun.net.www.http.HttpClient.parseHTTPHeader(HttpClient.java:712)
\tat sun.net.www.protocol.http.HttpURLConnection.getInputStream0(HttpURLConnection.java:1590) [req_ref: 0x5b1ecb5]"}
{"timestamp":"2026-07-05T19:20:38.631Z","level":"WARN","service":"catalog-service","message":"Database connection pool threshold reached (80%)"}
{"timestamp":"2026-07-05T19:21:13.806Z","level":"INFO","service":"catalog-service","message":"User added item to shopping cart"}
{"timestamp":"2026-07-05T19:21:40.255Z","level":"INFO","service":"notification-service","message":"Fetched product catalog data successfully"}
{"timestamp":"2026-07-05T19:21:55.170Z","level":"INFO","service":"catalog-service","message":"Cart session initialized"}
{"timestamp":"2026-07-05T19:22:19.476Z","level":"WARN","service":"payment-service","message":"Database connection pool threshold reached (80%)"}
{"timestamp":"2026-07-05T19:22:44.010Z","level":"INFO","service":"user-service","message":"Sending order email confirmation notification"}
{"timestamp":"2026-07-05T19:22:58.619Z","level":"INFO","service":"notification-service","message":"Fetched product catalog data successfully"}
{"timestamp":"2026-07-05T19:23:05.720Z","level":"WARN","service":"user-service","message":"Database connection pool threshold reached (80%)"}
{"timestamp":"2026-07-05T19:23:29.862Z","level":"WARN","service":"catalog-service","message":"Database connection pool threshold reached (80%)"}
{"timestamp":"2026-07-05T19:23:38.885Z","level":"INFO","service":"cart-service","message":"User login credentials validated"}
{"timestamp":"2026-07-05T19:23:52.462Z","level":"WARN","service":"notification-service","message":"Slow query detected on order history catalog lookup"}
{"timestamp":"2026-07-05T19:24:12.862Z","level":"INFO","service":"cart-service","message":"Payment authorization token acquired"}
{"timestamp":"2026-07-05T19:24:33.674Z","level":"INFO","service":"user-service","message":"User login credentials validated"}
{"timestamp":"2026-07-05T19:24:49.656Z","level":"INFO","service":"payment-service","message":"User added item to shopping cart"}
{"timestamp":"2026-07-05T19:25:19.634Z","level":"INFO","service":"catalog-service","message":"Cart session initialized"}
{"timestamp":"2026-07-05T19:25:27.752Z","level":"WARN","service":"catalog-service","message":"Slow query detected on order history catalog lookup"}
{"timestamp":"2026-07-05T19:25:55.830Z","level":"INFO","service":"cart-service","message":"Sending order email confirmation notification"}
{"timestamp":"2026-07-05T19:26:12.313Z","level":"WARN","service":"payment-service","message":"Database connection pool threshold reached (80%)"}
{"timestamp":"2026-07-05T19:26:18.283Z","level":"INFO","service":"cart-service","message":"Sending order email confirmation notification"}
{"timestamp":"2026-07-05T19:26:34.810Z","level":"INFO","service":"cart-service","message":"Cart session initialized"}
{"timestamp":"2026-07-05T19:27:11.480Z","level":"INFO","service":"notification-service","message":"Sending order email confirmation notification"}
{"timestamp":"2026-07-05T19:27:37.467Z","level":"INFO","service":"payment-service","message":"Sending order email confirmation notification"}
{"timestamp":"2026-07-05T19:28:14.100Z","level":"INFO","service":"payment-service","message":"Sending order email confirmation notification"}
{"timestamp":"2026-07-05T19:28:20.956Z","level":"INFO","service":"catalog-service","message":"Sending order email confirmation notification"}
{"timestamp":"2026-07-05T19:28:42.348Z","level":"INFO","service":"payment-service","message":"Sending order email confirmation notification"}
{"timestamp":"2026-07-05T19:28:50.185Z","level":"WARN","service":"payment-service","message":"Database connection pool threshold reached (80%)"}
{"timestamp":"2026-07-05T19:29:14.103Z","level":"INFO","service":"payment-service","message":"Cart session initialized"}
{"timestamp":"2026-07-05T19:29:37.776Z","level":"INFO","service":"catalog-service","message":"User login credentials validated"}
{"timestamp":"2026-07-05T19:29:43.648Z","level":"ERROR","service":"notification-service","message":"Failed to retrieve exchange rate from external API provider","stack_trace":"java.io.IOException: connection reset by peer
\tat sun.net.www.http.HttpClient.parseHTTPHeader(HttpClient.java:712)
\tat sun.net.www.protocol.http.HttpURLConnection.getInputStream0(HttpURLConnection.java:1590) [req_ref: 0x3972bcc]"
{"timestamp":"2026-07-05T19:30:17.161Z","level":"INFO","service":"user-service","message":"Sending order email confirmation notification"}
{"timestamp":"2026-07-05T19:30:36.355Z","level":"INFO","service":"user-service","message":"Payment authorization token acquired"}
{"timestamp":"2026-07-05T19:30:45.409Z","level":"INFO","service":"user-service","message":"Cart session initialized"}
{"timestamp":"2026-07-05T19:31:05.841Z","level":"INFO","service":"payment-service","message":"Payment authorization token acquired"}
{"timestamp":"2026-07-05T19:31:16.838Z","level":"WARN","service":"user-service","message":"Slow query detected on order history catalog lookup"}
{"timestamp":"2026-07-05T19:31:26.374Z","level":"INFO","service":"cart-service","message":"Payment authorization token acquired"}
{"timestamp":"2026-07-05T19:32:05.879Z","level":"INFO","service":"catalog-service","message":"Fetched product catalog data successfully"}
{"timestamp":"2026-07-05T19:32:27.649Z","level":"INFO","service":"user-service","message":"User login credentials validated"}
{"timestamp":"2026-07-05T19:32:41.155Z","level":"INFO","service":"cart-service","message":"Payment authorization token acquired"}
{"timestamp":"2026-07-05T19:33:11.312Z","level":"INFO","service":"user-service","message":"User added item to shopping cart"}
{"timestamp":"2026-07-05T19:33:26.380Z","level":"INFO","service":"cart-service","message":"User added item to shopping cart"}
{"timestamp":"2026-07-05T19:33:39.328Z","level":"ERROR","service":"payment-service","message":"Failed to retrieve exchange rate from external API provider","stack_trace":"java.io.IOException: connection reset by peer
\tat sun.net.www.http.HttpClient.parseHTTPHeader(HttpClient.java:712)
\tat sun.net.www.protocol.http.HttpURLConnection.getInputStream0(HttpURLConnection.java:1590) [req_ref: 0xe17ba6]"}
{"timestamp":"2026-07-05T19:34:17.077Z","level":"INFO","service":"notification-service","message":"User added item to shopping cart"}
{"timestamp":"2026-07-05T19:34:37.842Z","level":"INFO","service":"cart-service","message":"Fetched product catalog data successfully"}
{"timestamp":"2026-07-05T19:35:04.732Z","level":"INFO","service":"payment-service","message":"User login credentials validated"}
{"timestamp":"2026-07-05T19:35:25.953Z","level":"WARN","service":"user-service","message":"Slow query detected on order history catalog lookup"}
{"timestamp":"2026-07-05T19:35:37.341Z","level":"INFO","service":"catalog-service","message":"Payment authorization token acquired"}
{"timestamp":"2026-07-05T19:36:04.508Z","level":"WARN","service":"user-service","message":"Database connection pool threshold reached (80%)"}
{"timestamp":"2026-07-05T19:36:36.816Z","level":"INFO","service":"payment-service","message":"Cart session initialized"}
{"timestamp":"2026-07-05T19:37:13.646Z","level":"INFO","service":"payment-service","message":"User login credentials validated"}
{"timestamp":"2026-07-05T19:37:44.251Z","level":"WARN","service":"user-service","message":"Database connection pool threshold reached (80%)"}
{"timestamp":"2026-07-05T19:37:56.762Z","level":"INFO","service":"catalog-service","message":"Cart session initialized"}
{"timestamp":"2026-07-05T19:38:05.687Z","level":"INFO","service":"notification-service","message":"Payment authorization token acquired"}
{"timestamp":"2026-07-05T19:38:37.243Z","level":"INFO","service":"cart-service","message":"Cart session initialized"}
{"timestamp":"2026-07-05T19:38:42.894Z","level":"WARN","service":"user-service","message":"Slow query detected on order history catalog lookup"}
{"timestamp":"2026-07-05T19:39:14.962Z","level":"INFO","service":"user-service","message":"Payment authorization token acquired"}
{"timestamp":"2026-07-05T19:39:21.296Z","level":"INFO","service":"payment-service","message":"Fetched product catalog data successfully"}
{"timestamp":"2026-07-05T19:39:46.621Z","level":"WARN","service":"notification-service","message":"Database connection pool threshold reached (80%)"}
{"timestamp":"2026-07-05T19:40:23.828Z","level":"WARN","service":"cart-service","message":"Database connection pool threshold reached (80%)"}
{"timestamp":"2026-07-05T19:40:56.471Z","level":"INFO","service":"user-service","message":"User login credentials validated"}
{"timestamp":"2026-07-05T19:41:13.702Z","level":"WARN","service":"payment-service","message":"Database connection pool threshold reached (80%)"}
{"timestamp":"2026-07-05T19:41:19.934Z","level":"INFO","service":"notification-service","message":"Fetched product catalog data successfully"}
{"timestamp":"2026-07-05T19:41:26.111Z","level":"INFO","service":"user-service","message":"User added item to shopping cart"}
{"timestamp":"2026-07-05T19:41:49.783Z","level":"INFO","service":"catalog-service","message":"User added item to shopping cart"}
{"timestamp":"2026-07-05T19:41:57.750Z","level":"INFO","service":"payment-service","message":"Cart session initialized"}
{"timestamp":"2026-07-05T19:42:33.851Z","level":"ERROR","service":"notification-service","message":"Failed to retrieve exchange rate from external API provider","stack_trace":"java.io.IOException: connection reset by peer
\tat sun.net.www.http.HttpClient.parseHTTPHeader(HttpClient.java:712)
\tat sun.net.www.protocol.http.HttpURLConnection.getInputStream0(HttpURLConnection.java:1590) [req_ref: 0x49a4d1e]"}
{"timestamp":"2026-07-05T19:43:12.608Z","level":"INFO","service":"payment-service","message":"Fetched product catalog data successfully"}
{"timestamp":"2026-07-05T19:43:34.818Z","level":"INFO","service":"catalog-service","message":"User added item to shopping cart"}
{"timestamp":"2026-07-05T19:44:03.960Z","level":"ERROR","service":"payment-service","message":"Failed to retrieve exchange rate from external API provider","stack_trace":"java.io.IOException: connection reset by peer
\tat sun.net.www.http.HttpClient.parseHTTPHeader(HttpClient.java:712)
\tat sun.net.www.protocol.http.HttpURLConnection.getInputStream0(HttpURLConnection.java:1590) [req_ref: 0x4c7b28d]"
{"timestamp":"2026-07-05T19:44:40.484Z","level":"INFO","service":"notification-service","message":"Payment authorization token acquired"}
{"timestamp":"2026-07-05T19:44:50.540Z","level":"WARN","service":"cart-service","message":"Database connection pool threshold reached (80%)"}
{"timestamp":"2026-07-05T19:44:57.358Z","level":"WARN","service":"user-service","message":"Database connection pool threshold reached (80%)"}
{"timestamp":"2026-07-05T19:45:23.409Z","level":"ERROR","service":"notification-service","message":"Failed to retrieve exchange rate from external API provider","stack_trace":"java.io.IOException: connection reset by peer
\tat sun.net.www.http.HttpClient.parseHTTPHeader(HttpClient.java:712)
\tat sun.net.www.protocol.http.HttpURLConnection.getInputStream0(HttpURLConnection.java:1590) [req_ref: 0x1e0e83c]"}
{"timestamp":"2026-07-05T19:45:39.536Z","level":"INFO","service":"user-service","message":"Fetched product catalog data successfully"}
{"timestamp":"2026-07-05T19:46:14.972Z","level":"WARN","service":"payment-service","message":"Slow query detected on order history catalog lookup"}
{"timestamp":"2026-07-05T19:46:29.843Z","level":"ERROR","service":"user-service","message":"Failed to retrieve exchange rate from external API provider","stack_trace":"java.io.IOException: connection reset by peer
\tat sun.net.www.http.HttpClient.parseHTTPHeader(HttpClient.java:712)
\tat sun.net.www.protocol.http.HttpURLConnection.getInputStream0(HttpURLConnection.java:1590) [req_ref: 0x17e7efd]"}
{"timestamp":"2026-07-05T19:46:52.458Z","level":"INFO","service":"payment-service","message":"Sending order email confirmation notification"}
{"timestamp":"2026-07-05T19:47:26.215Z","level":"WARN","service":"cart-service","message":"Database connection pool threshold reached (80%)"}
{"timestamp":"2026-07-05T19:47:49.018Z","level":"ERROR","service":"catalog-service","message":"Failed to retrieve exchange rate from external API provider","stack_trace":"java.io.IOException: connection reset by peer
\tat sun.net.www.http.HttpClient.parseHTTPHeader(HttpClient.java:712)
\tat sun.net.www.protocol.http.HttpURLConnection.getInputStream0(HttpURLConnection.java:1590) [req_ref: 0x261db7e]"}
{"timestamp":"2026-07-05T19:47:55.982Z","level":"INFO","service":"notification-service","message":"Sending order email confirmation notification"}
{"timestamp":"2026-07-05T19:48:03.787Z","level":"WARN","service":"catalog-service","message":"Slow query detected on order history catalog lookup"}
{"timestamp":"2026-07-05T19:48:41.778Z","level":"INFO","service":"notification-service","message":"Payment authorization token acquired"}
{"timestamp":"2026-07-05T19:48:52.656Z","level":"INFO","service":"cart-service","message":"Payment authorization token acquired"}
{"timestamp":"2026-07-05T19:49:15.622Z","level":"INFO","service":"notification-service","message":"Sending order email confirmation notification"}
{"timestamp":"2026-07-05T19:49:46.472Z","level":"INFO","service":"user-service","message":"User login credentials validated"}
{"timestamp":"2026-07-05T19:50:15.492Z","level":"INFO","service":"cart-service","message":"Fetched product catalog data successfully"}
{"timestamp":"2026-07-05T19:50:47.388Z","level":"ERROR","service":"notification-service","message":"Failed to retrieve exchange rate from external API provider","stack_trace":"java.io.IOException: connection reset by peer
\tat sun.net.www.http.HttpClient.parseHTTPHeader(HttpClient.java:712)
\tat sun.net.www.protocol.http.HttpURLConnection.getInputStream0(HttpURLConnection.java:1590) [req_ref: 0x3f05b8d]"}
{"timestamp":"2026-07-05T19:50:56.889Z","level":"INFO","service":"notification-service","message":"Payment authorization token acquired"}
{"timestamp":"2026-07-05T19:51:32.914Z","level":"INFO","service":"user-service","message":"User added item to shopping cart"}
{"timestamp":"2026-07-05T19:52:04.311Z","level":"WARN","service":"cart-service","message":"Database connection pool threshold reached (80%)"}
{"timestamp":"2026-07-05T19:52:11.359Z","level":"INFO","service":"notification-service","message":"Payment authorization token acquired"}
{"timestamp":"2026-07-05T19:52:41.212Z","level":"INFO","service":"cart-service","message":"Sending order email confirmation notification"}
{"timestamp":"2026-07-05T19:52:51.515Z","level":"WARN","service":"user-service","message":"Slow query detected on order history catalog lookup"}
{"timestamp":"2026-07-05T19:53:09.602Z","level":"INFO","service":"payment-service","message":"Fetched product catalog data successfully"}
{"timestamp":"2026-07-05T19:53:16.137Z","level":"ERROR","service":"cart-service","message":"Failed to retrieve exchange rate from external API provider","stack_trace":"java.io.IOException: connection reset by peer
\tat sun.net.www.http.HttpClient.parseHTTPHeader(HttpClient.java:712)
\tat sun.net.www.protocol.http.HttpURLConnection.getInputStream0(HttpURLConnection.java:1590) [req_ref: 0x35d672d]"}
{"timestamp":"2026-07-05T19:53:34.245Z","level":"WARN","service":"catalog-service","message":"Slow query detected on order history catalog lookup"}
{"timestamp":"2026-07-05T19:54:09.813Z","level":"INFO","service":"payment-service","message":"Fetched product catalog data successfully"}
{"timestamp":"2026-07-05T19:54:26.101Z","level":"WARN","service":"catalog-service","message":"Slow query detected on order history catalog lookup"}
{"timestamp":"2026-07-05T19:55:06.492Z","level":"INFO","service":"user-service","message":"Cart session initialized"}
{"timestamp":"2026-07-05T19:55:37.110Z","level":"INFO","service":"cart-service","message":"User login credentials validated"}
{"timestamp":"2026-07-05T19:56:17.492Z","level":"INFO","service":"payment-service","message":"Fetched product catalog data successfully"}
{"timestamp":"2026-07-05T19:56:28.147Z","level":"INFO","service":"cart-service","message":"Fetched product catalog data successfully"}
{"timestamp":"2026-07-05T19:56:41.976Z","level":"INFO","service":"cart-service","message":"User login credentials validated"}
{"timestamp":"2026-07-05T19:57:07.328Z","level":"INFO","service":"user-service","message":"Fetched product catalog data successfully"}
{"timestamp":"2026-07-05T19:57:33.302Z","level":"INFO","service":"notification-service","message":"Fetched product catalog data successfully"}
{"timestamp":"2026-07-05T19:58:10.762Z","level":"ERROR","service":"user-service","message":"Failed to retrieve exchange rate from external API provider","stack_trace":"java.io.IOException: connection reset by peer
\tat sun.net.www.http.HttpClient.parseHTTPHeader(HttpClient.java:712)
\tat sun.net.www.protocol.http.HttpURLConnection.getInputStream0(HttpURLConnection.java:1590) [req_ref: 0x2442bcb]"}
{"timestamp":"2026-07-05T19:58:46.411Z","level":"INFO","service":"catalog-service","message":"Sending order email confirmation notification"}
{"timestamp":"2026-07-05T19:59:24.522Z","level":"INFO","service":"catalog-service","message":"Cart session initialized"}
{"timestamp":"2026-07-05T19:59:48.386Z","level":"WARN","service":"user-service","message":"Database connection pool threshold reached (80%)"}
{"timestamp":"2026-07-05T20:00:06.013Z","level":"INFO","service":"payment-service","message":"User login credentials validated"}
{"timestamp":"2026-07-05T20:00:26.538Z","level":"INFO","service":"payment-service","message":"Fetched product catalog data successfully"}
{"timestamp":"2026-07-05T20:00:32.030Z","level":"INFO","service":"notification-service","message":"User added item to shopping cart"}
{"timestamp":"2026-07-05T20:00:55.228Z","level":"INFO","service":"cart-service","message":"Cart session initialized"}
{"timestamp":"2026-07-05T20:01:19.633Z","level":"INFO","service":"payment-service","message":"Fetched product catalog data successfully"}
{"timestamp":"2026-07-05T20:01:55.708Z","level":"INFO","service":"cart-service","message":"User added item to shopping cart"}
{"timestamp":"2026-07-05T20:02:28.581Z","level":"WARN","service":"notification-service","message":"Database connection pool threshold reached (80%)"}
{"timestamp":"2026-07-05T20:02:53.277Z","level":"WARN","service":"catalog-service","message":"Database connection pool threshold reached (80%)"}
{"timestamp":"2026-07-05T20:03:07.524Z","level":"WARN","service":"notification-service","message":"Slow query detected on order history catalog lookup"}
{"timestamp":"2026-07-05T20:03:24.367Z","level":"ERROR","service":"user-service","message":"Failed to retrieve exchange rate from external API provider","stack_trace":"java.io.IOException: connection reset by peer
\tat sun.net.www.http.HttpClient.parseHTTPHeader(HttpClient.java:712)
\tat sun.net.www.protocol.http.HttpURLConnection.getInputStream0(HttpURLConnection.java:1590) [req_ref: 0x570ede4]"}
{"timestamp":"2026-07-05T20:03:39.148Z","level":"INFO","service":"cart-service","message":"Cart session initialized"}
{"timestamp":"2026-07-05T20:04:12.796Z","level":"WARN","service":"cart-service","message":"Database connection pool threshold reached (80%)"}
{"timestamp":"2026-07-05T20:04:20.004Z","level":"INFO","service":"payment-service","message":"Cart session initialized"}
{"timestamp":"2026-07-05T20:04:40.038Z","level":"INFO","service":"payment-service","message":"Sending order email confirmation notification"}
{"timestamp":"2026-07-05T20:05:03.039Z","level":"WARN","service":"cart-service","message":"Database connection pool threshold reached (80%)"}
{"timestamp":"2026-07-05T20:05:30.400Z","level":"ERROR","service":"data-processor","message":"Failed to process streaming packet buffer","stack_trace":"java.lang.ArrayIndexOutOfBoundsException: Index 12 out of bounds for length 8
\tat com.data.Processor.processBuffer(Processor.java:214)
\tat com.data.Processor.run(Processor.java:98) [buffer_addr: 0x89abcdef0123]"}
{"timestamp":"2026-07-05T20:05:37.462Z","level":"INFO","service":"user-service","message":"Cart session initialized"}
{"timestamp":"2026-07-05T20:06:05.080Z","level":"ERROR","service":"cart-service","message":"Failed to retrieve exchange rate from external API provider","stack_trace":"java.io.IOException: connection reset by peer
\tat sun.net.www.http.HttpClient.parseHTTPHeader(HttpClient.java:712)
\tat sun.net.www.protocol.http.HttpURLConnection.getInputStream0(HttpURLConnection.java:1590) [req_ref: 0x51b6096]"}
{"timestamp":"2026-07-05T20:06:26.104Z","level":"INFO","service":"notification-service","message":"Cart session initialized"}
{"timestamp":"2026-07-05T20:07:03.903Z","level":"INFO","service":"user-service","message":"Payment authorization token acquired"}
{"timestamp":"2026-07-05T20:07:12.422Z","level":"WARN","service":"catalog-service","message":"Database connection pool threshold reached (80%)"}
{"timestamp":"2026-07-05T20:07:19.726Z","level":"INFO","service":"notification-service","message":"User added item to shopping cart"}
{"timestamp":"2026-07-05T20:07:35.222Z","level":"INFO","service":"notification-service","message":"Cart session initialized"}
{"timestamp":"2026-07-05T20:08:11.539Z","level":"INFO","service":"notification-service","message":"User login credentials validated"}
{"timestamp":"2026-07-05T20:08:33.497Z","level":"INFO","service":"notification-service","message":"Fetched product catalog data successfully"}
{"timestamp":"2026-07-05T20:09:13.390Z","level":"WARN","service":"payment-service","message":"Database connection pool threshold reached (80%)"}
{"timestamp":"2026-07-05T20:09:23.334Z","level":"WARN","service":"payment-service","message":"Slow query detected on order history catalog lookup"}
{"timestamp":"2026-07-05T20:09:53.626Z","level":"ERROR","service":"cart-service","message":"Failed to retrieve exchange rate from external API provider","stack_trace":"java.io.IOException: connection reset by peer
\tat sun.net.www.http.HttpClient.parseHTTPHeader(HttpClient.java:712)
\tat sun.net.www.protocol.http.HttpURLConnection.getInputStream0(HttpURLConnection.java:1590) [req_ref: 0x2d9d021]"}
{"timestamp":"2026-07-05T20:10:07.015Z","level":"INFO","service":"payment-service","message":"Cart session initialized"}
{"timestamp":"2026-07-05T20:10:28.710Z","level":"INFO","service":"notification-service","message":"Cart session initialized"}
{"timestamp":"2026-07-05T20:10:49.549Z","level":"WARN","service":"notification-service","message":"Database connection pool threshold reached (80%)"}
{"timestamp":"2026-07-05T20:11:06.741Z","level":"INFO","service":"user-service","message":"Sending order email confirmation notification"}
{"timestamp":"2026-07-05T20:11:40.240Z","level":"INFO","service":"catalog-service","message":"User added item to shopping cart"}
{"timestamp":"2026-07-05T20:12:04.375Z","level":"INFO","service":"user-service","message":"Sending order email confirmation notification"}
{"timestamp":"2026-07-05T20:12:13.857Z","level":"ERROR","service":"user-service","message":"Failed to retrieve exchange rate from external API provider","stack_trace":"java.io.IOException: connection reset by peer
\tat sun.net.www.http.HttpClient.parseHTTPHeader(HttpClient.java:712)
\tat sun.net.www.protocol.http.HttpURLConnection.getInputStream0(HttpURLConnection.java:1590) [req_ref: 0xd93c43]"}
{"timestamp":"2026-07-05T20:12:42.695Z","level":"INFO","service":"catalog-service","message":"User added item to shopping cart"}
{"timestamp":"2026-07-05T20:13:03.806Z","level":"INFO","service":"user-service","message":"Sending order email confirmation notification"}
{"timestamp":"2026-07-05T20:13:34.006Z","level":"INFO","service":"catalog-service","message":"User added item to shopping cart"}
{"timestamp":"2026-07-05T20:13:40.270Z","level":"INFO","service":"catalog-service","message":"User added item to shopping cart"}
{"timestamp":"2026-07-05T20:14:17.581Z","level":"INFO","service":"user-service","message":"User added item to shopping cart"}
{"timestamp":"2026-07-05T20:14:30.751Z","level":"WARN","service":"cart-service","message":"Database connection pool threshold reached (80%)"}
{"timestamp":"2026-07-05T20:14:44.909Z","level":"WARN","service":"cart-service","message":"Slow query detected on order history catalog lookup"}
{"timestamp":"2026-07-05T20:15:15.573Z","level":"INFO","service":"notification-service","message":"Sending order email confirmation notification"}
{"timestamp":"2026-07-05T20:15:38.064Z","level":"INFO","service":"user-service","message":"Sending order email confirmation notification"}
{"timestamp":"2026-07-05T20:15:59.080Z","level":"INFO","service":"cart-service","message":"User added item to shopping cart"}
{"timestamp":"2026-07-05T20:16:16.773Z","level":"ERROR","service":"user-service","message":"Failed to retrieve exchange rate from external API provider","stack_trace":"java.io.IOException: connection reset by peer
\tat sun.net.www.http.HttpClient.parseHTTPHeader(HttpClient.java:712)
\tat sun.net.www.protocol.http.HttpURLConnection.getInputStream0(HttpURLConnection.java:1590) [req_ref: 0x16cda1f]"
{"timestamp":"2026-07-05T20:16:56.648Z","level":"INFO","service":"user-service","message":"User login credentials validated"}
{"timestamp":"2026-07-05T20:17:01.971Z","level":"INFO","service":"cart-service","message":"User added item to shopping cart"}
{"timestamp":"2026-07-05T20:17:20.160Z","level":"INFO","service":"cart-service","message":"User added item to shopping cart"}
{"timestamp":"2026-07-05T20:17:53.894Z","level":"INFO","service":"notification-service","message":"Fetched product catalog data successfully"}
{"timestamp":"2026-07-05T20:18:17.319Z","level":"INFO","service":"catalog-service","message":"Fetched product catalog data successfully"}
{"timestamp":"2026-07-05T20:18:54.369Z","level":"INFO","service":"catalog-service","message":"Fetched product catalog data successfully"}
{"timestamp":"2026-07-05T20:19:16.811Z","level":"WARN","service":"user-service","message":"Database connection pool threshold reached (80%)"}
{"timestamp":"2026-07-05T20:19:50.102Z","level":"ERROR","service":"cart-service","message":"Failed to retrieve exchange rate from external API provider","stack_trace":"java.io.IOException: connection reset by peer
\tat sun.net.www.http.HttpClient.parseHTTPHeader(HttpClient.java:712)
\tat sun.net.www.protocol.http.HttpURLConnection.getInputStream0(HttpURLConnection.java:1590) [req_ref: 0x44426c9]"}
{"timestamp":"2026-07-05T20:19:59.022Z","level":"INFO","service":"payment-service","message":"User added item to shopping cart"}
{"timestamp":"2026-07-05T20:20:20.828Z","level":"WARN","service":"cart-service","message":"Database connection pool threshold reached (80%)"}
{"timestamp":"2026-07-05T20:20:42.322Z","level":"INFO","service":"catalog-service","message":"Cart session initialized"}
{"timestamp":"2026-07-05T20:20:56.468Z","level":"WARN","service":"cart-service","message":"Slow query detected on order history catalog lookup"}
{"timestamp":"2026-07-05T20:21:18.809Z","level":"WARN","service":"user-service","message":"Slow query detected on order history catalog lookup"}
{"timestamp":"2026-07-05T20:21:40.027Z","level":"INFO","service":"payment-service","message":"Sending order email confirmation notification"}
{"timestamp":"2026-07-05T20:22:13.271Z","level":"ERROR","service":"cart-service","message":"Failed to retrieve exchange rate from external API provider","stack_trace":"java.io.IOException: connection reset by peer
\tat sun.net.www.http.HttpClient.parseHTTPHeader(HttpClient.java:712)
\tat sun.net.www.protocol.http.HttpURLConnection.getInputStream0(HttpURLConnection.java:1590) [req_ref: 0x431bb7d]"
{"timestamp":"2026-07-05T20:22:32.252Z","level":"INFO","service":"notification-service","message":"User added item to shopping cart"}
{"timestamp":"2026-07-05T20:22:51.402Z","level":"INFO","service":"notification-service","message":"User login credentials validated"}
{"timestamp":"2026-07-05T20:23:01.190Z","level":"INFO","service":"catalog-service","message":"User login credentials validated"}
{"timestamp":"2026-07-05T20:23:10.004Z","level":"INFO","service":"catalog-service","message":"Fetched product catalog data successfully"}
{"timestamp":"2026-07-05T20:23:29.171Z","level":"WARN","service":"catalog-service","message":"Slow query detected on order history catalog lookup"}
{"timestamp":"2026-07-05T20:23:56.239Z","level":"ERROR","service":"user-service","message":"Failed to retrieve exchange rate from external API provider","stack_trace":"java.io.IOException: connection reset by peer
\tat sun.net.www.http.HttpClient.parseHTTPHeader(HttpClient.java:712)
\tat sun.net.www.protocol.http.HttpURLConnection.getInputStream0(HttpURLConnection.java:1590) [req_ref: 0xf5b798]"}
{"timestamp":"2026-07-05T20:24:26.247Z","level":"INFO","service":"user-service","message":"Fetched product catalog data successfully"}
{"timestamp":"2026-07-05T20:24:36.027Z","level":"WARN","service":"notification-service","message":"Database connection pool threshold reached (80%)"}
{"timestamp":"2026-07-05T20:25:02.302Z","level":"INFO","service":"catalog-service","message":"User added item to shopping cart"}
{"timestamp":"2026-07-05T20:25:17.329Z","level":"WARN","service":"payment-service","message":"Database connection pool threshold reached (80%)"}
{"timestamp":"2026-07-05T20:25:24.397Z","level":"INFO","service":"cart-service","message":"Fetched product catalog data successfully"}
{"timestamp":"2026-07-05T20:25:32.287Z","level":"INFO","service":"catalog-service","message":"User login credentials validated"}
{"timestamp":"2026-07-05T20:26:10.409Z","level":"INFO","service":"catalog-service","message":"User login credentials validated"}
{"timestamp":"2026-07-05T20:26:50.387Z","level":"ERROR","service":"notification-service","message":"Failed to retrieve exchange rate from external API provider","stack_trace":"java.io.IOException: connection reset by peer
\tat sun.net.www.http.HttpClient.parseHTTPHeader(HttpClient.java:712)
\tat sun.net.www.protocol.http.HttpURLConnection.getInputStream0(HttpURLConnection.java:1590) [req_ref: 0x552d64f]"}
{"timestamp":"2026-07-05T20:27:11.529Z","level":"WARN","service":"user-service","message":"Slow query detected on order history catalog lookup"}
{"timestamp":"2026-07-05T20:27:16.919Z","level":"WARN","service":"payment-service","message":"Database connection pool threshold reached (80%)"}
{"timestamp":"2026-07-05T20:27:27.025Z","level":"WARN","service":"user-service","message":"Slow query detected on order history catalog lookup"}
{"timestamp":"2026-07-05T20:28:01.004Z","level":"WARN","service":"user-service","message":"Slow query detected on order history catalog lookup"}
{"timestamp":"2026-07-05T20:28:37.972Z","level":"WARN","service":"payment-service","message":"Slow query detected on order history catalog lookup"}
{"timestamp":"2026-07-05T20:29:02.587Z","level":"INFO","service":"cart-service","message":"Sending order email confirmation notification"}
{"timestamp":"2026-07-05T20:29:19.835Z","level":"WARN","service":"user-service","message":"Slow query detected on order history catalog lookup"}
{"timestamp":"2026-07-05T20:29:57.105Z","level":"INFO","service":"user-service","message":"User added item to shopping cart"}
{"timestamp":"2026-07-05T20:30:30.109Z","level":"WARN","service":"notification-service","message":"Database connection pool threshold reached (80%)"}
{"timestamp":"2026-07-05T20:30:38.037Z","level":"INFO","service":"cart-service","message":"Fetched product catalog data successfully"}
{"timestamp":"2026-07-05T20:30:53.944Z","level":"INFO","service":"user-service","message":"User login credentials validated"}
{"timestamp":"2026-07-05T20:31:16.300Z","level":"INFO","service":"user-service","message":"Payment authorization token acquired"}
{"timestamp":"2026-07-05T20:31:42.869Z","level":"WARN","service":"notification-service","message":"Database connection pool threshold reached (80%)"}
{"timestamp":"2026-07-05T20:32:15.286Z","level":"INFO","service":"payment-service","message":"Sending order email confirmation notification"}
{"timestamp":"2026-07-05T20:32:34.681Z","level":"INFO","service":"notification-service","message":"User login credentials validated"}
{"timestamp":"2026-07-05T20:33:05.718Z","level":"INFO","service":"cart-service","message":"Payment authorization token acquired"}
{"timestamp":"2026-07-05T20:33:20.234Z","level":"INFO","service":"notification-service","message":"User added item to shopping cart"}
{"timestamp":"2026-07-05T20:33:55.794Z","level":"INFO","service":"user-service","message":"Sending order email confirmation notification"}
{"timestamp":"2026-07-05T20:34:14.368Z","level":"INFO","service":"payment-service","message":"Fetched product catalog data successfully"}
{"timestamp":"2026-07-05T20:34:22.318Z","level":"INFO","service":"notification-service","message":"Cart session initialized"}
{"timestamp":"2026-07-05T20:34:51.641Z","level":"INFO","service":"catalog-service","message":"Payment authorization token acquired"}
{"timestamp":"2026-07-05T20:35:09.736Z","level":"INFO","service":"catalog-service","message":"User added item to shopping cart"}
{"timestamp":"2026-07-05T20:35:44.663Z","level":"INFO","service":"catalog-service","message":"Sending order email confirmation notification"}
{"timestamp":"2026-07-05T20:35:55.465Z","level":"INFO","service":"payment-service","message":"User login credentials validated"}
{"timestamp":"2026-07-05T20:36:27.711Z","level":"INFO","service":"payment-service","message":"User login credentials validated"}
{"timestamp":"2026-07-05T20:37:04.507Z","level":"INFO","service":"payment-service","message":"Sending order email confirmation notification"}
{"timestamp":"2026-07-05T20:37:44.842Z","level":"ERROR","service":"cart-service","message":"Failed to retrieve exchange rate from external API provider","stack_trace":"java.io.IOException: connection reset by peer
\tat sun.net.www.http.HttpClient.parseHTTPHeader(HttpClient.java:712)
\tat sun.net.www.protocol.http.HttpURLConnection.getInputStream0(HttpURLConnection.java:1590) [req_ref: 0x39adf7f]"}
{"timestamp":"2026-07-05T20:38:04.855Z","level":"INFO","service":"notification-service","message":"Cart session initialized"}
{"timestamp":"2026-07-05T20:38:39.674Z","level":"ERROR","service":"catalog-service","message":"Failed to retrieve exchange rate from external API provider","stack_trace":"java.io.IOException: connection reset by peer
\tat sun.net.www.http.HttpClient.parseHTTPHeader(HttpClient.java:712)
\tat sun.net.www.protocol.http.HttpURLConnection.getInputStream0(HttpURLConnection.java:1590) [req_ref: 0x438d02f]"}
{"timestamp":"2026-07-05T20:39:00.718Z","level":"INFO","service":"user-service","message":"Sending order email confirmation notification"}
{"timestamp":"2026-07-05T20:39:22.590Z","level":"INFO","service":"payment-service","message":"User added item to shopping cart"}
{"timestamp":"2026-07-05T20:39:57.939Z","level":"WARN","service":"notification-service","message":"Database connection pool threshold reached (80%)"}
{"timestamp":"2026-07-05T20:40:30.959Z","level":"WARN","service":"user-service","message":"Database connection pool threshold reached (80%)"}
{"timestamp":"2026-07-05T20:40:35.374Z","level":"ERROR","service":"cart-service","message":"Failed to retrieve exchange rate from external API provider","stack_trace":"java.io.IOException: connection reset by peer
\tat sun.net.www.http.HttpClient.parseHTTPHeader(HttpClient.java:712)
\tat sun.net.www.protocol.http.HttpURLConnection.getInputStream0(HttpURLConnection.java:1590) [req_ref: 0x5b98719]"
{"timestamp":"2026-07-05T20:40:54.844Z","level":"WARN","service":"cart-service","message":"Slow query detected on order history catalog lookup"}
{"timestamp":"2026-07-05T20:41:07.121Z","level":"WARN","service":"user-service","message":"Database connection pool threshold reached (80%)"}
{"timestamp":"2026-07-05T20:41:20.347Z","level":"WARN","service":"user-service","message":"Database connection pool threshold reached (80%)"}
{"timestamp":"2026-07-05T20:42:00.627Z","level":"INFO","service":"payment-service","message":"Payment authorization token acquired"}
{"timestamp":"2026-07-05T20:42:21.402Z","level":"WARN","service":"cart-service","message":"Database connection pool threshold reached (80%)"}
{"timestamp":"2026-07-05T20:42:39.839Z","level":"ERROR","service":"notification-service","message":"Failed to retrieve exchange rate from external API provider","stack_trace":"java.io.IOException: connection reset by peer
\tat sun.net.www.http.HttpClient.parseHTTPHeader(HttpClient.java:712)
\tat sun.net.www.protocol.http.HttpURLConnection.getInputStream0(HttpURLConnection.java:1590) [req_ref: 0x55d227b]"}
{"timestamp":"2026-07-05T20:42:50.961Z","level":"INFO","service":"cart-service","message":"Payment authorization token acquired"}
{"timestamp":"2026-07-05T20:43:18.497Z","level":"INFO","service":"user-service","message":"Sending order email confirmation notification"}
{"timestamp":"2026-07-05T20:43:38.256Z","level":"WARN","service":"payment-service","message":"Slow query detected on order history catalog lookup"}
{"timestamp":"2026-07-05T20:43:49.741Z","level":"WARN","service":"notification-service","message":"Database connection pool threshold reached (80%)"}
{"timestamp":"2026-07-05T20:44:19.976Z","level":"INFO","service":"notification-service","message":"Cart session initialized"}
{"timestamp":"2026-07-05T20:44:47.329Z","level":"INFO","service":"payment-service","message":"Fetched product catalog data successfully"}
{"timestamp":"2026-07-05T20:45:13.024Z","level":"INFO","service":"notification-service","message":"Cart session initialized"}
{"timestamp":"2026-07-05T20:45:42.054Z","level":"INFO","service":"user-service","message":"Fetched product catalog data successfully"}
{"timestamp":"2026-07-05T20:45:52.802Z","level":"INFO","service":"user-service","message":"Fetched product catalog data successfully"}
{"timestamp":"2026-07-05T20:46:02.837Z","level":"WARN","service":"cart-service","message":"Database connection pool threshold reached (80%)"}
{"timestamp":"2026-07-05T20:46:11.425Z","level":"WARN","service":"user-service","message":"Slow query detected on order history catalog lookup"}
{"timestamp":"2026-07-05T20:46:28.575Z","level":"INFO","service":"cart-service","message":"User login credentials validated"}
{"timestamp":"2026-07-05T20:47:05.083Z","level":"INFO","service":"payment-service","message":"User added item to shopping cart"}
{"timestamp":"2026-07-05T20:47:24.001Z","level":"ERROR","service":"user-service","message":"Failed to retrieve exchange rate from external API provider","stack_trace":"java.io.IOException: connection reset by peer
\tat sun.net.www.http.HttpClient.parseHTTPHeader(HttpClient.java:712)
\tat sun.net.www.protocol.http.HttpURLConnection.getInputStream0(HttpURLConnection.java:1590) [req_ref: 0x4b126b3]"
{"timestamp":"2026-07-05T20:47:41.543Z","level":"WARN","service":"cart-service","message":"Database connection pool threshold reached (80%)"}
{"timestamp":"2026-07-05T20:47:49.782Z","level":"WARN","service":"notification-service","message":"Database connection pool threshold reached (80%)"}
{"timestamp":"2026-07-05T20:48:24.130Z","level":"INFO","service":"payment-service","message":"Sending order email confirmation notification"}
{"timestamp":"2026-07-05T20:48:33.062Z","level":"INFO","service":"cart-service","message":"User login credentials validated"}
{"timestamp":"2026-07-05T20:49:11.127Z","level":"WARN","service":"catalog-service","message":"Slow query detected on order history catalog lookup"}
{"timestamp":"2026-07-05T20:49:31.643Z","level":"INFO","service":"catalog-service","message":"Payment authorization token acquired"}
{"timestamp":"2026-07-05T20:49:56.742Z","level":"INFO","service":"catalog-service","message":"User added item to shopping cart"}
{"timestamp":"2026-07-05T20:50:09.129Z","level":"ERROR","service":"user-service","message":"Failed to retrieve exchange rate from external API provider","stack_trace":"java.io.IOException: connection reset by peer
\tat sun.net.www.http.HttpClient.parseHTTPHeader(HttpClient.java:712)
\tat sun.net.www.protocol.http.HttpURLConnection.getInputStream0(HttpURLConnection.java:1590) [req_ref: 0x4f8be00]"
{"timestamp":"2026-07-05T20:50:22.021Z","level":"INFO","service":"catalog-service","message":"Sending order email confirmation notification"}
{"timestamp":"2026-07-05T20:50:32.538Z","level":"INFO","service":"catalog-service","message":"User login credentials validated"}
{"timestamp":"2026-07-05T20:50:44.492Z","level":"INFO","service":"catalog-service","message":"User added item to shopping cart"}
{"timestamp":"2026-07-05T20:51:03.848Z","level":"INFO","service":"user-service","message":"Cart session initialized"}
{"timestamp":"2026-07-05T20:51:20.423Z","level":"INFO","service":"cart-service","message":"User added item to shopping cart"}
{"timestamp":"2026-07-05T20:51:52.622Z","level":"WARN","service":"payment-service","message":"Database connection pool threshold reached (80%)"}
{"timestamp":"2026-07-05T20:52:29.193Z","level":"INFO","service":"cart-service","message":"User added item to shopping cart"}
{"timestamp":"2026-07-05T20:53:00.867Z","level":"WARN","service":"catalog-service","message":"Database connection pool threshold reached (80%)"}
{"timestamp":"2026-07-05T20:53:22.015Z","level":"INFO","service":"payment-service","message":"Cart session initialized"}
{"timestamp":"2026-07-05T20:53:41.800Z","level":"INFO","service":"notification-service","message":"User added item to shopping cart"}
{"timestamp":"2026-07-05T20:54:00.674Z","level":"INFO","service":"payment-service","message":"Payment authorization token acquired"}
{"timestamp":"2026-07-05T20:54:13.807Z","level":"INFO","service":"notification-service","message":"Cart session initialized"}
{"timestamp":"2026-07-05T20:54:43.824Z","level":"INFO","service":"catalog-service","message":"User added item to shopping cart"}
{"timestamp":"2026-07-05T20:54:59.389Z","level":"INFO","service":"notification-service","message":"Sending order email confirmation notification"}
{"timestamp":"2026-07-05T20:55:33.597Z","level":"INFO","service":"cart-service","message":"Payment authorization token acquired"}
{"timestamp":"2026-07-05T20:55:48.958Z","level":"INFO","service":"payment-service","message":"Payment authorization token acquired"}
{"timestamp":"2026-07-05T20:56:04.928Z","level":"WARN","service":"notification-service","message":"Database connection pool threshold reached (80%)"}
{"timestamp":"2026-07-05T20:56:25.264Z","level":"ERROR","service":"cart-service","message":"Failed to retrieve exchange rate from external API provider","stack_trace":"java.io.IOException: connection reset by peer
\tat sun.net.www.http.HttpClient.parseHTTPHeader(HttpClient.java:712)
\tat sun.net.www.protocol.http.HttpURLConnection.getInputStream0(HttpURLConnection.java:1590) [req_ref: 0x2d2cb59]"}
{"timestamp":"2026-07-05T20:56:45.820Z","level":"ERROR","service":"catalog-service","message":"Failed to retrieve exchange rate from external API provider","stack_trace":"java.io.IOException: connection reset by peer
\tat sun.net.www.http.HttpClient.parseHTTPHeader(HttpClient.java:712)
\tat sun.net.www.protocol.http.HttpURLConnection.getInputStream0(HttpURLConnection.java:1590) [req_ref: 0x4137b10]"}
{"timestamp":"2026-07-05T20:56:57.076Z","level":"INFO","service":"cart-service","message":"Sending order email confirmation notification"}
{"timestamp":"2026-07-05T20:57:16.047Z","level":"INFO","service":"catalog-service","message":"User login credentials validated"}
{"timestamp":"2026-07-05T20:57:22.619Z","level":"INFO","service":"notification-service","message":"Fetched product catalog data successfully"}
{"timestamp":"2026-07-05T20:57:47.575Z","level":"WARN","service":"catalog-service","message":"Slow query detected on order history catalog lookup"}
{"timestamp":"2026-07-05T20:57:57.861Z","level":"INFO","service":"cart-service","message":"Payment authorization token acquired"}
{"timestamp":"2026-07-05T20:58:24.608Z","level":"WARN","service":"user-service","message":"Database connection pool threshold reached (80%)"}
{"timestamp":"2026-07-05T20:58:39.798Z","level":"ERROR","service":"catalog-service","message":"Failed to retrieve exchange rate from external API provider","stack_trace":"java.io.IOException: connection reset by peer
\tat sun.net.www.http.HttpClient.parseHTTPHeader(HttpClient.java:712)
\tat sun.net.www.protocol.http.HttpURLConnection.getInputStream0(HttpURLConnection.java:1590) [req_ref: 0x46d64d9]"}
{"timestamp":"2026-07-05T20:58:47.175Z","level":"INFO","service":"cart-service","message":"User added item to shopping cart"}
{"timestamp":"2026-07-05T20:59:01.016Z","level":"WARN","service":"cart-service","message":"Database connection pool threshold reached (80%)"}
{"timestamp":"2026-07-05T20:59:21.479Z","level":"INFO","service":"payment-service","message":"User added item to shopping cart"}
{"timestamp":"2026-07-05T20:59:52.182Z","level":"WARN","service":"catalog-service","message":"Database connection pool threshold reached (80%)"}
{"timestamp":"2026-07-05T20:59:58.221Z","level":"INFO","service":"payment-service","message":"Sending order email confirmation notification"}
{"timestamp":"2026-07-05T21:00:23.520Z","level":"INFO","service":"cart-service","message":"User added item to shopping cart"}
{"timestamp":"2026-07-05T21:01:02.815Z","level":"INFO","service":"user-service","message":"Cart session initialized"}
{"timestamp":"2026-07-05T21:01:27.352Z","level":"WARN","service":"notification-service","message":"Slow query detected on order history catalog lookup"}
{"timestamp":"2026-07-05T21:02:01.788Z","level":"WARN","service":"payment-service","message":"Slow query detected on order history catalog lookup"}
{"timestamp":"2026-07-05T21:02:18.616Z","level":"WARN","service":"cart-service","message":"Slow query detected on order history catalog lookup"}
{"timestamp":"2026-07-05T21:02:43.781Z","level":"INFO","service":"cart-service","message":"User added item to shopping cart"}
{"timestamp":"2026-07-05T21:02:57.260Z","level":"INFO","service":"catalog-service","message":"User login credentials validated"}
{"timestamp":"2026-07-05T21:03:07.075Z","level":"WARN","service":"user-service","message":"Slow query detected on order history catalog lookup"}
{"timestamp":"2026-07-05T21:03:25.400Z","level":"INFO","service":"catalog-service","message":"Fetched product catalog data successfully"}
{"timestamp":"2026-07-05T21:03:43.727Z","level":"WARN","service":"notification-service","message":"Database connection pool threshold reached (80%)"}
{"timestamp":"2026-07-05T21:03:57.984Z","level":"WARN","service":"cart-service","message":"Database connection pool threshold reached (80%)"}
{"timestamp":"2026-07-05T21:04:31.883Z","level":"INFO","service":"catalog-service","message":"User added item to shopping cart"}
{"timestamp":"2026-07-05T21:04:42.164Z","level":"ERROR","service":"cart-service","message":"Failed to retrieve exchange rate from external API provider","stack_trace":"java.io.IOException: connection reset by peer
\tat sun.net.www.http.HttpClient.parseHTTPHeader(HttpClient.java:712)
\tat sun.net.www.protocol.http.HttpURLConnection.getInputStream0(HttpURLConnection.java:1590) [req_ref: 0x2edea3f]"}
{"timestamp":"2026-07-05T21:04:57.210Z","level":"INFO","service":"payment-service","message":"Fetched product catalog data successfully"}
{"timestamp":"2026-07-05T21:05:02.556Z","level":"INFO","service":"user-service","message":"Payment authorization token acquired"}
{"timestamp":"2026-07-05T21:05:32.979Z","level":"INFO","service":"payment-service","message":"Fetched product catalog data successfully"}
{"timestamp":"2026-07-05T21:06:09.716Z","level":"INFO","service":"payment-service","message":"Cart session initialized"}
{"timestamp":"2026-07-05T21:06:30.652Z","level":"INFO","service":"notification-service","message":"Cart session initialized"}
{"timestamp":"2026-07-05T21:07:07.477Z","level":"INFO","service":"payment-service","message":"Cart session initialized"}
{"timestamp":"2026-07-05T21:07:19.040Z","level":"ERROR","service":"catalog-service","message":"Failed to retrieve exchange rate from external API provider","stack_trace":"java.io.IOException: connection reset by peer
\tat sun.net.www.http.HttpClient.parseHTTPHeader(HttpClient.java:712)
\tat sun.net.www.protocol.http.HttpURLConnection.getInputStream0(HttpURLConnection.java:1590) [req_ref: 0x4cb4df7]"}
{"timestamp":"2026-07-05T21:07:34.651Z","level":"INFO","service":"catalog-service","message":"Sending order email confirmation notification"}
{"timestamp":"2026-07-05T21:08:06.361Z","level":"ERROR","service":"cart-service","message":"Failed to retrieve exchange rate from external API provider","stack_trace":"java.io.IOException: connection reset by peer
\tat sun.net.www.http.HttpClient.parseHTTPHeader(HttpClient.java:712)
\tat sun.net.www.protocol.http.HttpURLConnection.getInputStream0(HttpURLConnection.java:1590) [req_ref: 0x363354e]"
{"timestamp":"2026-07-05T21:08:11.483Z","level":"INFO","service":"payment-service","message":"Fetched product catalog data successfully"}
{"timestamp":"2026-07-05T21:08:20.631Z","level":"INFO","service":"catalog-service","message":"Fetched product catalog data successfully"}
{"timestamp":"2026-07-05T21:09:00.302Z","level":"ERROR","service":"payment-service","message":"Failed to retrieve exchange rate from external API provider","stack_trace":"java.io.IOException: connection reset by peer
\tat sun.net.www.http.HttpClient.parseHTTPHeader(HttpClient.java:712)
\tat sun.net.www.protocol.http.HttpURLConnection.getInputStream0(HttpURLConnection.java:1590) [req_ref: 0x45b110a]"}
{"timestamp":"2026-07-05T21:09:09.447Z","level":"WARN","service":"payment-service","message":"Slow query detected on order history catalog lookup"}
{"timestamp":"2026-07-05T21:09:41.780Z","level":"WARN","service":"payment-service","message":"Database connection pool threshold reached (80%)"}
{"timestamp":"2026-07-05T21:10:06.067Z","level":"INFO","service":"payment-service","message":"Payment authorization token acquired"}
{"timestamp":"2026-07-05T21:10:33.339Z","level":"INFO","service":"user-service","message":"Fetched product catalog data successfully"}
{"timestamp":"2026-07-05T21:10:39.979Z","level":"INFO","service":"cart-service","message":"User added item to shopping cart"}
{"timestamp":"2026-07-05T21:10:46.525Z","level":"INFO","service":"user-service","message":"User login credentials validated"}
{"timestamp":"2026-07-05T21:11:25.787Z","level":"INFO","service":"cart-service","message":"Cart session initialized"}
{"timestamp":"2026-07-05T21:11:38.439Z","level":"INFO","service":"payment-service","message":"Sending order email confirmation notification"}
{"timestamp":"2026-07-05T21:11:46.013Z","level":"WARN","service":"payment-service","message":"Database connection pool threshold reached (80%)"}
{"timestamp":"2026-07-05T21:11:51.462Z","level":"INFO","service":"payment-service","message":"Cart session initialized"}
{"timestamp":"2026-07-05T21:12:11.329Z","level":"INFO","service":"user-service","message":"Cart session initialized"}
{"timestamp":"2026-07-05T21:12:49.236Z","level":"INFO","service":"user-service","message":"Sending order email confirmation notification"}
{"timestamp":"2026-07-05T21:13:11.699Z","level":"INFO","service":"payment-service","message":"User login credentials validated"}
{"timestamp":"2026-07-05T21:13:28.467Z","level":"INFO","service":"cart-service","message":"Sending order email confirmation notification"}
{"timestamp":"2026-07-05T21:13:40.445Z","level":"INFO","service":"notification-service","message":"Cart session initialized"}
{"timestamp":"2026-07-05T21:14:20.030Z","level":"INFO","service":"notification-service","message":"User added item to shopping cart"}
{"timestamp":"2026-07-05T21:14:51.726Z","level":"INFO","service":"catalog-service","message":"Sending order email confirmation notification"}
{"timestamp":"2026-07-05T21:15:03.432Z","level":"WARN","service":"catalog-service","message":"Database connection pool threshold reached (80%)"}
{"timestamp":"2026-07-05T21:15:43.482Z","level":"INFO","service":"cart-service","message":"Fetched product catalog data successfully"}
{"timestamp":"2026-07-05T21:16:03.211Z","level":"INFO","service":"user-service","message":"User login credentials validated"}
{"timestamp":"2026-07-05T21:16:31.285Z","level":"INFO","service":"cart-service","message":"User added item to shopping cart"}
{"timestamp":"2026-07-05T21:16:37.398Z","level":"WARN","service":"user-service","message":"Database connection pool threshold reached (80%)"}
{"timestamp":"2026-07-05T21:17:07.270Z","level":"WARN","service":"notification-service","message":"Slow query detected on order history catalog lookup"}
{"timestamp":"2026-07-05T21:17:12.031Z","level":"INFO","service":"notification-service","message":"User login credentials validated"}
{"timestamp":"2026-07-05T21:17:35.807Z","level":"ERROR","service":"cart-service","message":"Failed to retrieve exchange rate from external API provider","stack_trace":"java.io.IOException: connection reset by peer
\tat sun.net.www.http.HttpClient.parseHTTPHeader(HttpClient.java:712)
\tat sun.net.www.protocol.http.HttpURLConnection.getInputStream0(HttpURLConnection.java:1590) [req_ref: 0xd0d855]"
{"timestamp":"2026-07-05T21:17:46.501Z","level":"INFO","service":"catalog-service","message":"User login credentials validated"}
{"timestamp":"2026-07-05T21:18:00.594Z","level":"INFO","service":"catalog-service","message":"Cart session initialized"}
{"timestamp":"2026-07-05T21:18:38.003Z","level":"INFO","service":"notification-service","message":"Cart session initialized"}
{"timestamp":"2026-07-05T21:19:01.098Z","level":"INFO","service":"user-service","message":"Payment authorization token acquired"}
{"timestamp":"2026-07-05T21:19:06.325Z","level":"WARN","service":"user-service","message":"Database connection pool threshold reached (80%)"}
{"timestamp":"2026-07-05T21:19:37.101Z","level":"INFO","service":"payment-service","message":"User added item to shopping cart"}
{"timestamp":"2026-07-05T21:20:03.856Z","level":"INFO","service":"payment-service","message":"Payment authorization token acquired"}
{"timestamp":"2026-07-05T21:20:31.163Z","level":"INFO","service":"payment-service","message":"Cart session initialized"}
{"timestamp":"2026-07-05T21:20:44.676Z","level":"INFO","service":"notification-service","message":"Fetched product catalog data successfully"}
{"timestamp":"2026-07-05T21:21:09.515Z","level":"INFO","service":"notification-service","message":"Sending order email confirmation notification"}
{"timestamp":"2026-07-05T21:21:43.663Z","level":"INFO","service":"catalog-service","message":"User login credentials validated"}
{"timestamp":"2026-07-05T21:22:03.358Z","level":"INFO","service":"cart-service","message":"Fetched product catalog data successfully"}
{"timestamp":"2026-07-05T21:22:27.508Z","level":"INFO","service":"catalog-service","message":"Cart session initialized"}
{"timestamp":"2026-07-05T21:22:53.764Z","level":"INFO","service":"payment-service","message":"Payment authorization token acquired"}
{"timestamp":"2026-07-05T21:23:00.790Z","level":"INFO","service":"user-service","message":"User added item to shopping cart"}
{"timestamp":"2026-07-05T21:23:12.936Z","level":"INFO","service":"cart-service","message":"Cart session initialized"}
{"timestamp":"2026-07-05T21:23:37.327Z","level":"WARN","service":"notification-service","message":"Database connection pool threshold reached (80%)"}
{"timestamp":"2026-07-05T21:23:53.474Z","level":"ERROR","service":"catalog-service","message":"Failed to retrieve exchange rate from external API provider","stack_trace":"java.io.IOException: connection reset by peer
\tat sun.net.www.http.HttpClient.parseHTTPHeader(HttpClient.java:712)
\tat sun.net.www.protocol.http.HttpURLConnection.getInputStream0(HttpURLConnection.java:1590) [req_ref: 0x5036b15]"}
{"timestamp":"2026-07-05T21:24:23.041Z","level":"INFO","service":"payment-service","message":"User added item to shopping cart"}
{"timestamp":"2026-07-05T21:24:56.282Z","level":"INFO","service":"notification-service","message":"Fetched product catalog data successfully"}
{"timestamp":"2026-07-05T21:25:16.020Z","level":"INFO","service":"cart-service","message":"Payment authorization token acquired"}
{"timestamp":"2026-07-05T21:25:55.912Z","level":"INFO","service":"notification-service","message":"Fetched product catalog data successfully"}
{"timestamp":"2026-07-05T21:26:30.120Z","level":"WARN","service":"notification-service","message":"Database connection pool threshold reached (80%)"}
{"timestamp":"2026-07-05T21:26:39.818Z","level":"INFO","service":"cart-service","message":"Cart session initialized"}
{"timestamp":"2026-07-05T21:26:55.623Z","level":"INFO","service":"payment-service","message":"Payment authorization token acquired"}
{"timestamp":"2026-07-05T21:27:21.982Z","level":"INFO","service":"cart-service","message":"Payment authorization token acquired"}
{"timestamp":"2026-07-05T21:27:37.046Z","level":"INFO","service":"cart-service","message":"Payment authorization token acquired"}
{"timestamp":"2026-07-05T21:28:08.453Z","level":"WARN","service":"cart-service","message":"Slow query detected on order history catalog lookup"}
{"timestamp":"2026-07-05T21:28:44.613Z","level":"INFO","service":"notification-service","message":"User added item to shopping cart"}
{"timestamp":"2026-07-05T21:28:55.696Z","level":"WARN","service":"payment-service","message":"Slow query detected on order history catalog lookup"}
{"timestamp":"2026-07-05T21:29:35.228Z","level":"INFO","service":"user-service","message":"User login credentials validated"}
{"timestamp":"2026-07-05T21:30:01.478Z","level":"INFO","service":"catalog-service","message":"Cart session initialized"}
{"timestamp":"2026-07-05T21:30:34.895Z","level":"INFO","service":"cart-service","message":"Payment authorization token acquired"}
{"timestamp":"2026-07-05T21:30:45.089Z","level":"INFO","service":"catalog-service","message":"Fetched product catalog data successfully"}
{"timestamp":"2026-07-05T21:31:25.583Z","level":"ERROR","service":"cart-service","message":"Failed to retrieve exchange rate from external API provider","stack_trace":"java.io.IOException: connection reset by peer
\tat sun.net.www.http.HttpClient.parseHTTPHeader(HttpClient.java:712)
\tat sun.net.www.protocol.http.HttpURLConnection.getInputStream0(HttpURLConnection.java:1590) [req_ref: 0x528d96b]"}
{"timestamp":"2026-07-05T21:31:32.817Z","level":"INFO","service":"user-service","message":"Payment authorization token acquired"}
{"timestamp":"2026-07-05T21:31:47.185Z","level":"INFO","service":"user-service","message":"Sending order email confirmation notification"}
{"timestamp":"2026-07-05T21:32:04.388Z","level":"WARN","service":"notification-service","message":"Database connection pool threshold reached (80%)"}
{"timestamp":"2026-07-05T21:32:12.007Z","level":"INFO","service":"notification-service","message":"Sending order email confirmation notification"}
{"timestamp":"2026-07-05T21:32:34.469Z","level":"INFO","service":"catalog-service","message":"User added item to shopping cart"}
{"timestamp":"2026-07-05T21:32:47.687Z","level":"ERROR","service":"notification-service","message":"Failed to retrieve exchange rate from external API provider","stack_trace":"java.io.IOException: connection reset by peer
\tat sun.net.www.http.HttpClient.parseHTTPHeader(HttpClient.java:712)
\tat sun.net.www.protocol.http.HttpURLConnection.getInputStream0(HttpURLConnection.java:1590) [req_ref: 0x54a2c53]"}
{"timestamp":"2026-07-05T21:33:06.007Z","level":"INFO","service":"catalog-service","message":"User login credentials validated"}
{"timestamp":"2026-07-05T21:33:35.924Z","level":"INFO","service":"user-service","message":"User added item to shopping cart"}
{"timestamp":"2026-07-05T21:33:55.748Z","level":"WARN","service":"notification-service","message":"Slow query detected on order history catalog lookup"}
{"timestamp":"2026-07-05T21:34:08.477Z","level":"INFO","service":"user-service","message":"Payment authorization token acquired"}
{"timestamp":"2026-07-05T21:34:38.957Z","level":"INFO","service":"user-service","message":"Sending order email confirmation notification"}
{"timestamp":"2026-07-05T21:34:56.533Z","level":"ERROR","service":"catalog-service","message":"Failed to retrieve exchange rate from external API provider","stack_trace":"java.io.IOException: connection reset by peer
\tat sun.net.www.http.HttpClient.parseHTTPHeader(HttpClient.java:712)
\tat sun.net.www.protocol.http.HttpURLConnection.getInputStream0(HttpURLConnection.java:1590) [req_ref: 0x4bf99a3]"}
{"timestamp":"2026-07-05T21:35:10.525Z","level":"ERROR","service":"cart-service","message":"Failed to retrieve exchange rate from external API provider","stack_trace":"java.io.IOException: connection reset by peer
\tat sun.net.www.http.HttpClient.parseHTTPHeader(HttpClient.java:712)
\tat sun.net.www.protocol.http.HttpURLConnection.getInputStream0(HttpURLConnection.java:1590) [req_ref: 0x583a2cf]"}
{"timestamp":"2026-07-05T21:35:47.667Z","level":"ERROR","service":"user-service","message":"Failed to retrieve exchange rate from external API provider","stack_trace":"java.io.IOException: connection reset by peer
\tat sun.net.www.http.HttpClient.parseHTTPHeader(HttpClient.java:712)
\tat sun.net.www.protocol.http.HttpURLConnection.getInputStream0(HttpURLConnection.java:1590) [req_ref: 0x2a9630f]"}
{"timestamp":"2026-07-05T21:36:21.405Z","level":"INFO","service":"payment-service","message":"Fetched product catalog data successfully"}
{"timestamp":"2026-07-05T21:36:26.660Z","level":"WARN","service":"user-service","message":"Slow query detected on order history catalog lookup"}
{"timestamp":"2026-07-05T21:36:46.508Z","level":"INFO","service":"notification-service","message":"User login credentials validated"}
{"timestamp":"2026-07-05T21:37:10.800Z","level":"INFO","service":"cart-service","message":"Payment authorization token acquired"}
{"timestamp":"2026-07-05T21:37:44.700Z","level":"INFO","service":"cart-service","message":"User login credentials validated"}
{"timestamp":"2026-07-05T21:38:06.112Z","level":"WARN","service":"user-service","message":"Slow query detected on order history catalog lookup"}
{"timestamp":"2026-07-05T21:38:36.595Z","level":"WARN","service":"payment-service","message":"Database connection pool threshold reached (80%)"}
{"timestamp":"2026-07-05T21:38:49.394Z","level":"INFO","service":"cart-service","message":"User login credentials validated"}
{"timestamp":"2026-07-05T21:39:08.304Z","level":"INFO","service":"catalog-service","message":"Payment authorization token acquired"}
{"timestamp":"2026-07-05T21:39:19.705Z","level":"INFO","service":"catalog-service","message":"Fetched product catalog data successfully"}
{"timestamp":"2026-07-05T21:39:40.255Z","level":"ERROR","service":"cart-service","message":"Failed to retrieve exchange rate from external API provider","stack_trace":"java.io.IOException: connection reset by peer
\tat sun.net.www.http.HttpClient.parseHTTPHeader(HttpClient.java:712)
\tat sun.net.www.protocol.http.HttpURLConnection.getInputStream0(HttpURLConnection.java:1590) [req_ref: 0x2453ae9]"}
{"timestamp":"2026-07-05T21:40:18.337Z","level":"INFO","service":"notification-service","message":"Fetched product catalog data successfully"}
{"timestamp":"2026-07-05T21:40:52.831Z","level":"WARN","service":"notification-service","message":"Database connection pool threshold reached (80%)"}
{"timestamp":"2026-07-05T21:41:20.518Z","level":"WARN","service":"cart-service","message":"Slow query detected on order history catalog lookup"}
{"timestamp":"2026-07-05T21:41:57.774Z","level":"WARN","service":"payment-service","message":"Slow query detected on order history catalog lookup"}
{"timestamp":"2026-07-05T21:42:23.426Z","level":"INFO","service":"notification-service","message":"User added item to shopping cart"}
{"timestamp":"2026-07-05T21:42:52.488Z","level":"INFO","service":"notification-service","message":"User login credentials validated"}
{"timestamp":"2026-07-05T21:43:10.313Z","level":"WARN","service":"user-service","message":"Slow query detected on order history catalog lookup"}
{"timestamp":"2026-07-05T21:43:28.058Z","level":"INFO","service":"catalog-service","message":"User added item to shopping cart"}
{"timestamp":"2026-07-05T21:44:02.476Z","level":"INFO","service":"catalog-service","message":"User added item to shopping cart"}
{"timestamp":"2026-07-05T21:44:19.323Z","level":"INFO","service":"user-service","message":"Fetched product catalog data successfully"}
{"timestamp":"2026-07-05T21:44:55.520Z","level":"INFO","service":"notification-service","message":"Sending order email confirmation notification"}
{"timestamp":"2026-07-05T21:45:24.597Z","level":"INFO","service":"payment-service","message":"Cart session initialized"}
{"timestamp":"2026-07-05T21:45:41.202Z","level":"INFO","service":"notification-service","message":"Payment authorization token acquired"}
{"timestamp":"2026-07-05T21:46:04.013Z","level":"INFO","service":"payment-service","message":"Sending order email confirmation notification"}
{"timestamp":"2026-07-05T21:46:35.595Z","level":"INFO","service":"notification-service","message":"Payment authorization token acquired"}
{"timestamp":"2026-07-05T21:46:48.976Z","level":"INFO","service":"notification-service","message":"Payment authorization token acquired"}
{"timestamp":"2026-07-05T21:46:55.745Z","level":"INFO","service":"payment-service","message":"Sending order email confirmation notification"}
{"timestamp":"2026-07-05T21:47:05.783Z","level":"WARN","service":"payment-service","message":"Database connection pool threshold reached (80%)"}
{"timestamp":"2026-07-05T21:47:30.200Z","level":"WARN","service":"payment-service","message":"Slow query detected on order history catalog lookup"}
{"timestamp":"2026-07-05T21:47:50.321Z","level":"INFO","service":"cart-service","message":"User added item to shopping cart"}
{"timestamp":"2026-07-05T21:48:13.638Z","level":"INFO","service":"catalog-service","message":"Cart session initialized"}
{"timestamp":"2026-07-05T21:48:34.608Z","level":"INFO","service":"user-service","message":"Sending order email confirmation notification"}
{"timestamp":"2026-07-05T21:48:47.991Z","level":"INFO","service":"payment-service","message":"Sending order email confirmation notification"}
{"timestamp":"2026-07-05T21:49:09.493Z","level":"INFO","service":"catalog-service","message":"User added item to shopping cart"}
{"timestamp":"2026-07-05T21:49:32.434Z","level":"INFO","service":"notification-service","message":"Payment authorization token acquired"}
{"timestamp":"2026-07-05T21:49:39.599Z","level":"INFO","service":"payment-service","message":"Payment authorization token acquired"}
{"timestamp":"2026-07-05T21:50:04.376Z","level":"WARN","service":"cart-service","message":"Slow query detected on order history catalog lookup"}
{"timestamp":"2026-07-05T21:50:11.935Z","level":"INFO","service":"payment-service","message":"Fetched product catalog data successfully"}
{"timestamp":"2026-07-05T21:50:18.420Z","level":"WARN","service":"user-service","message":"Slow query detected on order history catalog lookup"}
{"timestamp":"2026-07-05T21:50:39.075Z","level":"WARN","service":"payment-service","message":"Database connection pool threshold reached (80%)"}
{"timestamp":"2026-07-05T21:51:03.271Z","level":"INFO","service":"cart-service","message":"User login credentials validated"}
{"timestamp":"2026-07-05T21:51:38.818Z","level":"INFO","service":"catalog-service","message":"User added item to shopping cart"}
{"timestamp":"2026-07-05T21:51:53.110Z","level":"INFO","service":"notification-service","message":"Sending order email confirmation notification"}
{"timestamp":"2026-07-05T21:52:03.979Z","level":"WARN","service":"payment-service","message":"Slow query detected on order history catalog lookup"}
{"timestamp":"2026-07-05T21:52:08.862Z","level":"INFO","service":"catalog-service","message":"Payment authorization token acquired"}
{"timestamp":"2026-07-05T21:52:14.448Z","level":"INFO","service":"catalog-service","message":"User added item to shopping cart"}
{"timestamp":"2026-07-05T21:52:28.172Z","level":"ERROR","service":"payment-service","message":"Failed to retrieve exchange rate from external API provider","stack_trace":"java.io.IOException: connection reset by peer
\tat sun.net.www.http.HttpClient.parseHTTPHeader(HttpClient.java:712)
\tat sun.net.www.protocol.http.HttpURLConnection.getInputStream0(HttpURLConnection.java:1590) [req_ref: 0x5c9f5ba]"}
{"timestamp":"2026-07-05T21:52:34.373Z","level":"INFO","service":"catalog-service","message":"User login credentials validated"}
{"timestamp":"2026-07-05T21:52:57.429Z","level":"INFO","service":"notification-service","message":"Payment authorization token acquired"}
{"timestamp":"2026-07-05T21:53:17.687Z","level":"INFO","service":"user-service","message":"User login credentials validated"}
{"timestamp":"2026-07-05T21:53:45.378Z","level":"INFO","service":"cart-service","message":"Payment authorization token acquired"}
{"timestamp":"2026-07-05T21:54:11.052Z","level":"WARN","service":"payment-service","message":"Database connection pool threshold reached (80%)"}
{"timestamp":"2026-07-05T21:54:29.722Z","level":"WARN","service":"cart-service","message":"Database connection pool threshold reached (80%)"}
{"timestamp":"2026-07-05T21:54:34.511Z","level":"WARN","service":"catalog-service","message":"Slow query detected on order history catalog lookup"}
{"timestamp":"2026-07-05T21:55:13.620Z","level":"INFO","service":"cart-service","message":"Sending order email confirmation notification"}
{"timestamp":"2026-07-05T21:55:32.661Z","level":"WARN","service":"payment-service","message":"Slow query detected on order history catalog lookup"}
{"timestamp":"2026-07-05T21:56:03.878Z","level":"INFO","service":"payment-service","message":"Fetched product catalog data successfully"}
{"timestamp":"2026-07-05T21:56:24.694Z","level":"INFO","service":"catalog-service","message":"Fetched product catalog data successfully"}
{"timestamp":"2026-07-05T21:56:30.532Z","level":"INFO","service":"payment-service","message":"Sending order email confirmation notification"}
{"timestamp":"2026-07-05T21:57:00.579Z","level":"INFO","service":"catalog-service","message":"Cart session initialized"}
{"timestamp":"2026-07-05T21:57:32.911Z","level":"INFO","service":"notification-service","message":"Fetched product catalog data successfully"}
{"timestamp":"2026-07-05T21:57:48.969Z","level":"INFO","service":"payment-service","message":"Cart session initialized"}
{"timestamp":"2026-07-05T21:57:56.577Z","level":"INFO","service":"catalog-service","message":"Payment authorization token acquired"}
{"timestamp":"2026-07-05T21:58:22.692Z","level":"WARN","service":"user-service","message":"Database connection pool threshold reached (80%)"}
{"timestamp":"2026-07-05T21:58:33.468Z","level":"INFO","service":"notification-service","message":"Fetched product catalog data successfully"}
{"timestamp":"2026-07-05T21:59:05.658Z","level":"INFO","service":"catalog-service","message":"Fetched product catalog data successfully"}
{"timestamp":"2026-07-05T21:59:14.979Z","level":"INFO","service":"cart-service","message":"User added item to shopping cart"}
{"timestamp":"2026-07-05T21:59:30.039Z","level":"INFO","service":"user-service","message":"Sending order email confirmation notification"}
{"timestamp":"2026-07-05T21:59:48.258Z","level":"INFO","service":"cart-service","message":"Fetched product catalog data successfully"}
{"timestamp":"2026-07-05T22:00:22.446Z","level":"WARN","service":"notification-service","message":"Slow query detected on order history catalog lookup"}
{"timestamp":"2026-07-05T22:00:37.934Z","level":"WARN","service":"user-service","message":"Database connection pool threshold reached (80%)"}
{"timestamp":"2026-07-05T22:00:53.745Z","level":"ERROR","service":"user-service","message":"Failed to retrieve exchange rate from external API provider","stack_trace":"java.io.IOException: connection reset by peer
\tat sun.net.www.http.HttpClient.parseHTTPHeader(HttpClient.java:712)
\tat sun.net.www.protocol.http.HttpURLConnection.getInputStream0(HttpURLConnection.java:1590) [req_ref: 0x5c9d96c]"
{"timestamp":"2026-07-05T22:01:13.773Z","level":"INFO","service":"payment-service","message":"User added item to shopping cart"}
{"timestamp":"2026-07-05T22:01:28.591Z","level":"INFO","service":"catalog-service","message":"Cart session initialized"}
{"timestamp":"2026-07-05T22:01:40.002Z","level":"INFO","service":"cart-service","message":"Sending order email confirmation notification"}
{"timestamp":"2026-07-05T22:01:46.491Z","level":"INFO","service":"user-service","message":"Cart session initialized"}
{"timestamp":"2026-07-05T22:02:02.941Z","level":"INFO","service":"catalog-service","message":"Fetched product catalog data successfully"}
{"timestamp":"2026-07-05T22:02:10.919Z","level":"INFO","service":"notification-service","message":"Cart session initialized"}
{"timestamp":"2026-07-05T22:02:24.523Z","level":"WARN","service":"payment-service","message":"Slow query detected on order history catalog lookup"}
{"timestamp":"2026-07-05T22:02:57.766Z","level":"INFO","service":"cart-service","message":"Cart session initialized"}
{"timestamp":"2026-07-05T22:03:31.798Z","level":"INFO","service":"user-service","message":"Payment authorization token acquired"}
{"timestamp":"2026-07-05T22:03:54.635Z","level":"INFO","service":"notification-service","message":"Payment authorization token acquired"}
{"timestamp":"2026-07-05T22:04:30.752Z","level":"ERROR","service":"notification-service","message":"Failed to retrieve exchange rate from external API provider","stack_trace":"java.io.IOException: connection reset by peer
\tat sun.net.www.http.HttpClient.parseHTTPHeader(HttpClient.java:712)
\tat sun.net.www.protocol.http.HttpURLConnection.getInputStream0(HttpURLConnection.java:1590) [req_ref: 0x427c092]"}
{"timestamp":"2026-07-05T22:05:10.955Z","level":"INFO","service":"payment-service","message":"Fetched product catalog data successfully"}
{"timestamp":"2026-07-05T22:05:40.198Z","level":"INFO","service":"payment-service","message":"Cart session initialized"}
{"timestamp":"2026-07-05T22:06:18.850Z","level":"INFO","service":"user-service","message":"User added item to shopping cart"}
{"timestamp":"2026-07-05T22:06:33.431Z","level":"ERROR","service":"notification-service","message":"Failed to retrieve exchange rate from external API provider","stack_trace":"java.io.IOException: connection reset by peer
\tat sun.net.www.http.HttpClient.parseHTTPHeader(HttpClient.java:712)
\tat sun.net.www.protocol.http.HttpURLConnection.getInputStream0(HttpURLConnection.java:1590) [req_ref: 0x1052a1b]"}
{"timestamp":"2026-07-05T22:06:54.425Z","level":"INFO","service":"catalog-service","message":"Payment authorization token acquired"}
{"timestamp":"2026-07-05T22:07:31.593Z","level":"INFO","service":"cart-service","message":"Cart session initialized"}
{"timestamp":"2026-07-05T22:07:53.502Z","level":"INFO","service":"catalog-service","message":"Fetched product catalog data successfully"}
{"timestamp":"2026-07-05T22:08:24.838Z","level":"WARN","service":"user-service","message":"Database connection pool threshold reached (80%)"}
{"timestamp":"2026-07-05T22:08:45.450Z","level":"INFO","service":"payment-service","message":"User login credentials validated"}
{"timestamp":"2026-07-05T22:09:11.181Z","level":"WARN","service":"cart-service","message":"Slow query detected on order history catalog lookup"}
{"timestamp":"2026-07-05T22:09:29.463Z","level":"WARN","service":"notification-service","message":"Slow query detected on order history catalog lookup"}
{"timestamp":"2026-07-05T22:09:50.480Z","level":"ERROR","service":"catalog-service","message":"Failed to retrieve exchange rate from external API provider","stack_trace":"java.io.IOException: connection reset by peer
\tat sun.net.www.http.HttpClient.parseHTTPHeader(HttpClient.java:712)
\tat sun.net.www.protocol.http.HttpURLConnection.getInputStream0(HttpURLConnection.java:1590) [req_ref: 0x4e30491]"}
{"timestamp":"2026-07-05T22:10:23.003Z","level":"INFO","service":"notification-service","message":"User login credentials validated"}
{"timestamp":"2026-07-05T22:10:54.325Z","level":"WARN","service":"catalog-service","message":"Slow query detected on order history catalog lookup"}
{"timestamp":"2026-07-05T22:11:15.111Z","level":"ERROR","service":"data-processor","message":"Failed to process streaming packet buffer","stack_trace":"java.lang.ArrayIndexOutOfBoundsException: Index 12 out of bounds for length 8
\tat com.data.Processor.processBuffer(Processor.java:214)
\tat com.data.Processor.run(Processor.java:98) [buffer_addr: 0x5566778899aa]"}
{"timestamp":"2026-07-05T22:11:28.794Z","level":"WARN","service":"user-service","message":"Database connection pool threshold reached (80%)"}
{"timestamp":"2026-07-05T22:11:38.145Z","level":"ERROR","service":"notification-service","message":"Failed to retrieve exchange rate from external API provider","stack_trace":"java.io.IOException: connection reset by peer
\tat sun.net.www.http.HttpClient.parseHTTPHeader(HttpClient.java:712)
\tat sun.net.www.protocol.http.HttpURLConnection.getInputStream0(HttpURLConnection.java:1590) [req_ref: 0x498d712]"}
{"timestamp":"2026-07-05T22:11:52.558Z","level":"INFO","service":"cart-service","message":"Cart session initialized"}
{"timestamp":"2026-07-05T22:12:22.534Z","level":"INFO","service":"user-service","message":"Cart session initialized"}
{"timestamp":"2026-07-05T22:12:59.815Z","level":"WARN","service":"payment-service","message":"Database connection pool threshold reached (80%)"}
{"timestamp":"2026-07-05T22:13:08.724Z","level":"INFO","service":"catalog-service","message":"User login credentials validated"}
{"timestamp":"2026-07-05T22:13:20.448Z","level":"INFO","service":"user-service","message":"Fetched product catalog data successfully"}
{"timestamp":"2026-07-05T22:13:46.200Z","level":"INFO","service":"catalog-service","message":"User added item to shopping cart"}
{"timestamp":"2026-07-05T22:14:24.964Z","level":"INFO","service":"catalog-service","message":"Fetched product catalog data successfully"}
{"timestamp":"2026-07-05T22:14:50.396Z","level":"ERROR","service":"catalog-service","message":"Failed to retrieve exchange rate from external API provider","stack_trace":"java.io.IOException: connection reset by peer
\tat sun.net.www.http.HttpClient.parseHTTPHeader(HttpClient.java:712)
\tat sun.net.www.protocol.http.HttpURLConnection.getInputStream0(HttpURLConnection.java:1590) [req_ref: 0x4b7f1e6]"
{"timestamp":"2026-07-05T22:15:07.076Z","level":"WARN","service":"catalog-service","message":"Database connection pool threshold reached (80%)"}
{"timestamp":"2026-07-05T22:15:31.483Z","level":"INFO","service":"notification-service","message":"Payment authorization token acquired"}
{"timestamp":"2026-07-05T22:15:40.147Z","level":"ERROR","service":"catalog-service","message":"Failed to retrieve exchange rate from external API provider","stack_trace":"java.io.IOException: connection reset by peer
\tat sun.net.www.http.HttpClient.parseHTTPHeader(HttpClient.java:712)
\tat sun.net.www.protocol.http.HttpURLConnection.getInputStream0(HttpURLConnection.java:1590) [req_ref: 0x21f915b]"}
{"timestamp":"2026-07-05T22:15:56.779Z","level":"INFO","service":"cart-service","message":"Cart session initialized"}
{"timestamp":"2026-07-05T22:16:36.701Z","level":"INFO","service":"cart-service","message":"Sending order email confirmation notification"}
{"timestamp":"2026-07-05T22:17:04.688Z","level":"INFO","service":"cart-service","message":"User added item to shopping cart"}
{"timestamp":"2026-07-05T22:17:34.810Z","level":"INFO","service":"user-service","message":"User added item to shopping cart"}
{"timestamp":"2026-07-05T22:17:44.631Z","level":"INFO","service":"notification-service","message":"User login credentials validated"}
{"timestamp":"2026-07-05T22:18:24.020Z","level":"WARN","service":"notification-service","message":"Slow query detected on order history catalog lookup"}
{"timestamp":"2026-07-05T22:18:29.953Z","level":"WARN","service":"user-service","message":"Slow query detected on order history catalog lookup"}
{"timestamp":"2026-07-05T22:18:34.708Z","level":"WARN","service":"notification-service","message":"Database connection pool threshold reached (80%)"}
{"timestamp":"2026-07-05T22:19:10.893Z","level":"INFO","service":"user-service","message":"Payment authorization token acquired"}
{"timestamp":"2026-07-05T22:19:25.040Z","level":"WARN","service":"catalog-service","message":"Slow query detected on order history catalog lookup"}
{"timestamp":"2026-07-05T22:19:36.741Z","level":"WARN","service":"user-service","message":"Slow query detected on order history catalog lookup"}
{"timestamp":"2026-07-05T22:19:59.059Z","level":"INFO","service":"cart-service","message":"Sending order email confirmation notification"}
{"timestamp":"2026-07-05T22:20:18.434Z","level":"INFO","service":"notification-service","message":"Payment authorization token acquired"}
{"timestamp":"2026-07-05T22:20:51.611Z","level":"WARN","service":"catalog-service","message":"Slow query detected on order history catalog lookup"}
{"timestamp":"2026-07-05T22:21:05.663Z","level":"WARN","service":"cart-service","message":"Database connection pool threshold reached (80%)"}
{"timestamp":"2026-07-05T22:21:15.685Z","level":"INFO","service":"user-service","message":"Payment authorization token acquired"}
{"timestamp":"2026-07-05T22:21:24.093Z","level":"INFO","service":"user-service","message":"Fetched product catalog data successfully"}
{"timestamp":"2026-07-05T22:21:32.692Z","level":"INFO","service":"catalog-service","message":"Fetched product catalog data successfully"}
{"timestamp":"2026-07-05T22:21:43.508Z","level":"INFO","service":"notification-service","message":"Payment authorization token acquired"}
{"timestamp":"2026-07-05T22:21:49.743Z","level":"INFO","service":"payment-service","message":"Fetched product catalog data successfully"}
{"timestamp":"2026-07-05T22:22:17.049Z","level":"INFO","service":"payment-service","message":"Payment authorization token acquired"}
{"timestamp":"2026-07-05T22:22:40.578Z","level":"INFO","service":"catalog-service","message":"Cart session initialized"}
{"timestamp":"2026-07-05T22:22:59.720Z","level":"INFO","service":"notification-service","message":"Cart session initialized"}
{"timestamp":"2026-07-05T22:23:06.083Z","level":"INFO","service":"user-service","message":"Cart session initialized"}
{"timestamp":"2026-07-05T22:23:41.373Z","level":"WARN","service":"notification-service","message":"Slow query detected on order history catalog lookup"}
{"timestamp":"2026-07-05T22:24:03.663Z","level":"INFO","service":"catalog-service","message":"Payment authorization token acquired"}
{"timestamp":"2026-07-05T22:24:22.888Z","level":"WARN","service":"notification-service","message":"Database connection pool threshold reached (80%)"}
{"timestamp":"2026-07-05T22:24:47.609Z","level":"INFO","service":"catalog-service","message":"User login credentials validated"}
{"timestamp":"2026-07-05T22:25:08.851Z","level":"INFO","service":"payment-service","message":"Payment authorization token acquired"}
{"timestamp":"2026-07-05T22:25:22.392Z","level":"INFO","service":"notification-service","message":"User login credentials validated"}
{"timestamp":"2026-07-05T22:25:37.057Z","level":"INFO","service":"cart-service","message":"User added item to shopping cart"}
{"timestamp":"2026-07-05T22:26:07.291Z","level":"INFO","service":"user-service","message":"Payment authorization token acquired"}
{"timestamp":"2026-07-05T22:26:25.451Z","level":"INFO","service":"cart-service","message":"Fetched product catalog data successfully"}
{"timestamp":"2026-07-05T22:26:53.095Z","level":"INFO","service":"payment-service","message":"Sending order email confirmation notification"}
{"timestamp":"2026-07-05T22:27:27.959Z","level":"INFO","service":"notification-service","message":"Sending order email confirmation notification"}
{"timestamp":"2026-07-05T22:28:00.808Z","level":"WARN","service":"catalog-service","message":"Database connection pool threshold reached (80%)"}
{"timestamp":"2026-07-05T22:28:33.388Z","level":"INFO","service":"notification-service","message":"User added item to shopping cart"}
{"timestamp":"2026-07-05T22:29:02.785Z","level":"ERROR","service":"user-service","message":"Failed to retrieve exchange rate from external API provider","stack_trace":"java.io.IOException: connection reset by peer
\tat sun.net.www.http.HttpClient.parseHTTPHeader(HttpClient.java:712)
\tat sun.net.www.protocol.http.HttpURLConnection.getInputStream0(HttpURLConnection.java:1590) [req_ref: 0x3286b94]"}
{"timestamp":"2026-07-05T22:29:12.827Z","level":"INFO","service":"catalog-service","message":"User login credentials validated"}
{"timestamp":"2026-07-05T22:29:19.819Z","level":"ERROR","service":"cart-service","message":"Failed to retrieve exchange rate from external API provider","stack_trace":"java.io.IOException: connection reset by peer
\tat sun.net.www.http.HttpClient.parseHTTPHeader(HttpClient.java:712)
\tat sun.net.www.protocol.http.HttpURLConnection.getInputStream0(HttpURLConnection.java:1590) [req_ref: 0x2fb7453]"}
{"timestamp":"2026-07-05T22:29:49.528Z","level":"INFO","service":"notification-service","message":"User added item to shopping cart"}
{"timestamp":"2026-07-05T22:30:11.279Z","level":"INFO","service":"notification-service","message":"Fetched product catalog data successfully"}
{"timestamp":"2026-07-05T22:30:48.059Z","level":"INFO","service":"payment-service","message":"Payment authorization token acquired"}
{"timestamp":"2026-07-05T22:31:25.410Z","level":"INFO","service":"payment-service","message":"User login credentials validated"}
{"timestamp":"2026-07-05T22:31:32.690Z","level":"WARN","service":"cart-service","message":"Slow query detected on order history catalog lookup"}
{"timestamp":"2026-07-05T22:31:53.271Z","level":"INFO","service":"cart-service","message":"Fetched product catalog data successfully"}
{"timestamp":"2026-07-05T22:32:33.447Z","level":"INFO","service":"payment-service","message":"Cart session initialized"}
{"timestamp":"2026-07-05T22:32:54.382Z","level":"INFO","service":"payment-service","message":"Payment authorization token acquired"}
{"timestamp":"2026-07-05T22:33:08.997Z","level":"INFO","service":"catalog-service","message":"User added item to shopping cart"}
{"timestamp":"2026-07-05T22:33:19.922Z","level":"INFO","service":"user-service","message":"User added item to shopping cart"}
{"timestamp":"2026-07-05T22:33:27.932Z","level":"INFO","service":"notification-service","message":"Payment authorization token acquired"}
{"timestamp":"2026-07-05T22:33:36.985Z","level":"INFO","service":"notification-service","message":"User login credentials validated"}
{"timestamp":"2026-07-05T22:34:07.693Z","level":"ERROR","service":"catalog-service","message":"Failed to retrieve exchange rate from external API provider","stack_trace":"java.io.IOException: connection reset by peer
\tat sun.net.www.http.HttpClient.parseHTTPHeader(HttpClient.java:712)
\tat sun.net.www.protocol.http.HttpURLConnection.getInputStream0(HttpURLConnection.java:1590) [req_ref: 0x5793aa3]"}
{"timestamp":"2026-07-05T22:34:32.610Z","level":"INFO","service":"payment-service","message":"Cart session initialized"}
{"timestamp":"2026-07-05T22:34:41.248Z","level":"WARN","service":"cart-service","message":"Database connection pool threshold reached (80%)"}
{"timestamp":"2026-07-05T22:34:53.512Z","level":"INFO","service":"payment-service","message":"Fetched product catalog data successfully"}
{"timestamp":"2026-07-05T22:35:27.740Z","level":"INFO","service":"payment-service","message":"User login credentials validated"}
{"timestamp":"2026-07-05T22:36:06.008Z","level":"INFO","service":"user-service","message":"Cart session initialized"}
{"timestamp":"2026-07-05T22:36:20.672Z","level":"INFO","service":"catalog-service","message":"User login credentials validated"}
{"timestamp":"2026-07-05T22:36:34.354Z","level":"WARN","service":"notification-service","message":"Slow query detected on order history catalog lookup"}
{"timestamp":"2026-07-05T22:36:47.008Z","level":"INFO","service":"cart-service","message":"Payment authorization token acquired"}
{"timestamp":"2026-07-05T22:37:10.559Z","level":"ERROR","service":"payment-service","message":"Failed to retrieve exchange rate from external API provider","stack_trace":"java.io.IOException: connection reset by peer
\tat sun.net.www.http.HttpClient.parseHTTPHeader(HttpClient.java:712)
\tat sun.net.www.protocol.http.HttpURLConnection.getInputStream0(HttpURLConnection.java:1590) [req_ref: 0x4785f47]"}
{"timestamp":"2026-07-05T22:37:50.885Z","level":"INFO","service":"user-service","message":"Cart session initialized"}
{"timestamp":"2026-07-05T22:37:59.874Z","level":"WARN","service":"cart-service","message":"Slow query detected on order history catalog lookup"}
{"timestamp":"2026-07-05T22:38:20.623Z","level":"INFO","service":"notification-service","message":"User login credentials validated"}
{"timestamp":"2026-07-05T22:38:53.312Z","level":"INFO","service":"catalog-service","message":"Fetched product catalog data successfully"}
{"timestamp":"2026-07-05T22:39:16.178Z","level":"INFO","service":"notification-service","message":"Sending order email confirmation notification"}
{"timestamp":"2026-07-05T22:39:50.981Z","level":"WARN","service":"user-service","message":"Slow query detected on order history catalog lookup"}
{"timestamp":"2026-07-05T22:40:30.940Z","level":"WARN","service":"cart-service","message":"Slow query detected on order history catalog lookup"}
{"timestamp":"2026-07-05T22:40:46.082Z","level":"WARN","service":"cart-service","message":"Database connection pool threshold reached (80%)"}
{"timestamp":"2026-07-05T22:40:56.469Z","level":"WARN","service":"payment-service","message":"Slow query detected on order history catalog lookup"}
{"timestamp":"2026-07-05T22:41:22.548Z","level":"INFO","service":"user-service","message":"User login credentials validated"}
{"timestamp":"2026-07-05T22:41:49.819Z","level":"INFO","service":"payment-service","message":"Cart session initialized"}
{"timestamp":"2026-07-05T22:42:21.456Z","level":"ERROR","service":"catalog-service","message":"Failed to retrieve exchange rate from external API provider","stack_trace":"java.io.IOException: connection reset by peer
\tat sun.net.www.http.HttpClient.parseHTTPHeader(HttpClient.java:712)
\tat sun.net.www.protocol.http.HttpURLConnection.getInputStream0(HttpURLConnection.java:1590) [req_ref: 0x4be6a17]"}
{"timestamp":"2026-07-05T22:42:55.603Z","level":"ERROR","service":"notification-service","message":"Failed to retrieve exchange rate from external API provider","stack_trace":"java.io.IOException: connection reset by peer
\tat sun.net.www.http.HttpClient.parseHTTPHeader(HttpClient.java:712)
\tat sun.net.www.protocol.http.HttpURLConnection.getInputStream0(HttpURLConnection.java:1590) [req_ref: 0x448c3f1]"}
{"timestamp":"2026-07-05T22:43:21.300Z","level":"INFO","service":"cart-service","message":"Payment authorization token acquired"}
{"timestamp":"2026-07-05T22:43:58.264Z","level":"INFO","service":"catalog-service","message":"User login credentials validated"}
{"timestamp":"2026-07-05T22:44:07.241Z","level":"INFO","service":"cart-service","message":"Fetched product catalog data successfully"}
{"timestamp":"2026-07-05T22:44:19.940Z","level":"INFO","service":"notification-service","message":"Cart session initialized"}
{"timestamp":"2026-07-05T22:44:37.425Z","level":"INFO","service":"user-service","message":"Payment authorization token acquired"}
{"timestamp":"2026-07-05T22:45:09.186Z","level":"INFO","service":"catalog-service","message":"Payment authorization token acquired"}
{"timestamp":"2026-07-05T22:45:18.715Z","level":"INFO","service":"notification-service","message":"Sending order email confirmation notification"}
{"timestamp":"2026-07-05T22:45:39.385Z","level":"ERROR","service":"payment-service","message":"Failed to retrieve exchange rate from external API provider","stack_trace":"java.io.IOException: connection reset by peer
\tat sun.net.www.http.HttpClient.parseHTTPHeader(HttpClient.java:712)
\tat sun.net.www.protocol.http.HttpURLConnection.getInputStream0(HttpURLConnection.java:1590) [req_ref: 0x56b24df]"
{"timestamp":"2026-07-05T22:45:53.860Z","level":"ERROR","service":"cart-service","message":"Failed to retrieve exchange rate from external API provider","stack_trace":"java.io.IOException: connection reset by peer
\tat sun.net.www.http.HttpClient.parseHTTPHeader(HttpClient.java:712)
\tat sun.net.www.protocol.http.HttpURLConnection.getInputStream0(HttpURLConnection.java:1590) [req_ref: 0x2e30492]"}
{"timestamp":"2026-07-05T22:46:28.618Z","level":"WARN","service":"payment-service","message":"Database connection pool threshold reached (80%)"}
{"timestamp":"2026-07-05T22:46:55.416Z","level":"INFO","service":"user-service","message":"User added item to shopping cart"}
{"timestamp":"2026-07-05T22:47:23.419Z","level":"WARN","service":"notification-service","message":"Database connection pool threshold reached (80%)"}
{"timestamp":"2026-07-05T22:47:36.722Z","level":"INFO","service":"payment-service","message":"Sending order email confirmation notification"}
{"timestamp":"2026-07-05T22:47:44.989Z","level":"INFO","service":"catalog-service","message":"Fetched product catalog data successfully"}
{"timestamp":"2026-07-05T22:48:15.343Z","level":"INFO","service":"notification-service","message":"User login credentials validated"}
{"timestamp":"2026-07-05T22:48:53.030Z","level":"INFO","service":"cart-service","message":"Sending order email confirmation notification"}
{"timestamp":"2026-07-05T22:49:04.387Z","level":"INFO","service":"user-service","message":"Cart session initialized"}
{"timestamp":"2026-07-05T22:49:17.460Z","level":"INFO","service":"cart-service","message":"Sending order email confirmation notification"}
{"timestamp":"2026-07-05T22:49:37.054Z","level":"WARN","service":"payment-service","message":"Slow query detected on order history catalog lookup"}
{"timestamp":"2026-07-05T22:49:53.827Z","level":"INFO","service":"catalog-service","message":"User added item to shopping cart"}
{"timestamp":"2026-07-05T22:50:32.423Z","level":"INFO","service":"payment-service","message":"User login credentials validated"}
{"timestamp":"2026-07-05T22:50:56.467Z","level":"WARN","service":"cart-service","message":"Database connection pool threshold reached (80%)"}
{"timestamp":"2026-07-05T22:51:13.882Z","level":"INFO","service":"user-service","message":"User added item to shopping cart"}
{"timestamp":"2026-07-05T22:51:26.640Z","level":"INFO","service":"user-service","message":"Sending order email confirmation notification"}
{"timestamp":"2026-07-05T22:52:05.715Z","level":"WARN","service":"user-service","message":"Slow query detected on order history catalog lookup"}
{"timestamp":"2026-07-05T22:52:44.867Z","level":"ERROR","service":"payment-service","message":"Failed to retrieve exchange rate from external API provider","stack_trace":"java.io.IOException: connection reset by peer
\tat sun.net.www.http.HttpClient.parseHTTPHeader(HttpClient.java:712)
\tat sun.net.www.protocol.http.HttpURLConnection.getInputStream0(HttpURLConnection.java:1590) [req_ref: 0x480909e]"}
{"timestamp":"2026-07-05T22:52:52.927Z","level":"WARN","service":"catalog-service","message":"Database connection pool threshold reached (80%)"}
{"timestamp":"2026-07-05T22:53:01.326Z","level":"INFO","service":"cart-service","message":"Payment authorization token acquired"}
{"timestamp":"2026-07-05T22:53:38.339Z","level":"WARN","service":"notification-service","message":"Database connection pool threshold reached (80%)"}
{"timestamp":"2026-07-05T22:54:07.237Z","level":"WARN","service":"cart-service","message":"Database connection pool threshold reached (80%)"}
{"timestamp":"2026-07-05T22:54:32.725Z","level":"INFO","service":"cart-service","message":"User added item to shopping cart"}
{"timestamp":"2026-07-05T22:55:10.952Z","level":"INFO","service":"user-service","message":"Cart session initialized"}
{"timestamp":"2026-07-05T22:55:50.696Z","level":"INFO","service":"notification-service","message":"Cart session initialized"}
{"timestamp":"2026-07-05T22:56:16.142Z","level":"INFO","service":"user-service","message":"Cart session initialized"}
{"timestamp":"2026-07-05T22:56:54.721Z","level":"WARN","service":"notification-service","message":"Database connection pool threshold reached (80%)"}
{"timestamp":"2026-07-05T22:57:26.598Z","level":"INFO","service":"user-service","message":"Payment authorization token acquired"}
{"timestamp":"2026-07-05T22:57:48.399Z","level":"ERROR","service":"notification-service","message":"Failed to retrieve exchange rate from external API provider","stack_trace":"java.io.IOException: connection reset by peer
\tat sun.net.www.http.HttpClient.parseHTTPHeader(HttpClient.java:712)
\tat sun.net.www.protocol.http.HttpURLConnection.getInputStream0(HttpURLConnection.java:1590) [req_ref: 0x313ccd9]"
{"timestamp":"2026-07-05T22:58:25.911Z","level":"ERROR","service":"payment-service","message":"Failed to retrieve exchange rate from external API provider","stack_trace":"java.io.IOException: connection reset by peer
\tat sun.net.www.http.HttpClient.parseHTTPHeader(HttpClient.java:712)
\tat sun.net.www.protocol.http.HttpURLConnection.getInputStream0(HttpURLConnection.java:1590) [req_ref: 0x2e375ab]"}
{"timestamp":"2026-07-05T22:58:32.336Z","level":"INFO","service":"payment-service","message":"Fetched product catalog data successfully"}
{"timestamp":"2026-07-05T22:58:52.081Z","level":"INFO","service":"payment-service","message":"Cart session initialized"}
{"timestamp":"2026-07-05T22:59:31.568Z","level":"INFO","service":"catalog-service","message":"User added item to shopping cart"}
{"timestamp":"2026-07-05T22:59:46.214Z","level":"INFO","service":"payment-service","message":"Fetched product catalog data successfully"}
{"timestamp":"2026-07-05T23:00:04.888Z","level":"WARN","service":"catalog-service","message":"Database connection pool threshold reached (80%)"}
{"timestamp":"2026-07-05T23:00:42.446Z","level":"INFO","service":"cart-service","message":"Cart session initialized"}
{"timestamp":"2026-07-05T23:01:15.951Z","level":"ERROR","service":"catalog-service","message":"Failed to retrieve exchange rate from external API provider","stack_trace":"java.io.IOException: connection reset by peer
\tat sun.net.www.http.HttpClient.parseHTTPHeader(HttpClient.java:712)
\tat sun.net.www.protocol.http.HttpURLConnection.getInputStream0(HttpURLConnection.java:1590) [req_ref: 0x3b5aad8]"
{"timestamp":"2026-07-05T23:01:54.719Z","level":"INFO","service":"cart-service","message":"Cart session initialized"}
{"timestamp":"2026-07-05T23:02:29.147Z","level":"WARN","service":"notification-service","message":"Slow query detected on order history catalog lookup"}
{"timestamp":"2026-07-05T23:02:58.029Z","level":"INFO","service":"payment-service","message":"Cart session initialized"}
{"timestamp":"2026-07-05T23:03:03.517Z","level":"WARN","service":"catalog-service","message":"Slow query detected on order history catalog lookup"}
{"timestamp":"2026-07-05T23:03:43.231Z","level":"WARN","service":"cart-service","message":"Slow query detected on order history catalog lookup"}
{"timestamp":"2026-07-05T23:03:53.979Z","level":"WARN","service":"user-service","message":"Database connection pool threshold reached (80%)"}
{"timestamp":"2026-07-05T23:04:09.681Z","level":"INFO","service":"notification-service","message":"Sending order email confirmation notification"}
{"timestamp":"2026-07-05T23:04:28.272Z","level":"INFO","service":"cart-service","message":"Payment authorization token acquired"}
{"timestamp":"2026-07-05T23:05:03.248Z","level":"WARN","service":"cart-service","message":"Database connection pool threshold reached (80%)"}
{"timestamp":"2026-07-05T23:05:19.197Z","level":"WARN","service":"payment-service","message":"Slow query detected on order history catalog lookup"}
{"timestamp":"2026-07-05T23:05:55.659Z","level":"INFO","service":"user-service","message":"Fetched product catalog data successfully"}
{"timestamp":"2026-07-05T23:06:16.338Z","level":"INFO","service":"payment-service","message":"Payment authorization token acquired"}
{"timestamp":"2026-07-05T23:06:54.365Z","level":"WARN","service":"notification-service","message":"Slow query detected on order history catalog lookup"}
{"timestamp":"2026-07-05T23:07:12.062Z","level":"WARN","service":"payment-service","message":"Slow query detected on order history catalog lookup"}
{"timestamp":"2026-07-05T23:07:31.763Z","level":"INFO","service":"payment-service","message":"Cart session initialized"}
{"timestamp":"2026-07-05T23:08:11.352Z","level":"INFO","service":"catalog-service","message":"Fetched product catalog data successfully"}
{"timestamp":"2026-07-05T23:08:35.726Z","level":"INFO","service":"payment-service","message":"User login credentials validated"}
{"timestamp":"2026-07-05T23:08:42.781Z","level":"INFO","service":"payment-service","message":"Payment authorization token acquired"}
{"timestamp":"2026-07-05T23:09:08.345Z","level":"WARN","service":"cart-service","message":"Database connection pool threshold reached (80%)"}
{"timestamp":"2026-07-05T23:09:46.618Z","level":"WARN","service":"payment-service","message":"Slow query detected on order history catalog lookup"}
{"timestamp":"2026-07-05T23:10:20.664Z","level":"INFO","service":"user-service","message":"User login credentials validated"}
{"timestamp":"2026-07-05T23:10:31.106Z","level":"WARN","service":"catalog-service","message":"Slow query detected on order history catalog lookup"}
{"timestamp":"2026-07-05T23:11:11.550Z","level":"INFO","service":"user-service","message":"Payment authorization token acquired"}
{"timestamp":"2026-07-05T23:11:42.652Z","level":"WARN","service":"cart-service","message":"Database connection pool threshold reached (80%)"}
{"timestamp":"2026-07-05T23:12:16.238Z","level":"WARN","service":"notification-service","message":"Database connection pool threshold reached (80%)"}
{"timestamp":"2026-07-05T23:12:42.389Z","level":"INFO","service":"notification-service","message":"Fetched product catalog data successfully"}
{"timestamp":"2026-07-05T23:13:06.987Z","level":"ERROR","service":"cart-service","message":"Failed to retrieve exchange rate from external API provider","stack_trace":"java.io.IOException: connection reset by peer
\tat sun.net.www.http.HttpClient.parseHTTPHeader(HttpClient.java:712)
\tat sun.net.www.protocol.http.HttpURLConnection.getInputStream0(HttpURLConnection.java:1590) [req_ref: 0x2b66667]"}
{"timestamp":"2026-07-05T23:13:38.511Z","level":"INFO","service":"payment-service","message":"Sending order email confirmation notification"}
{"timestamp":"2026-07-05T23:13:54.728Z","level":"INFO","service":"payment-service","message":"User added item to shopping cart"}
{"timestamp":"2026-07-05T23:14:09.290Z","level":"INFO","service":"notification-service","message":"Payment authorization token acquired"}
{"timestamp":"2026-07-05T23:14:36.547Z","level":"WARN","service":"catalog-service","message":"Slow query detected on order history catalog lookup"}
{"timestamp":"2026-07-05T23:14:42.010Z","level":"INFO","service":"catalog-service","message":"Cart session initialized"}
{"timestamp":"2026-07-05T23:15:02.693Z","level":"INFO","service":"notification-service","message":"User login credentials validated"}
{"timestamp":"2026-07-05T23:15:27.596Z","level":"INFO","service":"notification-service","message":"User login credentials validated"}
{"timestamp":"2026-07-05T23:15:42.431Z","level":"INFO","service":"cart-service","message":"Fetched product catalog data successfully"}
{"timestamp":"2026-07-05T23:16:18.422Z","level":"ERROR","service":"user-service","message":"Failed to retrieve exchange rate from external API provider","stack_trace":"java.io.IOException: connection reset by peer
\tat sun.net.www.http.HttpClient.parseHTTPHeader(HttpClient.java:712)
\tat sun.net.www.protocol.http.HttpURLConnection.getInputStream0(HttpURLConnection.java:1590) [req_ref: 0x55a6909]"}
{"timestamp":"2026-07-05T23:16:26.087Z","level":"INFO","service":"payment-service","message":"Fetched product catalog data successfully"}
{"timestamp":"2026-07-05T23:16:45.880Z","level":"ERROR","service":"payment-service","message":"Failed to retrieve exchange rate from external API provider","stack_trace":"java.io.IOException: connection reset by peer
\tat sun.net.www.http.HttpClient.parseHTTPHeader(HttpClient.java:712)
\tat sun.net.www.protocol.http.HttpURLConnection.getInputStream0(HttpURLConnection.java:1590) [req_ref: 0xd3d938]"}
{"timestamp":"2026-07-05T23:17:05.738Z","level":"WARN","service":"notification-service","message":"Slow query detected on order history catalog lookup"}
{"timestamp":"2026-07-05T23:17:15.887Z","level":"INFO","service":"catalog-service","message":"Cart session initialized"}
{"timestamp":"2026-07-05T23:17:54.229Z","level":"INFO","service":"payment-service","message":"Payment authorization token acquired"}
{"timestamp":"2026-07-05T23:18:26.562Z","level":"INFO","service":"notification-service","message":"Fetched product catalog data successfully"}
{"timestamp":"2026-07-05T23:18:51.912Z","level":"INFO","service":"notification-service","message":"User added item to shopping cart"}
{"timestamp":"2026-07-05T23:18:58.553Z","level":"INFO","service":"user-service","message":"User added item to shopping cart"}
{"timestamp":"2026-07-05T23:19:26.838Z","level":"INFO","service":"payment-service","message":"Sending order email confirmation notification"}
{"timestamp":"2026-07-05T23:20:00.286Z","level":"INFO","service":"payment-service","message":"Payment authorization token acquired"}
{"timestamp":"2026-07-05T23:20:30.469Z","level":"INFO","service":"user-service","message":"Cart session initialized"}
{"timestamp":"2026-07-05T23:21:03.502Z","level":"ERROR","service":"payment-service","message":"Failed to retrieve exchange rate from external API provider","stack_trace":"java.io.IOException: connection reset by peer
\tat sun.net.www.http.HttpClient.parseHTTPHeader(HttpClient.java:712)
\tat sun.net.www.protocol.http.HttpURLConnection.getInputStream0(HttpURLConnection.java:1590) [req_ref: 0x448523d]"
{"timestamp":"2026-07-05T23:21:28.948Z","level":"INFO","service":"catalog-service","message":"Payment authorization token acquired"}
{"timestamp":"2026-07-05T23:22:00.675Z","level":"INFO","service":"notification-service","message":"Payment authorization token acquired"}
{"timestamp":"2026-07-05T23:22:34.713Z","level":"INFO","service":"notification-service","message":"User login credentials validated"}
{"timestamp":"2026-07-05T23:23:01.983Z","level":"INFO","service":"catalog-service","message":"Payment authorization token acquired"}
{"timestamp":"2026-07-05T23:23:27.626Z","level":"INFO","service":"notification-service","message":"Payment authorization token acquired"}
{"timestamp":"2026-07-05T23:23:55.026Z","level":"INFO","service":"cart-service","message":"Payment authorization token acquired"}
{"timestamp":"2026-07-05T23:24:15.704Z","level":"INFO","service":"catalog-service","message":"Cart session initialized"}
{"timestamp":"2026-07-05T23:24:25.453Z","level":"INFO","service":"user-service","message":"User login credentials validated"}
{"timestamp":"2026-07-05T23:25:02.373Z","level":"INFO","service":"cart-service","message":"User added item to shopping cart"}
{"timestamp":"2026-07-05T23:25:42.229Z","level":"INFO","service":"notification-service","message":"Payment authorization token acquired"}
{"timestamp":"2026-07-05T23:25:57.706Z","level":"INFO","service":"cart-service","message":"Cart session initialized"}
{"timestamp":"2026-07-05T23:26:25.146Z","level":"WARN","service":"user-service","message":"Slow query detected on order history catalog lookup"}
{"timestamp":"2026-07-05T23:27:03.660Z","level":"INFO","service":"notification-service","message":"Cart session initialized"}
{"timestamp":"2026-07-05T23:27:12.403Z","level":"INFO","service":"cart-service","message":"User added item to shopping cart"}
{"timestamp":"2026-07-05T23:27:21.624Z","level":"INFO","service":"payment-service","message":"User added item to shopping cart"}
{"timestamp":"2026-07-05T23:27:45.852Z","level":"WARN","service":"cart-service","message":"Slow query detected on order history catalog lookup"}
{"timestamp":"2026-07-05T23:28:08.727Z","level":"INFO","service":"cart-service","message":"Payment authorization token acquired"}
{"timestamp":"2026-07-05T23:28:22.061Z","level":"INFO","service":"payment-service","message":"Fetched product catalog data successfully"}
{"timestamp":"2026-07-05T23:28:35.484Z","level":"INFO","service":"catalog-service","message":"User login credentials validated"}
{"timestamp":"2026-07-05T23:29:09.207Z","level":"ERROR","service":"user-service","message":"Failed to retrieve exchange rate from external API provider","stack_trace":"java.io.IOException: connection reset by peer
\tat sun.net.www.http.HttpClient.parseHTTPHeader(HttpClient.java:712)
\tat sun.net.www.protocol.http.HttpURLConnection.getInputStream0(HttpURLConnection.java:1590) [req_ref: 0x4f8b0d4]"
{"timestamp":"2026-07-05T23:29:17.193Z","level":"INFO","service":"cart-service","message":"Sending order email confirmation notification"}
{"timestamp":"2026-07-05T23:29:33.740Z","level":"INFO","service":"user-service","message":"Cart session initialized"}
{"timestamp":"2026-07-05T23:29:56.899Z","level":"INFO","service":"cart-service","message":"Fetched product catalog data successfully"}
{"timestamp":"2026-07-05T23:30:12.596Z","level":"WARN","service":"payment-service","message":"Database connection pool threshold reached (80%)"}
{"timestamp":"2026-07-05T23:30:31.296Z","level":"INFO","service":"user-service","message":"User login credentials validated"}
{"timestamp":"2026-07-05T23:30:41.180Z","level":"ERROR","service":"user-service","message":"Failed to retrieve exchange rate from external API provider","stack_trace":"java.io.IOException: connection reset by peer
\tat sun.net.www.http.HttpClient.parseHTTPHeader(HttpClient.java:712)
\tat sun.net.www.protocol.http.HttpURLConnection.getInputStream0(HttpURLConnection.java:1590) [req_ref: 0xe8051d]"}
{"timestamp":"2026-07-05T23:30:56.362Z","level":"INFO","service":"catalog-service","message":"Payment authorization token acquired"}
{"timestamp":"2026-07-05T23:31:04.724Z","level":"INFO","service":"user-service","message":"User login credentials validated"}
{"timestamp":"2026-07-05T23:31:39.622Z","level":"INFO","service":"cart-service","message":"User added item to shopping cart"}
{"timestamp":"2026-07-05T23:31:52.819Z","level":"INFO","service":"payment-service","message":"Cart session initialized"}
{"timestamp":"2026-07-05T23:32:17.309Z","level":"INFO","service":"catalog-service","message":"Fetched product catalog data successfully"}
{"timestamp":"2026-07-05T23:32:27.566Z","level":"INFO","service":"notification-service","message":"User added item to shopping cart"}
{"timestamp":"2026-07-05T23:32:39.208Z","level":"INFO","service":"cart-service","message":"Sending order email confirmation notification"}
{"timestamp":"2026-07-05T23:33:00.820Z","level":"INFO","service":"notification-service","message":"Payment authorization token acquired"}
{"timestamp":"2026-07-05T23:33:35.070Z","level":"INFO","service":"payment-service","message":"Sending order email confirmation notification"}
{"timestamp":"2026-07-05T23:34:07.708Z","level":"WARN","service":"payment-service","message":"Slow query detected on order history catalog lookup"}
{"timestamp":"2026-07-05T23:34:39.559Z","level":"INFO","service":"catalog-service","message":"User added item to shopping cart"}
{"timestamp":"2026-07-05T23:34:55.505Z","level":"INFO","service":"payment-service","message":"User login credentials validated"}
{"timestamp":"2026-07-05T23:35:08.118Z","level":"INFO","service":"user-service","message":"Cart session initialized"}
{"timestamp":"2026-07-05T23:35:14.791Z","level":"INFO","service":"payment-service","message":"User added item to shopping cart"}
{"timestamp":"2026-07-05T23:35:32.514Z","level":"INFO","service":"user-service","message":"Sending order email confirmation notification"}
{"timestamp":"2026-07-05T23:35:39.094Z","level":"INFO","service":"cart-service","message":"User login credentials validated"}
{"timestamp":"2026-07-05T23:36:19.035Z","level":"ERROR","service":"payment-service","message":"Failed to retrieve exchange rate from external API provider","stack_trace":"java.io.IOException: connection reset by peer
\tat sun.net.www.http.HttpClient.parseHTTPHeader(HttpClient.java:712)
\tat sun.net.www.protocol.http.HttpURLConnection.getInputStream0(HttpURLConnection.java:1590) [req_ref: 0x56a2f1b]"
{"timestamp":"2026-07-05T23:36:58.660Z","level":"INFO","service":"notification-service","message":"User added item to shopping cart"}
{"timestamp":"2026-07-05T23:37:27.693Z","level":"INFO","service":"catalog-service","message":"User login credentials validated"}
{"timestamp":"2026-07-05T23:37:55.161Z","level":"INFO","service":"payment-service","message":"User added item to shopping cart"}
{"timestamp":"2026-07-05T23:38:06.692Z","level":"INFO","service":"notification-service","message":"Fetched product catalog data successfully"}
{"timestamp":"2026-07-05T23:38:43.157Z","level":"INFO","service":"user-service","message":"Sending order email confirmation notification"}
{"timestamp":"2026-07-05T23:39:00.328Z","level":"ERROR","service":"catalog-service","message":"Failed to retrieve exchange rate from external API provider","stack_trace":"java.io.IOException: connection reset by peer
\tat sun.net.www.http.HttpClient.parseHTTPHeader(HttpClient.java:712)
\tat sun.net.www.protocol.http.HttpURLConnection.getInputStream0(HttpURLConnection.java:1590) [req_ref: 0x240502f]"
{"timestamp":"2026-07-05T23:39:14.239Z","level":"WARN","service":"catalog-service","message":"Database connection pool threshold reached (80%)"}
{"timestamp":"2026-07-05T23:39:50.055Z","level":"INFO","service":"cart-service","message":"User added item to shopping cart"}
{"timestamp":"2026-07-05T23:40:25.087Z","level":"INFO","service":"user-service","message":"Sending order email confirmation notification"}
{"timestamp":"2026-07-05T23:41:05.923Z","level":"INFO","service":"notification-service","message":"User added item to shopping cart"}
{"timestamp":"2026-07-05T23:41:17.909Z","level":"WARN","service":"notification-service","message":"Slow query detected on order history catalog lookup"}
{"timestamp":"2026-07-05T23:41:40.036Z","level":"INFO","service":"cart-service","message":"Fetched product catalog data successfully"}
{"timestamp":"2026-07-05T23:41:52.244Z","level":"INFO","service":"payment-service","message":"Cart session initialized"}
{"timestamp":"2026-07-05T23:41:58.781Z","level":"INFO","service":"payment-service","message":"User login credentials validated"}
{"timestamp":"2026-07-05T23:42:19.606Z","level":"WARN","service":"cart-service","message":"Database connection pool threshold reached (80%)"}
{"timestamp":"2026-07-05T23:42:25.981Z","level":"INFO","service":"catalog-service","message":"User added item to shopping cart"}
{"timestamp":"2026-07-05T23:42:46.915Z","level":"WARN","service":"notification-service","message":"Slow query detected on order history catalog lookup"}
{"timestamp":"2026-07-05T23:43:16.353Z","level":"WARN","service":"user-service","message":"Slow query detected on order history catalog lookup"}
{"timestamp":"2026-07-05T23:43:50.355Z","level":"INFO","service":"payment-service","message":"Payment authorization token acquired"}
{"timestamp":"2026-07-05T23:44:24.155Z","level":"INFO","service":"payment-service","message":"User added item to shopping cart"}
{"timestamp":"2026-07-05T23:44:53.774Z","level":"INFO","service":"payment-service","message":"User added item to shopping cart"}
{"timestamp":"2026-07-05T23:45:23.026Z","level":"WARN","service":"payment-service","message":"Slow query detected on order history catalog lookup"}
{"timestamp":"2026-07-05T23:46:00.745Z","level":"INFO","service":"user-service","message":"User added item to shopping cart"}
{"timestamp":"2026-07-05T23:46:08.323Z","level":"INFO","service":"catalog-service","message":"Fetched product catalog data successfully"}
{"timestamp":"2026-07-05T23:46:25.777Z","level":"WARN","service":"notification-service","message":"Database connection pool threshold reached (80%)"}
{"timestamp":"2026-07-05T23:46:43.061Z","level":"WARN","service":"catalog-service","message":"Database connection pool threshold reached (80%)"}
{"timestamp":"2026-07-05T23:47:17.023Z","level":"INFO","service":"user-service","message":"Payment authorization token acquired"}
{"timestamp":"2026-07-05T23:47:39.412Z","level":"WARN","service":"notification-service","message":"Database connection pool threshold reached (80%)"}
{"timestamp":"2026-07-05T23:48:09.702Z","level":"INFO","service":"notification-service","message":"Sending order email confirmation notification"}
{"timestamp":"2026-07-05T23:48:22.784Z","level":"INFO","service":"payment-service","message":"Sending order email confirmation notification"}
{"timestamp":"2026-07-05T23:48:56.060Z","level":"WARN","service":"user-service","message":"Slow query detected on order history catalog lookup"}
{"timestamp":"2026-07-05T23:49:07.760Z","level":"ERROR","service":"cart-service","message":"Failed to retrieve exchange rate from external API provider","stack_trace":"java.io.IOException: connection reset by peer
\tat sun.net.www.http.HttpClient.parseHTTPHeader(HttpClient.java:712)
\tat sun.net.www.protocol.http.HttpURLConnection.getInputStream0(HttpURLConnection.java:1590) [req_ref: 0xaad1fc]"}
{"timestamp":"2026-07-05T23:49:43.887Z","level":"INFO","service":"user-service","message":"User login credentials validated"}
{"timestamp":"2026-07-05T23:49:51.572Z","level":"INFO","service":"catalog-service","message":"Sending order email confirmation notification"}
{"timestamp":"2026-07-05T23:50:11.186Z","level":"INFO","service":"payment-service","message":"User login credentials validated"}
{"timestamp":"2026-07-05T23:50:29.864Z","level":"WARN","service":"user-service","message":"Database connection pool threshold reached (80%)"}
{"timestamp":"2026-07-05T23:50:55.910Z","level":"WARN","service":"notification-service","message":"Slow query detected on order history catalog lookup"}
{"timestamp":"2026-07-05T23:51:18.292Z","level":"ERROR","service":"notification-service","message":"Failed to retrieve exchange rate from external API provider","stack_trace":"java.io.IOException: connection reset by peer
\tat sun.net.www.http.HttpClient.parseHTTPHeader(HttpClient.java:712)
\tat sun.net.www.protocol.http.HttpURLConnection.getInputStream0(HttpURLConnection.java:1590) [req_ref: 0x50334a0]"
{"timestamp":"2026-07-05T23:51:33.249Z","level":"INFO","service":"catalog-service","message":"Payment authorization token acquired"}
{"timestamp":"2026-07-05T23:51:38.860Z","level":"WARN","service":"notification-service","message":"Slow query detected on order history catalog lookup"}
{"timestamp":"2026-07-05T23:51:54.145Z","level":"INFO","service":"notification-service","message":"Payment authorization token acquired"}
{"timestamp":"2026-07-05T23:52:33.858Z","level":"INFO","service":"payment-service","message":"Payment authorization token acquired"}
{"timestamp":"2026-07-05T23:53:13.968Z","level":"INFO","service":"cart-service","message":"User login credentials validated"}
{"timestamp":"2026-07-05T23:53:40.323Z","level":"INFO","service":"user-service","message":"Sending order email confirmation notification"}
{"timestamp":"2026-07-05T23:53:52.915Z","level":"WARN","service":"notification-service","message":"Database connection pool threshold reached (80%)"}
{"timestamp":"2026-07-05T23:53:58.986Z","level":"INFO","service":"payment-service","message":"User login credentials validated"}
{"timestamp":"2026-07-05T23:54:36.882Z","level":"INFO","service":"payment-service","message":"Sending order email confirmation notification"}
{"timestamp":"2026-07-05T23:55:08.507Z","level":"ERROR","service":"notification-service","message":"Failed to retrieve exchange rate from external API provider","stack_trace":"java.io.IOException: connection reset by peer
\tat sun.net.www.http.HttpClient.parseHTTPHeader(HttpClient.java:712)
\tat sun.net.www.protocol.http.HttpURLConnection.getInputStream0(HttpURLConnection.java:1590) [req_ref: 0x23ede5d]"}
{"timestamp":"2026-07-05T23:55:44.200Z","level":"INFO","service":"catalog-service","message":"Sending order email confirmation notification"}
{"timestamp":"2026-07-05T23:55:58.975Z","level":"ERROR","service":"payment-service","message":"Failed to retrieve exchange rate from external API provider","stack_trace":"java.io.IOException: connection reset by peer
\tat sun.net.www.http.HttpClient.parseHTTPHeader(HttpClient.java:712)
\tat sun.net.www.protocol.http.HttpURLConnection.getInputStream0(HttpURLConnection.java:1590) [req_ref: 0xbb643b]"
{"timestamp":"2026-07-05T23:56:18.421Z","level":"WARN","service":"cart-service","message":"Slow query detected on order history catalog lookup"}
{"timestamp":"2026-07-05T23:56:46.531Z","level":"WARN","service":"cart-service","message":"Database connection pool threshold reached (80%)"}
{"timestamp":"2026-07-05T23:57:17.920Z","level":"ERROR","service":"cart-service","message":"Failed to retrieve exchange rate from external API provider","stack_trace":"java.io.IOException: connection reset by peer
\tat sun.net.www.http.HttpClient.parseHTTPHeader(HttpClient.java:712)
\tat sun.net.www.protocol.http.HttpURLConnection.getInputStream0(HttpURLConnection.java:1590) [req_ref: 0x40ab7ce]"}
{"timestamp":"2026-07-05T23:57:39.100Z","level":"INFO","service":"catalog-service","message":"Sending order email confirmation notification"}
{"timestamp":"2026-07-05T23:58:15.785Z","level":"INFO","service":"user-service","message":"Cart session initialized"}
{"timestamp":"2026-07-05T23:58:22.409Z","level":"INFO","service":"payment-service","message":"User added item to shopping cart"}
{"timestamp":"2026-07-05T23:58:56.340Z","level":"INFO","service":"cart-service","message":"Cart session initialized"}
{"timestamp":"2026-07-05T23:59:29.492Z","level":"INFO","service":"catalog-service","message":"Fetched product catalog data successfully"}
{"timestamp":"2026-07-05T23:59:41.266Z","level":"ERROR","service":"cart-service","message":"Failed to retrieve exchange rate from external API provider","stack_trace":"java.io.IOException: connection reset by peer
\tat sun.net.www.http.HttpClient.parseHTTPHeader(HttpClient.java:712)
\tat sun.net.www.protocol.http.HttpURLConnection.getInputStream0(HttpURLConnection.java:1590) [req_ref: 0x302e61c]"
{"timestamp":"2026-07-05T23:59:52.113Z","level":"INFO","service":"cart-service","message":"User login credentials validated"}
{"timestamp":"2026-07-06T00:00:02.378Z","level":"INFO","service":"catalog-service","message":"Cart session initialized"}
{"timestamp":"2026-07-06T00:00:41.115Z","level":"INFO","service":"cart-service","message":"Sending order email confirmation notification"}
{"timestamp":"2026-07-06T00:01:10.913Z","level":"INFO","service":"user-service","message":"User added item to shopping cart"}
{"timestamp":"2026-07-06T00:01:41.551Z","level":"INFO","service":"catalog-service","message":"User added item to shopping cart"}
{"timestamp":"2026-07-06T00:01:52.314Z","level":"INFO","service":"catalog-service","message":"Fetched product catalog data successfully"}
{"timestamp":"2026-07-06T00:02:09.898Z","level":"INFO","service":"catalog-service","message":"User added item to shopping cart"}
{"timestamp":"2026-07-06T00:02:19.528Z","level":"INFO","service":"notification-service","message":"Cart session initialized"}
{"timestamp":"2026-07-06T00:02:49.766Z","level":"INFO","service":"user-service","message":"Payment authorization token acquired"}
{"timestamp":"2026-07-06T00:03:15.347Z","level":"WARN","service":"cart-service","message":"Database connection pool threshold reached (80%)"}
{"timestamp":"2026-07-06T00:03:42.931Z","level":"INFO","service":"cart-service","message":"Cart session initialized"}
{"timestamp":"2026-07-06T00:04:12.512Z","level":"WARN","service":"payment-service","message":"Database connection pool threshold reached (80%)"}
{"timestamp":"2026-07-06T00:04:49.771Z","level":"INFO","service":"cart-service","message":"Sending order email confirmation notification"}
{"timestamp":"2026-07-06T00:05:25.462Z","level":"INFO","service":"user-service","message":"User login credentials validated"}
{"timestamp":"2026-07-06T00:05:31.203Z","level":"INFO","service":"cart-service","message":"User login credentials validated"}
{"timestamp":"2026-07-06T00:05:56.287Z","level":"INFO","service":"cart-service","message":"Payment authorization token acquired"}
{"timestamp":"2026-07-06T00:06:27.806Z","level":"INFO","service":"catalog-service","message":"Fetched product catalog data successfully"}
{"timestamp":"2026-07-06T00:06:32.236Z","level":"INFO","service":"user-service","message":"User added item to shopping cart"}
{"timestamp":"2026-07-06T00:06:42.615Z","level":"INFO","service":"catalog-service","message":"Cart session initialized"}
{"timestamp":"2026-07-06T00:06:56.508Z","level":"INFO","service":"payment-service","message":"Sending order email confirmation notification"}
{"timestamp":"2026-07-06T00:07:34.385Z","level":"WARN","service":"notification-service","message":"Slow query detected on order history catalog lookup"}
{"timestamp":"2026-07-06T00:07:56.703Z","level":"INFO","service":"payment-service","message":"User added item to shopping cart"}
{"timestamp":"2026-07-06T00:08:29.761Z","level":"WARN","service":"payment-service","message":"Database connection pool threshold reached (80%)"}
{"timestamp":"2026-07-06T00:09:07.237Z","level":"INFO","service":"notification-service","message":"Payment authorization token acquired"}
{"timestamp":"2026-07-06T00:09:15.964Z","level":"INFO","service":"notification-service","message":"Payment authorization token acquired"}
{"timestamp":"2026-07-06T00:09:48.021Z","level":"INFO","service":"notification-service","message":"Sending order email confirmation notification"}
{"timestamp":"2026-07-06T00:10:09.030Z","level":"INFO","service":"notification-service","message":"User added item to shopping cart"}
{"timestamp":"2026-07-06T00:10:40.699Z","level":"INFO","service":"cart-service","message":"Fetched product catalog data successfully"}
{"timestamp":"2026-07-06T00:11:19.116Z","level":"INFO","service":"user-service","message":"Sending order email confirmation notification"}
{"timestamp":"2026-07-06T00:11:50.822Z","level":"INFO","service":"cart-service","message":"Fetched product catalog data successfully"}
{"timestamp":"2026-07-06T00:12:10.281Z","level":"INFO","service":"notification-service","message":"User login credentials validated"}
{"timestamp":"2026-07-06T00:12:50.278Z","level":"WARN","service":"payment-service","message":"Slow query detected on order history catalog lookup"}
{"timestamp":"2026-07-06T00:13:24.034Z","level":"WARN","service":"user-service","message":"Database connection pool threshold reached (80%)"}
{"timestamp":"2026-07-06T00:13:40.829Z","level":"INFO","service":"catalog-service","message":"Payment authorization token acquired"}
{"timestamp":"2026-07-06T00:14:06.897Z","level":"INFO","service":"user-service","message":"User login credentials validated"}
{"timestamp":"2026-07-06T00:14:22.608Z","level":"INFO","service":"cart-service","message":"User login credentials validated"}
{"timestamp":"2026-07-06T00:14:45.627Z","level":"WARN","service":"catalog-service","message":"Database connection pool threshold reached (80%)"}
{"timestamp":"2026-07-06T00:15:11.300Z","level":"INFO","service":"payment-service","message":"User added item to shopping cart"}
{"timestamp":"2026-07-06T00:15:46.862Z","level":"WARN","service":"cart-service","message":"Database connection pool threshold reached (80%)"}
{"timestamp":"2026-07-06T00:15:59.486Z","level":"INFO","service":"cart-service","message":"Cart session initialized"}
{"timestamp":"2026-07-06T00:16:36.007Z","level":"INFO","service":"user-service","message":"User added item to shopping cart"}
{"timestamp":"2026-07-06T00:17:07.990Z","level":"WARN","service":"user-service","message":"Slow query detected on order history catalog lookup"}
{"timestamp":"2026-07-06T00:17:25.277Z","level":"WARN","service":"cart-service","message":"Slow query detected on order history catalog lookup"}
{"timestamp":"2026-07-06T00:17:48.713Z","level":"INFO","service":"cart-service","message":"Cart session initialized"}
{"timestamp":"2026-07-06T00:18:07.320Z","level":"WARN","service":"user-service","message":"Database connection pool threshold reached (80%)"}
{"timestamp":"2026-07-06T00:18:25.564Z","level":"INFO","service":"payment-service","message":"Cart session initialized"}
{"timestamp":"2026-07-06T00:18:57.285Z","level":"WARN","service":"notification-service","message":"Slow query detected on order history catalog lookup"}
{"timestamp":"2026-07-06T00:19:07.703Z","level":"INFO","service":"user-service","message":"Fetched product catalog data successfully"}
{"timestamp":"2026-07-06T00:19:17.455Z","level":"WARN","service":"user-service","message":"Slow query detected on order history catalog lookup"}
{"timestamp":"2026-07-06T00:19:57.989Z","level":"INFO","service":"user-service","message":"Cart session initialized"}
{"timestamp":"2026-07-06T00:20:20.651Z","level":"WARN","service":"cart-service","message":"Slow query detected on order history catalog lookup"}
{"timestamp":"2026-07-06T00:20:50.974Z","level":"INFO","service":"user-service","message":"Sending order email confirmation notification"}
{"timestamp":"2026-07-06T00:20:57.876Z","level":"INFO","service":"cart-service","message":"User login credentials validated"}
{"timestamp":"2026-07-06T00:21:37.288Z","level":"INFO","service":"user-service","message":"User login credentials validated"}
{"timestamp":"2026-07-06T00:21:53.640Z","level":"INFO","service":"payment-service","message":"Payment authorization token acquired"}
{"timestamp":"2026-07-06T00:22:20.792Z","level":"ERROR","service":"payment-service","message":"Failed to retrieve exchange rate from external API provider","stack_trace":"java.io.IOException: connection reset by peer
\tat sun.net.www.http.HttpClient.parseHTTPHeader(HttpClient.java:712)
\tat sun.net.www.protocol.http.HttpURLConnection.getInputStream0(HttpURLConnection.java:1590) [req_ref: 0x236451c]"}
{"timestamp":"2026-07-06T00:22:55.173Z","level":"WARN","service":"notification-service","message":"Slow query detected on order history catalog lookup"}
{"timestamp":"2026-07-06T00:23:22.880Z","level":"WARN","service":"catalog-service","message":"Slow query detected on order history catalog lookup"}
{"timestamp":"2026-07-06T00:24:02.127Z","level":"INFO","service":"payment-service","message":"Fetched product catalog data successfully"}
{"timestamp":"2026-07-06T00:24:15.424Z","level":"WARN","service":"cart-service","message":"Database connection pool threshold reached (80%)"}
{"timestamp":"2026-07-06T00:24:37.652Z","level":"WARN","service":"catalog-service","message":"Slow query detected on order history catalog lookup"}
{"timestamp":"2026-07-06T00:24:48.847Z","level":"INFO","service":"user-service","message":"Payment authorization token acquired"}
{"timestamp":"2026-07-06T00:25:26.573Z","level":"INFO","service":"payment-service","message":"User added item to shopping cart"}
{"timestamp":"2026-07-06T00:26:04.886Z","level":"INFO","service":"catalog-service","message":"Fetched product catalog data successfully"}
{"timestamp":"2026-07-06T00:26:42.809Z","level":"INFO","service":"notification-service","message":"User login credentials validated"}
{"timestamp":"2026-07-06T00:26:51.954Z","level":"WARN","service":"user-service","message":"Slow query detected on order history catalog lookup"}
{"timestamp":"2026-07-06T00:27:03.118Z","level":"INFO","service":"catalog-service","message":"User added item to shopping cart"}
{"timestamp":"2026-07-06T00:27:12.307Z","level":"INFO","service":"catalog-service","message":"User login credentials validated"}
{"timestamp":"2026-07-06T00:27:33.390Z","level":"INFO","service":"user-service","message":"User added item to shopping cart"}
{"timestamp":"2026-07-06T00:28:10.246Z","level":"WARN","service":"user-service","message":"Slow query detected on order history catalog lookup"}
{"timestamp":"2026-07-06T00:28:38.819Z","level":"INFO","service":"cart-service","message":"Cart session initialized"}
{"timestamp":"2026-07-06T00:29:02.894Z","level":"INFO","service":"catalog-service","message":"Sending order email confirmation notification"}
{"timestamp":"2026-07-06T00:29:40.939Z","level":"INFO","service":"notification-service","message":"Payment authorization token acquired"}
{"timestamp":"2026-07-06T00:29:56.246Z","level":"WARN","service":"catalog-service","message":"Slow query detected on order history catalog lookup"}
{"timestamp":"2026-07-06T00:30:19.572Z","level":"WARN","service":"catalog-service","message":"Slow query detected on order history catalog lookup"}
{"timestamp":"2026-07-06T00:30:24.057Z","level":"ERROR","service":"catalog-service","message":"Failed to retrieve exchange rate from external API provider","stack_trace":"java.io.IOException: connection reset by peer
\tat sun.net.www.http.HttpClient.parseHTTPHeader(HttpClient.java:712)
\tat sun.net.www.protocol.http.HttpURLConnection.getInputStream0(HttpURLConnection.java:1590) [req_ref: 0x51482f4]"}
{"timestamp":"2026-07-06T00:30:38.348Z","level":"INFO","service":"payment-service","message":"Cart session initialized"}
{"timestamp":"2026-07-06T00:31:04.953Z","level":"INFO","service":"user-service","message":"Cart session initialized"}
{"timestamp":"2026-07-06T00:31:14.768Z","level":"INFO","service":"notification-service","message":"Fetched product catalog data successfully"}
{"timestamp":"2026-07-06T00:31:54.992Z","level":"INFO","service":"payment-service","message":"Cart session initialized"}
{"timestamp":"2026-07-06T00:32:24.494Z","level":"INFO","service":"notification-service","message":"Fetched product catalog data successfully"}
{"timestamp":"2026-07-06T00:32:55.681Z","level":"WARN","service":"catalog-service","message":"Database connection pool threshold reached (80%)"}
{"timestamp":"2026-07-06T00:33:01.151Z","level":"WARN","service":"notification-service","message":"Database connection pool threshold reached (80%)"}
{"timestamp":"2026-07-06T00:33:29.932Z","level":"ERROR","service":"payment-service","message":"Failed to retrieve exchange rate from external API provider","stack_trace":"java.io.IOException: connection reset by peer
\tat sun.net.www.http.HttpClient.parseHTTPHeader(HttpClient.java:712)
\tat sun.net.www.protocol.http.HttpURLConnection.getInputStream0(HttpURLConnection.java:1590) [req_ref: 0x250ec7d]"}
{"timestamp":"2026-07-06T00:33:57.470Z","level":"WARN","service":"user-service","message":"Database connection pool threshold reached (80%)"}
{"timestamp":"2026-07-06T00:34:21.412Z","level":"INFO","service":"notification-service","message":"Cart session initialized"}
{"timestamp":"2026-07-06T00:34:32.786Z","level":"INFO","service":"user-service","message":"Fetched product catalog data successfully"}
{"timestamp":"2026-07-06T00:34:49.699Z","level":"INFO","service":"catalog-service","message":"Fetched product catalog data successfully"}
{"timestamp":"2026-07-06T00:34:55.457Z","level":"INFO","service":"user-service","message":"Sending order email confirmation notification"}
{"timestamp":"2026-07-06T00:35:31.532Z","level":"ERROR","service":"user-service","message":"Failed to retrieve exchange rate from external API provider","stack_trace":"java.io.IOException: connection reset by peer
\tat sun.net.www.http.HttpClient.parseHTTPHeader(HttpClient.java:712)
\tat sun.net.www.protocol.http.HttpURLConnection.getInputStream0(HttpURLConnection.java:1590) [req_ref: 0x5a5ed87]"}
{"timestamp":"2026-07-06T00:36:02.941Z","level":"INFO","service":"catalog-service","message":"Sending order email confirmation notification"}
{"timestamp":"2026-07-06T00:36:17.037Z","level":"INFO","service":"catalog-service","message":"Fetched product catalog data successfully"}
{"timestamp":"2026-07-06T00:36:54.240Z","level":"ERROR","service":"cart-service","message":"Failed to retrieve exchange rate from external API provider","stack_trace":"java.io.IOException: connection reset by peer
\tat sun.net.www.http.HttpClient.parseHTTPHeader(HttpClient.java:712)
\tat sun.net.www.protocol.http.HttpURLConnection.getInputStream0(HttpURLConnection.java:1590) [req_ref: 0x2c44045]"}
{"timestamp":"2026-07-06T00:37:26.503Z","level":"ERROR","service":"cart-service","message":"Failed to retrieve exchange rate from external API provider","stack_trace":"java.io.IOException: connection reset by peer
\tat sun.net.www.http.HttpClient.parseHTTPHeader(HttpClient.java:712)
\tat sun.net.www.protocol.http.HttpURLConnection.getInputStream0(HttpURLConnection.java:1590) [req_ref: 0x41e3c86]"}
{"timestamp":"2026-07-06T00:37:42.630Z","level":"INFO","service":"catalog-service","message":"Payment authorization token acquired"}
{"timestamp":"2026-07-06T00:37:50.872Z","level":"INFO","service":"catalog-service","message":"User login credentials validated"}
{"timestamp":"2026-07-06T00:38:12.831Z","level":"WARN","service":"cart-service","message":"Database connection pool threshold reached (80%)"}
{"timestamp":"2026-07-06T00:38:37.452Z","level":"WARN","service":"payment-service","message":"Database connection pool threshold reached (80%)"}
{"timestamp":"2026-07-06T00:39:12.404Z","level":"INFO","service":"cart-service","message":"User login credentials validated"}
{"timestamp":"2026-07-06T00:39:22.791Z","level":"ERROR","service":"notification-service","message":"Failed to retrieve exchange rate from external API provider","stack_trace":"java.io.IOException: connection reset by peer
\tat sun.net.www.http.HttpClient.parseHTTPHeader(HttpClient.java:712)
\tat sun.net.www.protocol.http.HttpURLConnection.getInputStream0(HttpURLConnection.java:1590) [req_ref: 0x1e0984d]"}
{"timestamp":"2026-07-06T00:39:55.600Z","level":"WARN","service":"cart-service","message":"Slow query detected on order history catalog lookup"}
{"timestamp":"2026-07-06T00:40:30.591Z","level":"INFO","service":"cart-service","message":"Fetched product catalog data successfully"}
{"timestamp":"2026-07-06T00:40:37.198Z","level":"INFO","service":"cart-service","message":"Payment authorization token acquired"}
{"timestamp":"2026-07-06T00:40:50.772Z","level":"INFO","service":"payment-service","message":"Fetched product catalog data successfully"}
{"timestamp":"2026-07-06T00:41:06.447Z","level":"WARN","service":"payment-service","message":"Database connection pool threshold reached (80%)"}
{"timestamp":"2026-07-06T00:41:25.059Z","level":"INFO","service":"payment-service","message":"Cart session initialized"}
{"timestamp":"2026-07-06T00:41:54.679Z","level":"INFO","service":"cart-service","message":"Payment authorization token acquired"}
{"timestamp":"2026-07-06T00:42:09.975Z","level":"WARN","service":"cart-service","message":"Slow query detected on order history catalog lookup"}
{"timestamp":"2026-07-06T00:42:28.247Z","level":"INFO","service":"user-service","message":"Fetched product catalog data successfully"}
{"timestamp":"2026-07-06T00:43:02.771Z","level":"INFO","service":"cart-service","message":"Fetched product catalog data successfully"}
{"timestamp":"2026-07-06T00:43:31.232Z","level":"INFO","service":"cart-service","message":"User added item to shopping cart"}
{"timestamp":"2026-07-06T00:44:03.527Z","level":"INFO","service":"cart-service","message":"Cart session initialized"}
{"timestamp":"2026-07-06T00:44:17.278Z","level":"WARN","service":"catalog-service","message":"Database connection pool threshold reached (80%)"}
{"timestamp":"2026-07-06T00:44:52.376Z","level":"INFO","service":"user-service","message":"Cart session initialized"}
{"timestamp":"2026-07-06T00:45:18.725Z","level":"INFO","service":"notification-service","message":"Sending order email confirmation notification"}
{"timestamp":"2026-07-06T00:45:53.778Z","level":"INFO","service":"notification-service","message":"Fetched product catalog data successfully"}
{"timestamp":"2026-07-06T00:46:01.737Z","level":"INFO","service":"cart-service","message":"Sending order email confirmation notification"}
{"timestamp":"2026-07-06T00:46:31.740Z","level":"INFO","service":"catalog-service","message":"Sending order email confirmation notification"}
{"timestamp":"2026-07-06T00:46:48.139Z","level":"WARN","service":"catalog-service","message":"Database connection pool threshold reached (80%)"}
{"timestamp":"2026-07-06T00:47:07.222Z","level":"INFO","service":"cart-service","message":"Cart session initialized"}
{"timestamp":"2026-07-06T00:47:21.545Z","level":"WARN","service":"cart-service","message":"Database connection pool threshold reached (80%)"}
{"timestamp":"2026-07-06T00:47:36.791Z","level":"INFO","service":"notification-service","message":"Sending order email confirmation notification"}
{"timestamp":"2026-07-06T00:48:10.143Z","level":"WARN","service":"payment-service","message":"Slow query detected on order history catalog lookup"}
{"timestamp":"2026-07-06T00:48:26.190Z","level":"INFO","service":"cart-service","message":"Sending order email confirmation notification"}
{"timestamp":"2026-07-06T00:48:37.036Z","level":"INFO","service":"payment-service","message":"Sending order email confirmation notification"}
{"timestamp":"2026-07-06T00:49:12.844Z","level":"INFO","service":"user-service","message":"Fetched product catalog data successfully"}
{"timestamp":"2026-07-06T00:49:51.709Z","level":"INFO","service":"notification-service","message":"User login credentials validated"}
{"timestamp":"2026-07-06T00:50:05.670Z","level":"INFO","service":"payment-service","message":"User login credentials validated"}
{"timestamp":"2026-07-06T00:50:12.209Z","level":"INFO","service":"catalog-service","message":"Fetched product catalog data successfully"}
{"timestamp":"2026-07-06T00:50:34.202Z","level":"INFO","service":"payment-service","message":"Sending order email confirmation notification"}
{"timestamp":"2026-07-06T00:50:51.699Z","level":"ERROR","service":"user-service","message":"Failed to retrieve exchange rate from external API provider","stack_trace":"java.io.IOException: connection reset by peer
\tat sun.net.www.http.HttpClient.parseHTTPHeader(HttpClient.java:712)
\tat sun.net.www.protocol.http.HttpURLConnection.getInputStream0(HttpURLConnection.java:1590) [req_ref: 0x4b69142]"}
{"timestamp":"2026-07-06T00:51:13.375Z","level":"INFO","service":"catalog-service","message":"User added item to shopping cart"}
{"timestamp":"2026-07-06T00:51:26.368Z","level":"ERROR","service":"catalog-service","message":"Failed to retrieve exchange rate from external API provider","stack_trace":"java.io.IOException: connection reset by peer
\tat sun.net.www.http.HttpClient.parseHTTPHeader(HttpClient.java:712)
\tat sun.net.www.protocol.http.HttpURLConnection.getInputStream0(HttpURLConnection.java:1590) [req_ref: 0x59a81b0]"}
{"timestamp":"2026-07-06T00:51:48.475Z","level":"WARN","service":"payment-service","message":"Slow query detected on order history catalog lookup"}
{"timestamp":"2026-07-06T00:51:59.606Z","level":"INFO","service":"notification-service","message":"Payment authorization token acquired"}
{"timestamp":"2026-07-06T00:52:11.488Z","level":"WARN","service":"catalog-service","message":"Database connection pool threshold reached (80%)"}
{"timestamp":"2026-07-06T00:52:50.016Z","level":"INFO","service":"catalog-service","message":"User login credentials validated"}
{"timestamp":"2026-07-06T00:53:18.864Z","level":"INFO","service":"cart-service","message":"User login credentials validated"}
{"timestamp":"2026-07-06T00:53:42.745Z","level":"INFO","service":"payment-service","message":"User added item to shopping cart"}
{"timestamp":"2026-07-06T00:54:10.501Z","level":"INFO","service":"notification-service","message":"Sending order email confirmation notification"}
{"timestamp":"2026-07-06T00:54:44.635Z","level":"WARN","service":"payment-service","message":"Database connection pool threshold reached (80%)"}
{"timestamp":"2026-07-06T00:55:07.030Z","level":"INFO","service":"cart-service","message":"Sending order email confirmation notification"}
